processo_id,data_distribuicao,data_ultima_mov,lead_time_days,uf,tipo_acao,valor_causa,risco_cpc25,probabilidade_perda,valor_provisao,custo_defesa,status
PROC-2026-00000,2019-05-22,2025-08-18,2280,SP,Cível - Outros,184166.0,Possível,0.45,92083.0,80503.21,Encerrado
PROC-2026-00001,2019-12-01,2035-04-06,5605,SP,Cível - Outros,168055.29,Provável,0.81,136511.27,202797.12,Ativo
PROC-2026-00002,2016-06-12,2029-12-11,4930,SP,Cível - Indenizatória,188144.78,Provável,0.89,168247.35,328029.28,Ativo
PROC-2026-00003,2018-12-11,2034-11-21,5824,SP,Cível - Execução,457495.09,Possível,0.46,228747.54,347526.98,Encerrado
PROC-2026-00004,2017-07-24,2021-04-14,1360,SP,Cível - Outros,93774.76,Provável,0.87,81294.22,46438.47,Encerrado
PROC-2026-00005,2016-09-24,2026-06-14,3550,SP,Cível - Execução,92594.78,Possível,0.43,46297.39,164958.43,Ativo
PROC-2026-00006,2019-07-06,2025-05-22,2147,SP,Cível - Outros,228309.21,Possível,0.46,114154.61,41861.21,Ativo
PROC-2026-00007,2016-07-10,2023-03-07,2431,SP,Cível - Outros,246134.51,Possível,0.52,123067.25,65220.22,Encerrado
PROC-2026-00008,2018-07-30,2022-01-21,1271,SP,Cível - Outros,68758.34,Provável,0.91,62341.86,68665.16,Encerrado
PROC-2026-00009,2019-10-27,2021-05-23,574,SP,Cível - Outros,131831.31,Provável,0.8,106087.53,10802.56,Encerrado
PROC-2026-00010,2017-04-05,2019-04-01,726,SP,Cível - Outros,452736.23,Possível,0.53,226368.12,25728.88,Ativo
PROC-2026-00011,2015-11-28,2016-09-23,300,SP,Cível - Execução,423767.29,Provável,0.85,358987.43,18067.33,Encerrado
PROC-2026-00012,2018-12-31,2020-09-21,630,SP,Cível - Outros,346790.57,Possível,0.42,173395.29,15483.82,Encerrado
PROC-2026-00013,2019-11-17,2021-12-15,759,SP,Cível - Outros,140655.75,Possível,0.63,70327.87,43276.96,Ativo
PROC-2026-00014,2019-10-07,2021-05-27,598,SP,Cível - Outros,395616.55,Possível,0.42,197808.28,36092.74,Encerrado
PROC-2026-00015,2018-12-06,2020-03-30,480,SP,Cível - Outros,99824.47,Provável,0.75,74911.13,30373.28,Ativo
PROC-2026-00016,2016-11-21,2021-08-03,1716,SP,Cível - Indenizatória,499812.47,Provável,0.85,426688.1,28936.34,Encerrado
PROC-2026-00017,2016-04-09,2025-12-12,3534,SP,Cível - Outros,273792.5,Provável,0.75,204587.4,166604.3,Ativo
PROC-2026-00018,2015-07-30,2017-04-05,615,SP,Cível - Outros,247709.46,Possível,0.39,123854.73,18357.07,Ativo
PROC-2026-00019,2019-05-09,2020-12-24,595,SP,Cível - Outros,412709.74,Provável,0.89,368000.07,31901.86,Encerrado
PROC-2026-00020,2019-10-25,2025-10-03,2170,SP,Cível - Outros,105618.47,Provável,0.75,79508.65,141655.35,Ativo
PROC-2026-00021,2015-11-01,2019-07-13,1350,SP,Cível - Outros,12580.22,Provável,0.77,9655.52,46214.37,Encerrado
PROC-2026-00022,2016-09-28,2019-10-23,1120,SP,Cível - Execução,499183.92,Provável,0.74,369058.98,73959.72,Ativo
PROC-2026-00023,2016-12-31,2018-06-04,520,SP,Cível - Outros,351974.62,Provável,0.79,277036.06,15730.79,Encerrado
PROC-2026-00024,2017-12-19,2022-08-11,1696,SP,Cível - Outros,381480.46,Provável,0.83,316897.58,36763.45,Encerrado
PROC-2026-00025,2016-12-01,2021-08-25,1728,SP,Cível - Outros,363977.85,Possível,0.42,181988.92,97432.51,Ativo
PROC-2026-00026,2015-01-02,2017-12-03,1066,SP,Cível - Outros,347026.28,Possível,0.35,173513.14,69805.58,Ativo
PROC-2026-00027,2016-06-18,2018-08-07,780,SP,Cível - Outros,434918.09,Provável,0.84,363739.11,47817.11,Encerrado
PROC-2026-00028,2015-10-17,2017-07-18,640,SP,Cível - Execução,336766.35,Possível,0.67,168383.18,30882.67,Encerrado
PROC-2026-00029,2015-11-08,2017-03-28,506,SP,Cível - Outros,110813.41,Provável,0.75,83117.98,30065.36,Ativo
PROC-2026-00030,2016-02-06,2019-12-11,1404,SP,Cível - Outros,276556.97,Provável,0.83,230279.16,82724.11,Encerrado
PROC-2026-00031,2018-11-13,2021-04-22,891,SP,Cível - Outros,467932.33,Possível,0.32,233966.16,47031.6,Ativo
PROC-2026-00032,2018-08-26,2019-03-22,208,SP,Cível - Outros,5955.15,Provável,0.93,5543.89,5610.01,Encerrado
PROC-2026-00033,2017-05-20,2020-04-18,1064,SP,Cível - Indenizatória,37619.99,Provável,0.94,35379.07,19865.76,Encerrado
PROC-2026-00034,2018-06-10,2019-02-05,240,SP,Cível - Outros,341076.43,Provável,0.73,249401.09,11974.64,Encerrado
PROC-2026-00035,2016-07-23,2019-04-11,992,SP,Cível - Outros,445776.96,Provável,0.78,346177.9,45898.19,Encerrado
PROC-2026-00036,2015-04-07,2019-06-05,1520,SP,Cível - Execução,122453.41,Provável,0.81,99542.63,53780.46,Encerrado
PROC-2026-00037,2018-01-25,2023-11-28,2133,SP,Cível - Outros,435692.77,Provável,0.92,400919.23,74861.19,Encerrado
PROC-2026-00038,2019-04-21,2023-10-01,1624,SP,Cível - Execução,8926.02,Provável,0.78,6977.29,28766.73,Ativo
PROC-2026-00039,2017-02-06,2019-01-09,702,SP,Cível - Execução,389335.05,Possível,0.47,194667.53,12243.04,Encerrado
PROC-2026-00040,2017-09-06,2024-04-02,2400,SP,Cível - Outros,458423.52,Provável,0.96,441312.99,95148.49,Ativo
PROC-2026-00041,2019-07-29,2020-08-07,375,SP,Cível - Outros,439751.32,Provável,0.91,398793.12,10733.09,Encerrado
PROC-2026-00042,2019-11-12,2021-09-14,672,SP,Cível - Outros,121393.32,Provável,0.95,115459.16,22685.4,Encerrado
PROC-2026-00043,2016-09-25,2021-04-02,1650,SP,Cível - Outros,230436.11,Possível,0.41,115218.06,62254.57,Ativo
PROC-2026-00044,2017-05-28,2019-10-19,874,SP,Cível - Execução,356102.54,Provável,0.81,289315.4,41601.02,Ativo
PROC-2026-00045,2018-03-06,2019-03-16,375,SP,Cível - Outros,88110.33,Provável,0.79,69794.65,11707.31,Encerrado
PROC-2026-00046,2019-03-21,2028-01-13,3220,SP,Cível - Outros,65609.17,Provável,0.91,59888.14,148209.74,Ativo
PROC-2026-00047,2015-06-04,2092-01-30,27999,SP,Trabalhista,317374.8,Provável,0.83,263584.22,1191485.25,Ativo
PROC-2026-00048,2016-12-24,2046-01-21,10620,SP,Cível - Indenizatória,32088.79,Provável,0.71,22767.55,389488.3,Encerrado
PROC-2026-00049,2018-08-19,2022-06-05,1386,SP,Cível - Outros,43342.67,Possível,0.51,21671.34,63897.86,Encerrado
PROC-2026-00050,2017-01-18,2029-03-22,4446,SP,Cível - Execução,130325.19,Provável,0.72,94062.85,289887.2,Encerrado
PROC-2026-00051,2018-06-19,2025-06-15,2553,SP,Cível - Outros,276911.76,Provável,0.82,227206.4,132013.44,Encerrado
PROC-2026-00052,2015-02-13,2026-11-22,4300,SP,Cível - Execução,254059.31,Provável,0.99,251522.15,123149.06,Encerrado
PROC-2026-00053,2018-12-26,2029-07-11,3850,SP,Cível - Outros,386029.69,Provável,0.97,374067.89,157385.31,Ativo
PROC-2026-00054,2015-09-20,2019-06-01,1350,SP,Cível - Outros,348431.24,Possível,0.61,174215.62,28492.41,Encerrado
PROC-2026-00055,2017-07-19,2026-09-05,3335,SP,Cível - Outros,115136.89,Possível,0.38,57568.45,200920.23,Ativo
PROC-2026-00056,2015-12-09,2036-11-02,7634,SP,Cível - Execução,424248.07,Provável,0.75,317437.65,198077.93,Ativo
PROC-2026-00057,2019-06-28,2032-12-25,4929,SP,Cível - Execução,21854.68,Provável,0.91,19987.67,135436.74,Encerrado
PROC-2026-00058,2019-01-31,2024-10-01,2070,SP,Cível - Outros,364604.19,Possível,0.5,182302.09,52555.43,Encerrado
PROC-2026-00059,2016-02-18,2031-09-27,5700,SP,Cível - Execução,149187.77,Provável,0.99,147913.15,151169.24,Ativo
PROC-2026-00060,2015-06-16,2032-11-13,6360,SP,Cível - Execução,360387.8,Provável,0.88,316314.54,152885.08,Ativo
PROC-2026-00061,2016-07-13,2026-05-06,3584,SP,Cível - Outros,34684.28,Provável,0.93,32398.08,70716.75,Encerrado
PROC-2026-00062,2018-07-18,2034-09-02,5890,SP,Cível - Execução,226999.12,Provável,0.99,224503.95,376298.71,Ativo
PROC-2026-00063,2016-06-08,2035-07-31,6992,SP,Cível - Indenizatória,388163.57,Provável,0.93,360399.61,464943.18,Ativo
PROC-2026-00064,2015-07-01,2016-08-10,406,SP,Cível - Execução,251185.33,Possível,0.35,125592.66,20018.79,Ativo
PROC-2026-00065,2018-06-14,2058-04-12,14547,SP,Cível - Execução,199423.1,Provável,0.91,181783.39,882039.48,Ativo
PROC-2026-00066,2017-12-02,2020-02-02,792,SP,Cível - Outros,369027.61,Provável,0.85,315190.21,18398.95,Encerrado
PROC-2026-00067,2016-02-22,2031-11-08,5738,SP,Cível - Outros,348066.48,Provável,0.98,339588.39,294764.26,Encerrado
PROC-2026-00068,2016-08-29,2025-03-23,3128,SP,Cível - Outros,400554.6,Provável,0.99,394904.08,110631.27,Encerrado
PROC-2026-00069,2019-05-26,2020-08-10,442,SP,Cível - Outros,99142.22,Provável,0.75,74520.43,29128.36,Encerrado
PROC-2026-00070,2018-12-01,2025-01-18,2240,SP,Cível - Execução,202522.15,Provável,0.85,171325.0,113282.87,Encerrado
PROC-2026-00071,2016-02-20,2018-09-29,952,SP,Cível - Outros,389141.28,Provável,0.77,301446.19,59741.74,Encerrado
PROC-2026-00072,2015-08-22,2019-07-08,1416,SP,Cível - Outros,447839.08,Provável,0.99,444790.05,89121.68,Encerrado
PROC-2026-00073,2016-07-01,2017-11-03,490,SP,Cível - Outros,135639.51,Provável,0.74,100562.47,10796.82,Encerrado
PROC-2026-00074,2017-05-23,2018-07-02,405,SP,Cível - Outros,73038.92,Provável,0.9,65938.11,25944.46,Encerrado
PROC-2026-00075,2019-10-22,2020-03-20,150,SP,Cível - Outros,356690.49,Provável,0.93,331403.1,5935.56,Encerrado
PROC-2026-00076,2017-05-26,2020-01-23,972,SP,Cível - Outros,174190.73,Possível,0.48,87095.36,58798.79,Encerrado
PROC-2026-00077,2017-09-21,2022-10-01,1836,SP,Cível - Execução,91413.47,Provável,0.74,67890.32,83020.95,Encerrado
PROC-2026-00078,2019-03-19,2021-07-03,837,SP,Cível - Outros,223445.53,Provável,0.75,167446.68,20865.58,Ativo
PROC-2026-00079,2019-03-14,2026-12-31,2849,SP,Cível - Outros,285009.28,Provável,0.86,246376.09,103401.28,Encerrado
PROC-2026-00080,2017-05-06,2018-02-03,273,SP,Cível - Execução,187654.47,Provável,0.71,133204.18,11481.47,Encerrado
PROC-2026-00081,2019-08-20,2020-04-07,231,SP,Cível - Outros,182389.11,Provável,0.91,165742.27,8116.09,Encerrado
PROC-2026-00082,2018-09-27,2019-12-13,442,SP,Cível - Outros,102887.25,Possível,0.37,51443.63,9143.93,Encerrado
PROC-2026-00083,2019-01-26,2022-10-22,1365,SP,Cível - Outros,214194.16,Provável,0.89,190709.39,22909.17,Encerrado
PROC-2026-00084,2016-12-12,2018-08-13,609,SP,Cível - Outros,408399.7,Possível,0.56,204199.85,31709.67,Encerrado
PROC-2026-00085,2018-09-12,2022-12-18,1558,SP,Cível - Outros,218284.32,Provável,0.99,216979.85,58559.84,Encerrado
PROC-2026-00086,2019-01-06,2022-11-10,1404,SP,Cível - Execução,113517.73,Provável,0.96,108630.72,51624.19,Ativo
PROC-2026-00087,2018-04-08,2019-09-02,512,SP,Cível - Outros,395314.3,Provável,0.98,386809.52,30303.76,Encerrado
PROC-2026-00088,2017-12-01,2021-03-03,1188,SP,Cível - Outros,273711.31,Provável,0.97,265650.72,70010.65,Encerrado
PROC-2026-00089,2018-07-31,2023-01-11,1625,SP,Cível - Outros,112101.36,Provável,0.98,110343.84,88553.79,Encerrado
PROC-2026-00090,2017-01-19,2018-01-04,350,SP,Cível - Indenizatória,478439.66,Provável,0.75,357543.36,18986.97,Encerrado
PROC-2026-00091,2017-04-18,2018-02-24,312,SP,Cível - Outros,260833.31,Provável,0.7,183247.5,10667.24,Encerrado
PROC-2026-00092,2017-11-28,2017-12-19,21,RS,Cível - Outros,233669.97,Possível,0.55,116834.98,728.17,Encerrado
PROC-2026-00093,2015-01-18,2019-09-16,1702,SP,Cível - Outros,109398.16,Provável,0.74,80934.94,96637.05,Encerrado
PROC-2026-00094,2018-06-13,2020-07-29,777,SP,Cível - Outros,161970.02,Provável,0.77,125103.61,26377.76,Encerrado
PROC-2026-00095,2016-09-04,2024-07-15,2871,SP,Cível - Outros,146520.26,Possível,0.32,73260.13,64430.16,Ativo
PROC-2026-00096,2015-12-10,2026-03-07,3740,SP,Cível - Outros,209460.77,Provável,0.71,149511.55,137153.35,Ativo
PROC-2026-00097,2017-01-15,2018-03-09,418,SP,Cível - Outros,341888.2,Provável,0.92,313751.76,23069.54,Ativo
PROC-2026-00098,2015-04-13,2018-06-26,1170,SP,Cível - Outros,348978.06,Provável,0.83,289577.79,39019.17,Encerrado
PROC-2026-00099,2015-08-23,2045-05-07,10850,SP,Cível - Execução,88865.77,Provável,0.73,64665.42,679181.14,Ativo
PROC-2026-00100,2017-07-13,2020-08-14,1128,SP,Cível - Execução,402996.81,Possível,0.49,201498.4,54080.27,Encerrado
PROC-2026-00101,2017-08-02,2019-07-05,702,SP,Cível - Outros,245601.16,Possível,0.58,122800.58,26336.17,Encerrado
PROC-2026-00102,2015-05-26,2017-04-05,680,SP,Cível - Outros,228791.03,Provável,0.87,199848.91,28059.08,Encerrado
PROC-2026-00103,2015-06-21,2017-01-16,575,SP,Cível - Outros,107147.97,Provável,0.74,79283.83,19557.11,Encerrado
PROC-2026-00104,2016-08-05,2018-05-30,663,SP,Cível - Execução,312488.29,Provável,0.71,222308.49,34589.96,Encerrado
PROC-2026-00105,2019-11-18,2020-09-07,294,SP,Cível - Outros,262168.78,Possível,0.35,131084.39,10180.46,Encerrado
PROC-2026-00106,2018-06-15,2021-01-15,945,SP,Cível - Execução,494811.06,Provável,0.93,462351.66,37661.61,Ativo
PROC-2026-00107,2019-01-24,2025-03-13,2240,SP,Cível - Outros,404000.6,Provável,0.84,341282.54,117747.99,Encerrado
PROC-2026-00108,2015-02-28,2019-02-23,1456,SP,Cível - Outros,112147.48,Provável,0.84,93650.71,91743.04,Encerrado
PROC-2026-00109,2017-07-17,2020-08-21,1131,SP,Cível - Outros,24828.88,Possível,0.37,12414.44,43107.33,Ativo
PROC-2026-00110,2018-02-24,2021-11-23,1368,SP,Cível - Outros,487542.79,Provável,0.89,434911.66,33467.71,Encerrado
PROC-2026-00111,2019-05-01,2027-09-22,3066,SP,Cível - Outros,69549.18,Provável,0.81,56572.61,171694.35,Ativo
PROC-2026-00112,2015-06-26,2045-07-27,10989,SP,Cível - Outros,107739.05,Provável,0.79,84902.12,567022.66,Ativo
PROC-2026-00113,2015-01-05,2016-07-28,570,RJ,Cível - Outros,476526.95,Possível,0.41,238263.48,37035.86,Encerrado
PROC-2026-00114,2016-06-08,2025-09-13,3384,SP,Cível - Outros,398373.41,Provável,0.88,350871.59,214625.84,Ativo
PROC-2026-00115,2016-11-26,2023-04-07,2323,SP,Cível - Execução,198218.72,Provável,0.75,148111.22,117642.52,Encerrado
PROC-2026-00116,2017-12-04,2019-11-04,700,SP,Cível - Outros,25117.94,Possível,0.31,12558.97,29303.86,Ativo
PROC-2026-00117,2015-09-19,2018-08-25,1071,SP,Cível - Outros,295695.49,Provável,0.73,214610.83,64043.64,Ativo
PROC-2026-00118,2018-06-25,2021-01-30,950,SP,Cível - Outros,71872.42,Possível,0.32,35936.21,38323.79,Encerrado
PROC-2026-00119,2018-03-25,2019-04-03,374,SP,Cível - Outros,408526.17,Provável,0.96,391409.63,8228.04,Encerrado
PROC-2026-00120,2018-11-27,2020-04-28,518,SP,Cível - Outros,417470.03,Possível,0.5,208735.01,17553.34,Encerrado
PROC-2026-00121,2015-12-24,2017-02-28,432,SP,Cível - Outros,175795.83,Provável,0.72,126815.94,9815.1,Encerrado
PROC-2026-00122,2017-10-19,2028-03-13,3798,SP,Cível - Outros,95891.87,Provável,0.91,86805.17,75684.47,Ativo
PROC-2026-00123,2016-02-25,2025-05-20,3372,SP,Cível - Outros,104780.27,Provável,0.81,84442.81,151620.96,Encerrado
PROC-2026-00124,2017-09-27,2018-05-19,234,SP,Cível - Outros,283991.53,Provável,0.95,268774.3,11930.94,Encerrado
PROC-2026-00125,2015-06-13,2018-11-03,1239,SP,Cível - Outros,54588.63,Provável,0.75,41005.22,65812.78,Ativo
PROC-2026-00126,2016-04-11,2020-02-13,1403,SP,Cível - Outros,335186.35,Provável,0.95,318306.95,54189.62,Ativo
PROC-2026-00127,2017-11-15,2018-11-18,368,SP,Cível - Outros,347961.18,Possível,0.31,173980.59,12117.8,Ativo
PROC-2026-00128,2016-01-16,2019-03-31,1170,SP,Cível - Outros,223414.5,Provável,0.97,215595.08,64579.39,Encerrado
PROC-2026-00129,2019-04-16,2020-10-17,550,SP,Cível - Execução,207604.91,Provável,0.98,203945.88,21495.64,Ativo
PROC-2026-00130,2018-09-08,2020-01-07,486,SP,Cível - Outros,75009.97,Provável,0.95,71192.42,25440.28,Ativo
PROC-2026-00131,2018-04-15,2019-01-16,276,SP,Cível - Execução,81270.72,Possível,0.42,40635.36,14759.41,Encerrado
PROC-2026-00132,2019-03-28,2019-11-14,231,SP,Cível - Outros,212906.48,Possível,0.55,106453.24,14061.19,Encerrado
PROC-2026-00133,2019-10-30,2022-03-22,874,SP,Cível - Execução,475110.1,Provável,0.87,413053.09,41935.45,Ativo
PROC-2026-00134,2015-01-22,2017-05-08,837,SP,Cível - Outros,128029.33,Provável,0.8,102540.5,37333.09,Ativo
PROC-2026-00135,2016-02-04,2025-04-17,3360,SP,Cível - Execução,17916.21,Provável,0.81,14446.04,135939.01,Encerrado
PROC-2026-00136,2016-03-06,2019-07-24,1235,SP,Cível - Outros,478223.0,Provável,0.98,469509.05,79352.75,Encerrado
PROC-2026-00137,2017-06-22,2023-02-03,2052,SP,Cível - Execução,74049.3,Provável,0.83,61807.65,65270.65,Ativo
PROC-2026-00138,2017-05-18,2018-12-09,570,SP,Cível - Outros,351418.91,Provável,0.86,301108.47,10316.59,Encerrado
PROC-2026-00139,2015-09-15,2028-02-09,4530,SP,Cível - Outros,441740.14,Provável,0.86,378476.34,279685.87,Ativo
PROC-2026-00140,2018-12-30,2021-03-01,792,SP,Cível - Outros,339171.42,Provável,0.77,261994.05,15996.18,Encerrado
PROC-2026-00141,2015-04-07,2016-11-21,594,SP,Cível - Execução,325568.92,Possível,0.67,162784.46,25367.34,Ativo
PROC-2026-00142,2017-07-09,2021-08-12,1495,SP,Cível - Outros,347455.41,Provável,0.79,274070.01,59254.88,Encerrado
PROC-2026-00143,2018-01-16,2021-05-09,1209,SP,Cível - Indenizatória,278101.37,Provável,0.84,233681.26,35613.21,Encerrado
PROC-2026-00144,2016-03-09,2019-06-02,1180,SP,Cível - Outros,322203.06,Provável,0.72,233330.45,74514.93,Encerrado
PROC-2026-00145,2015-06-23,2020-12-29,2016,SP,Cível - Outros,465208.59,Provável,0.77,359231.05,88976.62,Encerrado
PROC-2026-00146,2015-07-21,2017-11-07,840,SP,Cível - Outros,7915.22,Provável,0.92,7272.72,48109.02,Encerrado
PROC-2026-00147,2015-08-29,2021-05-17,2088,SP,Cível - Outros,458407.49,Provável,0.8,366462.26,113035.81,Ativo
PROC-2026-00148,2018-08-17,2019-11-01,441,SP,Cível - Outros,33735.19,Provável,0.93,31529.63,20118.98,Encerrado
PROC-2026-00149,2018-04-07,2019-02-20,319,SP,Cível - Outros,222965.97,Provável,0.74,164094.87,12774.78,Encerrado
PROC-2026-00150,2016-09-07,2018-03-11,550,SP,Cível - Outros,343328.01,Provável,0.9,310297.81,22716.52,Encerrado
PROC-2026-00151,2016-06-03,2018-04-06,672,SP,Cível - Indenizatória,241839.67,Provável,0.81,196472.51,36882.19,Encerrado
PROC-2026-00152,2018-04-21,2035-03-31,6188,SP,Cível - Outros,190965.18,Possível,0.42,95482.59,380093.34,Ativo
PROC-2026-00153,2015-05-11,2016-12-29,598,SP,Cível - Outros,169127.18,Provável,0.77,130483.89,20143.98,Encerrado
PROC-2026-00154,2017-05-07,2028-12-30,4255,SP,Cível - Execução,54550.07,Provável,0.7,38368.27,235222.59,Ativo
PROC-2026-00155,2016-02-14,2016-12-16,306,SP,Cível - Outros,60524.45,Provável,0.7,42636.23,9476.92,Encerrado
PROC-2026-00156,2018-01-13,2023-07-26,2020,SP,Cível - Outros,106455.92,Possível,0.49,53227.96,129736.48,Encerrado
PROC-2026-00157,2019-11-15,2021-11-04,720,SP,Cível - Outros,185341.68,Provável,0.79,146413.07,28527.74,Encerrado
PROC-2026-00158,2016-12-08,2028-05-24,4185,SP,Cível - Outros,367912.17,Provável,0.92,338755.87,196422.29,Encerrado
PROC-2026-00159,2015-03-22,2023-08-07,3060,SP,Cível - Execução,6916.22,Possível,0.68,3458.11,202640.45,Ativo
PROC-2026-00160,2015-04-26,2019-01-20,1365,SP,Cível - Outros,20671.32,Possível,0.38,10335.66,38352.49,Encerrado
PROC-2026-00161,2019-01-09,2021-06-09,882,SP,Cível - Execução,301884.92,Possível,0.42,150942.46,50118.92,Ativo
PROC-2026-00162,2019-08-07,2021-05-28,660,SP,Cível - Indenizatória,486025.33,Provável,0.95,462158.79,19289.8,Encerrado
PROC-2026-00163,2017-06-13,2021-07-22,1500,SP,Cível - Outros,492899.94,Possível,0.63,246449.97,91586.83,Encerrado
PROC-2026-00164,2016-12-19,2019-01-02,744,SP,Cível - Outros,499030.29,Provável,0.85,424175.58,31204.16,Ativo
PROC-2026-00165,2015-09-26,2022-07-01,2470,SP,Cível - Outros,168058.94,Provável,0.89,149538.82,104791.72,Ativo
PROC-2026-00166,2019-09-03,2021-06-30,666,SP,Cível - Outros,155207.72,Provável,0.79,122370.64,23481.24,Encerrado
PROC-2026-00167,2016-05-30,2024-09-01,3016,SP,Cível - Outros,212572.51,Provável,0.75,159236.07,78473.26,Encerrado
PROC-2026-00168,2015-09-11,2016-08-28,352,SP,Cível - Outros,442845.42,Provável,0.71,313474.49,8406.39,Encerrado
PROC-2026-00169,2015-08-19,2019-09-09,1482,SP,Cível - Indenizatória,343560.25,Provável,0.88,300697.65,58529.62,Encerrado
PROC-2026-00170,2015-02-07,2019-01-07,1430,SP,Cível - Outros,369310.44,Provável,0.76,279941.68,41778.36,Ativo
PROC-2026-00171,2015-05-31,2018-08-31,1188,SP,Cível - Execução,440972.23,Provável,0.7,309585.78,41058.77,Encerrado
PROC-2026-00172,2019-04-18,2022-12-04,1326,SP,Cível - Outros,290174.7,Provável,0.88,254002.4,48893.15,Encerrado
PROC-2026-00173,2015-11-01,2022-02-21,2304,SP,Cível - Outros,311427.55,Possível,0.57,155713.77,70835.3,Ativo
PROC-2026-00174,2015-01-08,2016-07-07,546,SP,Cível - Outros,142389.82,Possível,0.39,71194.91,22230.6,Encerrado
PROC-2026-00175,2018-11-12,2020-09-02,660,SP,Cível - Execução,128209.37,Provável,0.71,91128.89,13244.31,Encerrado
PROC-2026-00176,2018-03-25,2024-12-28,2470,SP,Cível - Outros,101410.27,Provável,0.98,99079.57,155508.0,Encerrado
PROC-2026-00177,2016-10-18,2021-03-26,1620,SP,Cível - Outros,285135.46,Provável,0.92,262424.7,80601.63,Encerrado
PROC-2026-00178,2018-03-03,2029-01-03,3959,SP,Cível - Execução,104398.3,Possível,0.53,52199.15,216686.83,Encerrado
PROC-2026-00179,2018-08-02,2019-06-28,330,SP,Cível - Outros,99425.45,Provável,0.85,84325.52,7800.59,Encerrado
PROC-2026-00180,2018-05-30,2022-11-23,1638,SP,Cível - Outros,336262.89,Provável,0.8,270356.22,56997.15,Ativo
PROC-2026-00181,2019-03-24,2025-06-20,2280,SP,Cível - Outros,322847.83,Provável,0.71,229659.35,97344.73,Ativo
PROC-2026-00182,2016-12-08,2017-10-28,324,RJ,Cível - Execução,361142.77,Possível,0.63,180571.38,5702.52,Encerrado
PROC-2026-00183,2015-09-19,2017-05-19,608,SP,Cível - Outros,150527.04,Possível,0.33,75263.52,34394.24,Encerrado
PROC-2026-00184,2016-09-14,2023-04-14,2403,SP,Cível - Execução,204493.67,Provável,0.83,170124.04,152086.79,Encerrado
PROC-2026-00185,2017-11-02,2028-05-20,3852,SP,Cível - Execução,307407.05,Provável,0.95,292849.47,209190.39,Encerrado
PROC-2026-00186,2019-07-15,2025-08-04,2212,SP,Cível - Outros,400135.66,Provável,0.81,325403.98,104957.95,Ativo
PROC-2026-00187,2016-12-26,2264-07-05,90406,SP,Cível - Outros,253370.76,Provável,0.84,213183.59,5731308.28,Ativo
PROC-2026-00188,2019-08-30,2027-12-10,3024,SP,Cível - Execução,228438.17,Provável,0.83,189107.8,72200.91,Encerrado
PROC-2026-00189,2015-04-17,2018-07-26,1196,SP,Cível - Outros,15191.85,Provável,0.82,12506.51,67022.02,Encerrado
PROC-2026-00190,2015-08-29,2022-04-07,2413,SP,Cível - Outros,470139.53,Provável,0.88,412563.55,78771.13,Ativo
PROC-2026-00191,2019-10-03,2024-07-16,1748,SP,Cível - Outros,173715.71,Provável,0.98,170801.99,41909.88,Encerrado
PROC-2026-00192,2017-10-18,2021-03-21,1250,SP,Cível - Execução,137260.24,Provável,0.8,109865.8,37151.23,Encerrado
PROC-2026-00193,2019-04-18,2021-10-05,901,SP,Cível - Outros,118210.69,Provável,0.87,103377.74,39420.24,Encerrado
PROC-2026-00194,2019-02-07,2027-03-09,2952,SP,Cível - Outros,229193.35,Provável,0.75,172598.38,157454.27,Encerrado
PROC-2026-00195,2016-01-03,2033-09-24,6474,SP,Cível - Outros,262982.26,Provável,0.79,207799.31,410462.94,Ativo
PROC-2026-00196,2016-06-13,2026-11-16,3808,SP,Cível - Outros,119933.45,Provável,0.85,101772.65,136671.02,Encerrado
PROC-2026-00197,2015-12-13,2018-09-28,1020,SP,Cível - Outros,252068.79,Possível,0.53,126034.39,50762.11,Ativo
PROC-2026-00198,2018-12-13,2020-04-20,494,SP,Cível - Outros,459346.54,Provável,0.72,328460.15,27035.1,Encerrado
PROC-2026-00199,2019-08-23,2020-10-28,432,SP,Cível - Outros,23327.98,Provável,0.82,19135.81,19868.07,Encerrado
PROC-2026-00200,2015-07-05,2018-01-08,918,SP,Cível - Indenizatória,369348.58,Provável,0.72,266901.45,23944.2,Encerrado
PROC-2026-00201,2016-12-02,2021-01-06,1496,SP,Cível - Execução,150049.0,Possível,0.4,75024.5,65924.62,Ativo
PROC-2026-00202,2018-02-28,2019-05-14,440,SP,Cível - Outros,84693.05,Provável,0.9,76289.29,19651.4,Encerrado
PROC-2026-00203,2019-09-30,2022-03-20,902,SP,Cível - Outros,327766.86,Provável,0.87,284739.64,37230.62,Encerrado
PROC-2026-00204,2019-09-24,2024-06-29,1740,SP,Trabalhista,37290.89,Possível,0.42,18645.44,46207.19,Ativo
PROC-2026-00205,2019-05-02,2021-10-28,910,SP,Cível - Outros,460477.01,Provável,1.0,459905.95,52358.95,Encerrado
PROC-2026-00206,2019-09-30,2023-05-18,1326,SP,Cível - Outros,358992.04,Possível,0.67,179496.02,51117.2,Ativo
PROC-2026-00207,2015-11-20,2019-02-16,1184,SP,Cível - Outros,308314.71,Provável,0.86,265453.88,51868.72,Encerrado
PROC-2026-00208,2016-01-30,2017-08-07,555,SP,Cível - Outros,40154.32,Possível,0.6,20077.16,26842.5,Ativo
PROC-2026-00209,2018-08-26,2021-01-24,882,SP,Cível - Indenizatória,402125.52,Provável,0.87,351002.25,16377.84,Ativo
PROC-2026-00210,2017-12-22,2022-03-01,1530,SP,Cível - Outros,453706.01,Possível,0.42,226853.01,73764.78,Ativo
PROC-2026-00211,2019-02-28,2020-03-24,390,SP,Cível - Outros,439572.94,Possível,0.57,219786.47,9077.09,Ativo
PROC-2026-00212,2019-05-20,2021-08-03,806,SP,Cível - Outros,152373.51,Provável,0.96,146678.31,32187.51,Ativo
PROC-2026-00213,2019-07-08,2020-07-16,374,SP,Cível - Outros,456101.49,Possível,0.7,228050.75,13202.48,Encerrado
PROC-2026-00214,2015-05-13,2021-11-13,2376,SP,Cível - Outros,322206.08,Provável,0.79,254029.62,87633.06,Ativo
PROC-2026-00215,2018-05-21,2020-09-07,840,SP,Cível - Indenizatória,208202.98,Provável,0.83,172563.27,42433.05,Encerrado
PROC-2026-00216,2015-09-23,2016-08-10,322,SP,Cível - Outros,177068.77,Provável,0.73,130054.43,10221.46,Encerrado
PROC-2026-00217,2017-02-27,2018-07-08,496,SP,Cível - Indenizatória,14941.72,Provável,0.96,14375.75,26819.53,Encerrado
PROC-2026-00218,2018-03-31,2019-04-03,368,SP,Cível - Indenizatória,48482.81,Provável,0.96,46407.12,20364.25,Encerrado
PROC-2026-00219,2015-10-07,2021-08-11,2135,SP,Cível - Outros,136608.91,Possível,0.46,68304.45,92959.16,Ativo
PROC-2026-00220,2019-01-28,2024-12-27,2160,SP,Cível - Outros,15327.26,Possível,0.46,7663.63,45828.01,Encerrado
PROC-2026-00221,2017-08-27,2022-06-12,1750,SP,Cível - Outros,240478.47,Possível,0.65,120239.24,67917.99,Encerrado
PROC-2026-00222,2017-11-26,2022-04-14,1600,SP,Cível - Outros,338286.14,Possível,0.66,169143.07,57522.24,Encerrado
PROC-2026-00223,2015-02-21,2019-07-03,1593,SP,Cível - Outros,224204.91,Possível,0.57,112102.46,71408.01,Ativo
PROC-2026-00224,2018-04-16,2024-01-27,2112,SP,Cível - Outros,19178.86,Possível,0.44,9589.43,69342.13,Encerrado
PROC-2026-00225,2019-09-09,2023-12-23,1566,SP,Cível - Outros,95646.87,Provável,0.79,75882.92,32327.96,Encerrado
PROC-2026-00226,2015-11-10,2019-11-29,1480,SP,Cível - Outros,375602.46,Provável,0.84,315691.04,74103.76,Encerrado
PROC-2026-00227,2016-12-02,2020-10-08,1406,SP,Cível - Indenizatória,161026.19,Provável,0.81,129884.74,60549.66,Encerrado
PROC-2026-00228,2015-12-23,2017-08-23,609,SP,Cível - Outros,125998.3,Possível,0.36,62999.15,16392.38,Encerrado
PROC-2026-00229,2016-08-31,2027-11-16,4094,SP,Cível - Execução,498330.99,Provável,0.96,476700.31,134228.94,Ativo
PROC-2026-00230,2016-02-28,2019-12-15,1386,SP,Cível - Execução,355211.59,Provável,0.73,259313.39,85525.72,Encerrado
PROC-2026-00231,2019-06-29,2025-06-12,2175,SP,Cível - Execução,407386.88,Provável,0.93,379610.43,48265.36,Encerrado
PROC-2026-00232,2016-05-22,2018-12-14,936,SP,Cível - Indenizatória,257669.08,Provável,0.82,211918.17,46555.2,Encerrado
PROC-2026-00233,2018-03-18,2025-02-01,2512,SP,Cível - Execução,456897.07,Provável,0.9,409239.0,140771.06,Ativo
PROC-2026-00234,2016-09-28,2020-10-11,1474,SP,Cível - Execução,123813.93,Provável,0.89,110149.19,94285.55,Ativo
PROC-2026-00235,2016-02-16,2022-07-10,2336,SP,Cível - Execução,220694.97,Provável,0.8,177387.45,81848.2,Encerrado
PROC-2026-00236,2015-04-03,2020-04-21,1845,SP,Cível - Execução,91765.1,Provável,0.95,87624.53,87670.27,Encerrado
PROC-2026-00237,2017-02-25,2025-12-19,3219,SP,Cível - Execução,265245.52,Provável,0.71,187356.82,202355.29,Ativo
PROC-2026-00238,2017-07-04,2034-09-24,6291,SP,Cível - Execução,288944.74,Provável,0.77,223841.84,295654.52,Ativo
PROC-2026-00239,2017-04-22,2024-06-04,2600,SP,Cível - Execução,92196.84,Provável,0.97,89403.85,122061.49,Ativo
PROC-2026-00240,2017-03-30,2028-12-31,4294,SP,Cível - Outros,202961.98,Possível,0.66,101480.99,274001.82,Ativo
PROC-2026-00241,2016-12-12,2021-02-26,1537,SP,Cível - Execução,201951.75,Provável,0.76,153305.77,85258.43,Ativo
PROC-2026-00242,2016-06-09,2022-01-06,2037,SP,Cível - Outros,85069.75,Provável,0.75,63524.07,34142.3,Encerrado
PROC-2026-00243,2019-08-19,2025-12-19,2314,SP,Cível - Outros,51844.43,Provável,0.71,36724.64,40452.06,Ativo
PROC-2026-00244,2016-03-08,2023-10-09,2771,SP,Cível - Execução,83389.46,Provável,0.96,80220.06,79520.83,Ativo
PROC-2026-00245,2018-05-03,2020-10-01,882,SP,Cível - Execução,384220.09,Provável,0.84,322474.92,47939.06,Encerrado
PROC-2026-00246,2016-05-03,2018-06-12,770,SP,Cível - Execução,76316.58,Possível,0.65,38158.29,43211.75,Encerrado
PROC-2026-00247,2018-05-11,2023-03-31,1785,SP,Cível - Indenizatória,440043.2,Provável,0.85,376113.79,37330.15,Encerrado
PROC-2026-00248,2017-07-19,2018-05-30,315,SP,Cível - Outros,339644.98,Possível,0.56,169822.49,16547.95,Encerrado
PROC-2026-00249,2016-11-30,2019-06-13,925,SP,Cível - Outros,10578.35,Possível,0.68,5289.18,57098.06,Encerrado
PROC-2026-00250,2018-07-23,2024-09-01,2232,SP,Cível - Execução,440583.86,Possível,0.41,220291.93,94832.49,Ativo
PROC-2026-00251,2019-05-20,2024-01-04,1690,SP,Cível - Execução,297947.76,Possível,0.59,148973.88,66104.49,Encerrado
PROC-2026-00252,2019-05-05,2021-09-02,851,SP,Cível - Indenizatória,305453.71,Provável,0.95,289581.21,43634.87,Encerrado
PROC-2026-00253,2015-07-13,2021-03-20,2077,SP,Cível - Execução,426700.08,Provável,0.96,408977.61,53841.13,Encerrado
PROC-2026-00254,2019-04-20,2021-10-09,903,SP,Cível - Execução,47575.58,Provável,0.77,36491.16,52751.54,Ativo
PROC-2026-00255,2019-12-03,2021-09-03,640,SP,Cível - Indenizatória,326685.34,Provável,0.89,291424.38,16687.57,Ativo
PROC-2026-00256,2017-06-28,2022-11-02,1953,SP,Cível - Execução,59967.43,Provável,0.79,47172.15,126234.84,Encerrado
PROC-2026-00257,2019-10-28,2021-09-29,702,SP,Cível - Execução,75330.77,Provável,0.94,70639.6,12682.1,Encerrado
PROC-2026-00258,2016-04-10,2023-10-22,2751,SP,Cível - Outros,266831.22,Provável,0.81,217255.5,182844.54,Ativo
PROC-2026-00259,2019-02-22,2020-09-29,585,SP,Cível - Outros,135617.57,Provável,0.78,106018.25,19157.17,Encerrado
PROC-2026-00260,2019-03-14,2034-02-03,5440,SP,Cível - Execução,394064.09,Provável,0.89,351421.16,271194.4,Encerrado
PROC-2026-00261,2018-06-04,2024-01-16,2052,SP,Cível - Outros,342109.95,Provável,0.75,257062.6,136348.09,Encerrado
PROC-2026-00262,2019-03-21,2021-01-09,660,SP,Cível - Outros,7480.48,Possível,0.69,3740.24,16713.68,Encerrado
PROC-2026-00263,2017-03-11,2020-06-11,1188,SP,Cível - Execução,37319.29,Provável,0.77,28741.53,52293.16,Ativo
PROC-2026-00264,2015-09-12,2016-08-13,336,SP,Cível - Outros,201847.61,Provável,0.99,199841.81,8507.54,Encerrado
PROC-2026-00265,2019-11-22,2023-06-01,1287,SP,Cível - Outros,63185.57,Possível,0.55,31592.78,64885.72,Encerrado
PROC-2026-00266,2016-02-22,2022-02-08,2178,SP,Cível - Execução,451026.03,Provável,0.92,415707.24,144733.75,Ativo
PROC-2026-00267,2015-07-16,2017-07-07,722,SP,Cível - Execução,351902.84,Provável,0.73,255897.12,29679.28,Ativo
PROC-2026-00268,2019-09-21,2022-05-14,966,SP,Cível - Execução,164648.32,Provável,0.71,117359.23,61732.23,Encerrado
PROC-2026-00269,2019-01-02,2028-04-06,3382,SP,Cível - Execução,100318.6,Provável,0.83,83647.74,101059.41,Ativo
PROC-2026-00270,2015-07-05,2016-11-10,494,SP,Cível - Execução,359360.13,Possível,0.7,179680.07,31459.55,Ativo
PROC-2026-00271,2019-10-06,2022-01-02,819,SP,Cível - Execução,126081.98,Provável,0.72,90804.84,13992.49,Encerrado
PROC-2026-00272,2016-11-26,2018-04-27,517,SP,Cível - Execução,457506.08,Provável,0.93,425450.71,15931.64,Encerrado
PROC-2026-00273,2019-04-08,2024-09-04,1976,SP,Cível - Execução,113327.18,Provável,0.8,90404.0,43413.68,Encerrado
PROC-2026-00274,2017-07-24,2059-04-07,15232,SP,Cível - Execução,23145.67,Provável,0.85,19752.74,997348.6,Encerrado
PROC-2026-00275,2017-05-30,2021-02-18,1360,SP,Cível - Execução,438518.01,Provável,0.73,322125.31,34095.82,Encerrado
PROC-2026-00276,2019-09-01,2023-06-26,1394,SP,Cível - Indenizatória,161471.08,Provável,0.84,134933.7,40512.71,Encerrado
PROC-2026-00277,2017-04-03,2019-03-24,720,SP,Cível - Outros,334276.17,Possível,0.44,167138.08,26013.19,Encerrado
PROC-2026-00278,2015-11-10,2018-06-13,946,SP,Cível - Execução,431957.99,Provável,0.81,351192.42,46308.14,Encerrado
PROC-2026-00279,2015-05-08,2018-11-28,1300,SP,Cível - Execução,295890.98,Provável,0.8,236746.05,72087.26,Ativo
PROC-2026-00280,2015-11-07,2017-09-17,680,SP,Cível - Outros,343164.92,Provável,0.83,285783.99,18480.93,Encerrado
PROC-2026-00281,2019-10-27,2022-08-12,1020,SP,Cível - Outros,155535.97,Provável,0.9,139384.36,64887.03,Encerrado
PROC-2026-00282,2017-12-17,2024-04-08,2304,SP,Cível - Outros,62749.84,Provável,0.8,50054.42,150457.97,Ativo
PROC-2026-00283,2015-11-22,2020-02-19,1550,SP,Cível - Execução,411143.85,Possível,0.49,205571.92,46705.61,Ativo
PROC-2026-00284,2015-11-23,2016-08-29,280,SP,Cível - Execução,379163.27,Provável,0.99,375471.24,12869.31,Ativo
PROC-2026-00285,2019-05-24,2023-05-13,1450,SP,Cível - Outros,162632.98,Provável,0.76,123458.92,50424.24,Encerrado
PROC-2026-00286,2018-02-16,2020-09-18,945,SP,Cível - Outros,474593.79,Provável,0.85,401649.53,48994.47,Encerrado
PROC-2026-00287,2016-02-20,2023-11-28,2838,SP,Cível - Outros,53315.18,Provável,0.79,41910.83,148103.86,Ativo
PROC-2026-00288,2016-07-09,2019-06-29,1085,SP,Cível - Outros,435970.61,Provável,0.79,345320.55,60756.66,Encerrado
PROC-2026-00289,2019-10-27,2023-04-18,1269,SP,Cível - Outros,135683.69,Provável,0.97,132127.59,60400.61,Encerrado
PROC-2026-00290,2015-02-17,2026-03-27,4056,SP,Cível - Indenizatória,300569.81,Provável,0.85,256095.31,120148.41,Ativo
PROC-2026-00291,2019-06-07,2021-08-29,814,SP,Cível - Outros,169242.37,Possível,0.41,84621.19,44074.38,Encerrado
PROC-2026-00292,2019-05-11,2027-06-16,2958,SP,Cível - Outros,90446.82,Possível,0.69,45223.41,136342.64,Ativo
PROC-2026-00293,2019-05-07,2026-10-25,2728,SP,Cível - Execução,212907.13,Provável,0.8,171034.84,93642.84,Encerrado
PROC-2026-00294,2018-04-05,2020-04-30,756,SP,Cível - Execução,174989.54,Provável,1.0,174165.73,30046.84,Ativo
PROC-2026-00295,2016-04-25,2017-01-25,275,SP,Cível - Outros,200691.14,Provável,0.94,189423.93,16374.9,Encerrado
PROC-2026-00296,2017-06-10,2019-09-04,816,SP,Cível - Execução,473002.2,Provável,0.98,463645.32,47954.46,Ativo
PROC-2026-00297,2017-02-09,2018-08-24,561,SP,Cível - Execução,240446.2,Provável,0.94,225939.31,35951.24,Ativo
PROC-2026-00298,2015-09-28,2020-05-26,1702,SP,Cível - Outros,150327.65,Possível,0.33,75163.82,111186.11,Encerrado
PROC-2026-00299,2017-01-09,2023-06-07,2340,SP,Cível - Execução,67133.22,Provável,0.79,53070.52,90501.87,Encerrado
PROC-2026-00300,2019-03-11,2023-09-04,1638,SP,Cível - Indenizatória,383788.51,Provável,0.83,320240.08,73174.13,Encerrado
PROC-2026-00301,2019-08-30,2027-07-19,2880,SP,Cível - Indenizatória,338326.49,Provável,0.91,309146.72,80286.87,Ativo
PROC-2026-00302,2016-01-05,2017-03-09,429,SP,Cível - Outros,28553.69,Possível,0.49,14276.84,19668.02,Encerrado
PROC-2026-00303,2019-05-06,2020-06-23,414,SP,Cível - Execução,121042.06,Provável,0.81,97452.15,12751.54,Ativo
PROC-2026-00304,2015-07-24,2033-11-14,6688,SP,Cível - Execução,380256.91,Provável,0.95,362681.2,197844.78,Ativo
PROC-2026-00305,2017-09-07,2023-01-31,1972,SP,Cível - Indenizatória,100639.6,Provável,0.99,99731.52,67891.98,Ativo
PROC-2026-00306,2018-09-05,2020-11-29,816,SP,Cível - Execução,229795.8,Provável,0.89,205350.92,45797.92,Encerrado
PROC-2026-00307,2016-04-17,2019-09-29,1260,SP,Cível - Outros,464902.31,Provável,0.79,367445.04,50755.63,Encerrado
PROC-2026-00308,2017-09-29,2022-04-09,1653,SP,Cível - Outros,412155.59,Provável,0.74,304912.75,53533.23,Encerrado
PROC-2026-00309,2017-12-08,2024-11-29,2548,SP,Cível - Execução,22607.73,Provável,0.9,20393.45,133698.03,Encerrado
PROC-2026-00310,2015-09-04,2021-04-09,2044,SP,Cível - Execução,436697.73,Provável,0.9,394348.23,70328.14,Ativo
PROC-2026-00311,2019-11-06,2022-05-04,910,SP,Cível - Outros,5433.34,Provável,0.72,3931.56,50291.67,Encerrado
PROC-2026-00312,2015-11-15,2018-11-02,1083,SP,Cível - Execução,337065.45,Provável,0.79,265851.5,37051.31,Encerrado
PROC-2026-00313,2019-09-26,2021-05-16,598,SP,Cível - Outros,168246.4,Possível,0.59,84123.2,31612.01,Encerrado
PROC-2026-00314,2017-01-02,2023-05-01,2310,SP,Cível - Execução,179438.92,Possível,0.48,89719.46,143744.62,Encerrado
PROC-2026-00315,2017-08-30,2018-01-07,130,SP,Cível - Outros,349122.87,Possível,0.5,174561.44,6247.37,Ativo
PROC-2026-00316,2018-10-29,2020-05-27,576,SP,Cível - Outros,361471.88,Possível,0.58,180735.94,32412.33,Ativo
PROC-2026-00317,2017-01-02,2017-09-11,252,SP,Cível - Outros,28172.88,Provável,0.93,26239.13,6679.27,Encerrado
PROC-2026-00318,2018-06-12,2019-06-19,372,SP,Cível - Execução,113397.01,Provável,0.84,95576.06,23314.24,Ativo
PROC-2026-00319,2019-02-18,2030-12-26,4329,SP,Cível - Execução,133123.08,Provável,0.91,120982.31,131286.76,Encerrado
PROC-2026-00320,2016-08-17,2018-01-03,504,SP,Cível - Outros,219590.76,Possível,0.45,109795.38,22977.34,Encerrado
PROC-2026-00321,2015-05-11,2016-09-08,486,SP,Cível - Outros,45728.46,Possível,0.62,22864.23,11955.48,Encerrado
PROC-2026-00322,2018-08-06,2022-07-07,1431,SP,Cível - Execução,363600.8,Provável,0.77,278724.39,28409.73,Ativo
PROC-2026-00323,2017-11-21,2019-01-24,429,SP,Cível - Execução,272928.65,Provável,0.81,220393.42,21450.68,Ativo
PROC-2026-00324,2018-01-14,2020-01-10,726,SP,Cível - Execução,253612.73,Possível,0.34,126806.37,39027.48,Ativo
PROC-2026-00325,2016-01-23,2022-05-29,2318,SP,Cível - Execução,305530.44,Provável,0.93,283106.85,79358.66,Encerrado
PROC-2026-00326,2016-12-28,2020-09-11,1353,SP,Cível - Execução,287613.04,Provável,0.71,204955.0,74559.34,Ativo
PROC-2026-00327,2018-05-26,2020-09-02,830,SP,Cível - Execução,140014.37,Provável,0.83,116861.16,48195.2,Encerrado
PROC-2026-00328,2015-09-16,2020-04-08,1666,SP,Cível - Execução,371197.45,Provável,0.91,338315.57,107524.15,Encerrado
PROC-2026-00329,2017-08-28,2022-10-28,1887,SP,Cível - Outros,165530.89,Provável,0.86,143132.34,38920.42,Encerrado
PROC-2026-00330,2016-09-06,2017-07-18,315,SP,Cível - Execução,397794.28,Provável,0.79,313033.79,20840.31,Ativo
PROC-2026-00331,2019-06-16,2026-09-17,2650,SP,Cível - Indenizatória,32648.84,Provável,0.91,29589.88,87569.17,Encerrado
PROC-2026-00332,2017-01-21,2018-05-16,480,SP,Cível - Execução,342383.61,Provável,0.99,340177.5,24200.53,Encerrado
PROC-2026-00333,2015-12-19,2021-03-22,1920,SP,Cível - Execução,474742.7,Provável,0.75,354987.36,112059.1,Encerrado
PROC-2026-00334,2018-12-01,2020-01-04,399,SP,Cível - Outros,386127.05,Provável,0.8,307866.43,7627.98,Encerrado
PROC-2026-00335,2017-10-20,2019-01-03,440,SP,Cível - Execução,318477.78,Provável,0.96,306256.25,19040.63,Ativo
PROC-2026-00336,2016-01-16,2018-05-29,864,SP,Cível - Execução,157281.41,Provável,0.94,147262.87,27756.5,Ativo
PROC-2026-00337,2016-07-09,2017-09-02,420,SP,Cível - Indenizatória,28969.75,Provável,0.71,20586.8,13954.29,Encerrado
PROC-2026-00338,2016-06-23,2020-11-05,1596,SP,Cível - Outros,467744.86,Provável,0.75,348722.47,67932.14,Ativo
PROC-2026-00339,2016-12-28,2020-11-01,1404,SP,Cível - Execução,435268.64,Provável,0.73,317857.44,54285.99,Encerrado
PROC-2026-00340,2016-10-29,2020-02-01,1190,SP,Cível - Outros,272732.71,Possível,0.64,136366.35,55116.91,Encerrado
PROC-2026-00341,2019-01-22,2019-10-04,255,SP,Cível - Outros,192963.58,Possível,0.43,96481.79,7531.81,Encerrado
PROC-2026-00342,2017-03-12,2022-04-03,1848,SP,Cível - Execução,237626.59,Provável,0.95,226475.4,93843.77,Encerrado
PROC-2026-00343,2019-05-29,2020-08-19,448,SP,Cível - Outros,131806.73,Possível,0.55,65903.37,14458.2,Encerrado
PROC-2026-00344,2016-08-12,2017-11-05,450,SP,Cível - Execução,163906.27,Provável,0.73,120303.68,19872.37,Encerrado
PROC-2026-00345,2015-02-05,2015-06-15,130,SP,Cível - Outros,47648.65,Possível,0.55,23824.33,6164.09,Encerrado
PROC-2026-00346,2018-08-11,2022-10-26,1537,SP,Cível - Outros,339745.96,Provável,0.95,321470.78,96044.91,Encerrado
PROC-2026-00347,2018-12-14,2024-07-21,2046,SP,Cível - Indenizatória,6557.75,Provável,0.73,4763.42,83842.89,Encerrado
PROC-2026-00348,2016-11-14,2021-05-05,1633,SP,Cível - Outros,36058.13,Provável,0.77,27599.75,101783.77,Encerrado
PROC-2026-00349,2017-05-26,2019-02-15,630,SP,Cível - Outros,19033.99,Possível,0.36,9517.0,39884.34,Encerrado
PROC-2026-00350,2018-12-15,2022-02-13,1156,SP,Cível - Execução,491926.0,Possível,0.35,245963.0,60347.49,Encerrado
PROC-2026-00351,2016-07-07,2017-05-23,320,SP,Cível - Execução,384040.59,Possível,0.34,192020.3,7328.49,Encerrado
PROC-2026-00352,2017-11-17,2019-07-26,616,SP,Cível - Execução,346046.3,Provável,0.89,307095.76,11664.96,Encerrado
PROC-2026-00353,2019-06-26,2021-05-14,688,SP,Cível - Execução,375551.38,Provável,0.81,302420.69,21705.14,Encerrado
PROC-2026-00354,2015-04-17,2138-02-25,44874,SP,Trabalhista,185365.64,Provável,0.73,135014.55,2384021.83,Ativo
PROC-2026-00355,2017-03-07,2030-11-14,5000,SP,Cível - Outros,43751.44,Possível,0.65,21875.72,158250.14,Ativo
PROC-2026-00356,2016-01-27,2027-02-10,4032,SP,Cível - Execução,17050.78,Provável,0.72,12332.2,168672.64,Encerrado
PROC-2026-00357,2019-01-14,2022-09-01,1326,SP,Cível - Indenizatória,18743.95,Provável,0.84,15750.34,31280.7,Encerrado
PROC-2026-00358,2017-02-24,2018-09-17,570,SP,Cível - Outros,207314.65,Provável,0.9,187360.97,23463.06,Ativo
PROC-2026-00359,2018-11-23,2022-07-05,1320,SP,Cível - Execução,75347.78,Provável,0.75,56579.93,61799.35,Ativo
PROC-2026-00360,2017-05-20,2020-09-08,1207,SP,Cível - Execução,82369.22,Provável,0.9,73766.64,50466.25,Encerrado
PROC-2026-00361,2016-02-27,2018-03-22,754,SP,Cível - Indenizatória,411012.86,Provável,0.82,337977.27,15557.83,Ativo
PROC-2026-00362,2018-12-13,2021-07-06,936,SP,Cível - Outros,407120.56,Provável,0.84,341167.08,58197.19,Ativo
PROC-2026-00363,2019-05-13,2019-11-16,187,SP,Cível - Outros,27803.97,Possível,0.55,13901.98,11937.49,Encerrado
PROC-2026-00364,2019-11-12,2029-09-08,3588,SP,Cível - Execução,422890.67,Provável,0.81,343132.88,231465.08,Encerrado
PROC-2026-00365,2017-06-19,2021-12-07,1632,SP,Cível - Execução,30494.22,Possível,0.58,15247.11,47529.8,Ativo
PROC-2026-00366,2019-03-10,2021-06-19,832,SP,Cível - Execução,223526.62,Provável,0.78,174807.82,44622.81,Ativo
PROC-2026-00367,2018-04-06,2020-12-21,990,SP,Cível - Execução,75177.31,Provável,0.82,61332.85,62908.23,Ativo
PROC-2026-00368,2018-05-19,2021-04-17,1064,SP,Cível - Execução,273761.19,Provável,0.95,259294.45,51056.94,Encerrado
PROC-2026-00369,2018-09-20,2021-05-07,960,SP,Cível - Execução,303292.58,Possível,0.69,151646.29,27760.28,Ativo
PROC-2026-00370,2015-10-01,2016-08-06,310,SP,Cível - Execução,414951.37,Possível,0.62,207475.69,15099.03,Encerrado
PROC-2026-00371,2017-09-26,2021-06-07,1350,SP,Cível - Execução,323907.0,Provável,0.81,262699.34,51264.95,Encerrado
PROC-2026-00372,2016-08-26,2020-06-06,1380,SP,Cível - Outros,430198.68,Provável,0.9,385694.26,23964.47,Encerrado
PROC-2026-00373,2019-09-26,2020-12-06,437,SP,Cível - Execução,62743.85,Provável,0.87,54401.85,26275.28,Ativo
PROC-2026-00374,2019-07-31,2033-07-17,5100,SP,Cível - Execução,488148.98,Provável,0.73,358735.91,160948.18,Encerrado
PROC-2026-00375,2015-10-20,2019-04-02,1260,SP,Cível - Execução,68646.27,Provável,0.73,50042.94,71750.69,Encerrado
PROC-2026-00376,2018-04-29,2022-02-19,1392,SP,Cível - Execução,374841.56,Provável,0.83,312969.83,32470.33,Encerrado
PROC-2026-00377,2018-01-29,2020-02-28,760,SP,Cível - Outros,96399.47,Provável,0.76,73567.36,44057.56,Encerrado
PROC-2026-00378,2016-05-22,2017-08-15,450,SP,Cível - Execução,125961.41,Provável,0.86,108549.81,29781.88,Ativo
PROC-2026-00379,2015-07-21,2020-07-14,1820,SP,Cível - Execução,485127.43,Provável,0.83,400315.03,97220.78,Encerrado
PROC-2026-00380,2019-03-30,2022-12-12,1353,SP,Cível - Outros,26816.76,Possível,0.53,13408.38,40094.5,Encerrado
PROC-2026-00381,2015-01-02,2015-10-09,280,SP,Cível - Outros,253661.37,Possível,0.5,126830.68,6884.82,Ativo
PROC-2026-00382,2017-10-06,2018-11-13,403,SP,Cível - Outros,445509.22,Possível,0.54,222754.61,24447.39,Encerrado
PROC-2026-00383,2016-02-29,2018-11-17,992,SP,Cível - Outros,225474.42,Provável,0.79,179074.96,33205.0,Ativo
PROC-2026-00384,2018-12-16,2021-12-08,1088,SP,Cível - Execução,319957.5,Provável,0.85,272961.25,29605.89,Ativo
PROC-2026-00385,2017-05-14,2018-02-26,288,SP,Cível - Indenizatória,103707.08,Possível,0.31,51853.54,7700.38,Encerrado
PROC-2026-00386,2015-01-16,2017-08-09,936,SP,Cível - Execução,235324.83,Provável,0.85,199882.57,60414.25,Encerrado
PROC-2026-00387,2018-07-27,2019-09-08,408,SP,Cível - Outros,80470.78,Possível,0.33,40235.39,24790.52,Encerrado
PROC-2026-00388,2018-03-13,2023-05-17,1891,SP,Cível - Outros,413217.33,Provável,0.72,296542.64,102278.66,Encerrado
PROC-2026-00389,2017-11-02,2022-11-06,1830,SP,Cível - Execução,344144.12,Provável,0.75,256949.48,67624.74,Ativo
PROC-2026-00390,2015-08-21,2017-07-05,684,SP,Cível - Outros,202133.34,Possível,0.33,101066.67,39304.96,Encerrado
PROC-2026-00391,2016-10-10,2019-09-07,1062,SP,Cível - Execução,192392.02,Provável,0.9,172879.2,60223.03,Ativo
PROC-2026-00392,2018-09-12,2028-04-27,3515,SP,Cível - Outros,191895.33,Provável,0.75,143762.31,145262.65,Encerrado
PROC-2026-00393,2017-07-16,2019-09-23,799,SP,Cível - Outros,483497.9,Provável,0.73,351096.36,22354.62,Ativo
PROC-2026-00394,2015-11-19,2016-06-30,224,SP,Cível - Outros,136676.2,Provável,0.98,133756.49,14753.05,Encerrado
PROC-2026-00395,2016-11-01,2020-03-01,1216,SP,Cível - Outros,311318.49,Provável,0.71,220314.36,43798.37,Ativo
PROC-2026-00396,2017-10-13,2018-07-26,286,SP,Cível - Outros,332973.75,Possível,0.33,166486.88,18478.87,Ativo
PROC-2026-00397,2017-03-14,2021-02-21,1440,SP,Cível - Execução,174046.42,Possível,0.48,87023.21,38497.19,Encerrado
PROC-2026-00398,2015-04-03,2018-12-28,1365,SP,Cível - Execução,180328.68,Provável,0.72,129563.06,76175.22,Ativo
PROC-2026-00399,2015-12-01,2017-12-05,735,SP,Cível - Outros,307463.62,Provável,0.95,291757.83,34831.59,Ativo
PROC-2026-00400,2017-01-19,2024-01-04,2541,SP,Cível - Execução,495246.17,Provável,0.91,452316.52,159751.34,Ativo
PROC-2026-00401,2016-02-11,2019-06-13,1218,SP,Cível - Outros,98848.71,Possível,0.6,49424.36,56148.13,Encerrado
PROC-2026-00402,2017-01-22,2020-06-17,1242,SP,Trabalhista,488011.87,Provável,0.96,470739.99,30895.16,Encerrado
PROC-2026-00403,2016-07-08,2016-10-16,100,SP,Cível - Outros,156184.79,Possível,0.62,78092.4,4906.26,Encerrado
PROC-2026-00404,2018-01-01,2024-11-13,2508,SP,Cível - Execução,105627.92,Provável,0.98,103067.07,56474.65,Encerrado
PROC-2026-00405,2017-04-15,2020-03-04,1054,SP,Cível - Execução,109596.68,Provável,0.89,97858.28,46469.44,Encerrado
PROC-2026-00406,2015-01-21,2018-07-31,1287,SP,Cível - Execução,91752.41,Possível,0.5,45876.2,77938.28,Encerrado
PROC-2026-00407,2019-02-20,2027-06-23,3045,SP,Cível - Execução,191108.58,Possível,0.45,95554.29,95103.24,Encerrado
PROC-2026-00408,2015-04-05,2020-10-11,2016,SP,Cível - Execução,272570.8,Possível,0.42,136285.4,77095.38,Ativo
PROC-2026-00409,2019-01-11,2020-02-25,410,SP,Cível - Execução,203180.79,Possível,0.33,101590.4,10940.84,Ativo
PROC-2026-00410,2019-06-24,2021-12-12,902,SP,Cível - Execução,285934.63,Possível,0.6,142967.32,49417.45,Ativo
PROC-2026-00411,2017-12-14,2021-05-27,1260,SP,Cível - Outros,420301.83,Possível,0.48,210150.92,50624.54,Encerrado
PROC-2026-00412,2015-02-26,2018-01-14,1053,SP,Cível - Execução,44646.51,Provável,0.94,41855.98,68925.42,Encerrado
PROC-2026-00413,2017-11-03,2018-02-19,108,SP,Cível - Outros,277755.32,Provável,0.91,253915.57,6467.72,Encerrado
PROC-2026-00414,2015-03-01,2018-12-07,1377,SP,Cível - Execução,463945.92,Provável,0.78,363154.14,27070.56,Ativo
PROC-2026-00415,2017-09-10,2019-03-04,540,SP,Cível - Outros,151734.53,Provável,0.72,109122.57,21598.33,Ativo
PROC-2026-00416,2019-10-07,2024-03-18,1624,SP,Cível - Outros,374388.32,Provável,0.8,298211.26,46682.21,Encerrado
PROC-2026-00417,2019-08-01,2021-05-22,660,SP,Cível - Execução,378628.74,Provável,0.88,334140.15,21349.17,Ativo
PROC-2026-00418,2017-01-07,2020-03-07,1155,SP,Cível - Execução,76348.86,Provável,0.86,65771.02,51238.58,Encerrado
PROC-2026-00419,2019-10-20,2024-02-16,1580,SP,Cível - Execução,346606.64,Provável,0.72,250852.42,73136.02,Ativo
PROC-2026-00420,2017-07-08,2022-07-18,1836,SP,Cível - Execução,360725.43,Provável,0.73,261935.32,47495.71,Encerrado
PROC-2026-00421,2019-01-09,2022-11-12,1403,SP,Cível - Outros,216683.98,Provável,0.93,201213.31,84797.17,Encerrado
PROC-2026-00422,2015-09-13,2019-07-18,1404,SP,Cível - Outros,479647.31,Possível,0.53,239823.65,53399.62,Encerrado
PROC-2026-00423,2017-05-05,2021-04-09,1435,SP,Cível - Outros,370300.67,Provável,0.81,299579.3,80131.51,Encerrado
PROC-2026-00424,2015-10-07,2017-07-14,646,SP,Cível - Outros,493631.88,Provável,0.77,378049.99,36133.71,Encerrado
PROC-2026-00425,2017-12-12,2019-01-06,390,SP,Cível - Execução,369613.6,Provável,0.99,367530.55,19713.34,Encerrado
PROC-2026-00426,2017-06-25,2023-04-07,2112,SP,Cível - Outros,93219.44,Provável,0.85,78923.97,137419.1,Encerrado
PROC-2026-00427,2016-03-07,2018-02-18,713,SP,Cível - Execução,121037.63,Provável,0.94,113673.32,44644.37,Encerrado
PROC-2026-00428,2017-12-19,2019-05-16,513,SP,Cível - Outros,403665.89,Possível,0.54,201832.94,33762.46,Encerrado
PROC-2026-00429,2019-04-11,2022-04-25,1110,SP,Cível - Execução,110593.38,Possível,0.33,55296.69,72384.23,Encerrado
PROC-2026-00430,2015-08-08,2016-10-13,432,SP,Cível - Outros,67221.05,Provável,0.91,61048.56,8965.96,Ativo
PROC-2026-00431,2016-09-13,2025-04-08,3129,SP,Cível - Outros,96731.5,Possível,0.57,48365.75,86899.6,Ativo
PROC-2026-00432,2019-04-10,2023-07-12,1554,SP,Cível - Outros,373988.72,Possível,0.34,186994.36,59808.49,Ativo
PROC-2026-00433,2017-01-08,2017-06-25,168,SP,Cível - Outros,237577.85,Possível,0.54,118788.92,5431.67,Encerrado
PROC-2026-00434,2018-06-18,2019-02-04,231,SP,Cível - Outros,352530.07,Possível,0.53,176265.04,5400.96,Encerrado
PROC-2026-00435,2015-12-01,2018-02-07,799,SP,Cível - Outros,332940.54,Provável,0.93,310923.34,18568.34,Encerrado
PROC-2026-00436,2017-05-30,2020-04-26,1062,SP,Cível - Outros,157170.94,Provável,0.74,116775.09,46312.54,Encerrado
PROC-2026-00437,2017-05-04,2019-03-19,684,SP,Cível - Outros,66260.57,Provável,0.89,59261.58,29290.61,Encerrado
PROC-2026-00438,2017-09-04,2022-09-07,1829,SP,Cível - Execução,264340.32,Provável,0.87,229061.04,100278.6,Encerrado
PROC-2026-00439,2018-03-18,2025-12-21,2835,SP,Cível - Execução,387141.12,Provável,0.9,349287.78,85869.52,Encerrado
PROC-2026-00440,2015-09-25,2016-12-10,442,SP,Cível - Execução,160185.34,Possível,0.32,80092.67,7561.74,Ativo
PROC-2026-00441,2017-06-25,2020-05-26,1066,SP,Cível - Execução,247698.55,Provável,0.88,217137.52,50450.73,Ativo
PROC-2026-00442,2017-09-23,2028-01-11,3762,SP,Cível - Execução,39279.34,Provável,0.99,39041.65,117998.94,Ativo
PROC-2026-00443,2015-09-08,2016-03-18,192,SP,Cível - Outros,154925.07,Possível,0.37,77462.53,12400.49,Encerrado
PROC-2026-00444,2017-09-18,2021-04-08,1298,SP,Cível - Execução,41905.53,Possível,0.5,20952.76,57594.16,Ativo
PROC-2026-00445,2016-05-07,2025-12-02,3496,SP,Cível - Execução,35379.92,Provável,1.0,35233.26,185023.24,Encerrado
PROC-2026-00446,2018-03-13,2023-08-14,1980,SP,Cível - Execução,444454.64,Provável,0.85,379729.1,46990.12,Encerrado
PROC-2026-00447,2018-05-16,2020-12-07,936,SP,Cível - Execução,112830.06,Provável,0.73,82434.01,36710.25,Ativo
PROC-2026-00448,2016-04-20,2018-08-26,858,SP,Cível - Outros,386727.5,Provável,0.79,305979.18,31335.89,Ativo
PROC-2026-00449,2017-02-25,2023-07-24,2340,SP,Cível - Outros,119859.39,Provável,0.86,103301.87,112396.47,Encerrado
PROC-2026-00450,2016-04-03,2028-07-27,4498,SP,Cível - Execução,418678.95,Provável,0.95,398604.16,195710.98,Ativo
PROC-2026-00451,2015-08-06,2017-01-27,540,SP,Cível - Execução,411288.04,Provável,0.85,350227.91,16505.64,Encerrado
PROC-2026-00452,2018-03-24,2022-12-24,1736,SP,Cível - Execução,281684.45,Provável,0.85,239713.66,100810.49,Ativo
PROC-2026-00453,2019-04-03,2023-03-17,1444,SP,Cível - Outros,477807.47,Provável,0.7,335844.56,72278.44,Ativo
PROC-2026-00454,2015-04-06,2018-04-23,1113,SP,Cível - Execução,216021.33,Possível,0.64,108010.67,53771.02,Ativo
PROC-2026-00455,2018-05-29,2022-04-24,1426,SP,Cível - Outros,233699.87,Provável,0.97,227412.17,89168.06,Encerrado
PROC-2026-00456,2016-05-06,2020-07-04,1520,SP,Cível - Outros,263625.0,Provável,0.88,232864.4,72200.63,Encerrado
PROC-2026-00457,2015-07-25,2019-08-18,1485,SP,Cível - Execução,225089.31,Provável,0.78,176364.27,93318.41,Encerrado
PROC-2026-00458,2018-06-09,2019-06-22,378,SP,Cível - Outros,124411.72,Provável,0.86,106753.0,10064.11,Encerrado
PROC-2026-00459,2016-03-09,2018-10-01,936,SP,Cível - Execução,72627.15,Provável,0.99,71694.76,28004.44,Encerrado
PROC-2026-00460,2017-03-31,2021-10-06,1650,SP,Cível - Outros,499418.55,Provável,1.0,497655.08,108729.62,Ativo
PROC-2026-00461,2017-05-16,2024-10-22,2716,SP,Cível - Outros,300402.05,Provável,0.74,221718.73,142872.13,Encerrado
PROC-2026-00462,2017-07-29,2020-02-08,924,SP,Cível - Execução,316209.58,Provável,0.75,237451.44,20169.16,Encerrado
PROC-2026-00463,2016-01-09,2017-04-28,475,SP,Cível - Execução,304018.96,Provável,0.9,272771.9,11037.13,Encerrado
PROC-2026-00464,2019-10-08,2047-02-17,9994,SP,Cível - Outros,487420.79,Possível,0.61,243710.4,495028.41,Ativo
PROC-2026-00465,2018-01-27,2021-04-25,1184,SP,Cível - Outros,362008.64,Possível,0.46,181004.32,78610.92,Encerrado
PROC-2026-00466,2018-07-25,2024-09-27,2256,SP,Cível - Execução,246182.19,Provável,0.85,209299.77,89411.59,Ativo
PROC-2026-00467,2016-09-25,2018-11-02,768,SP,Cível - Execução,383174.25,Possível,0.54,191587.13,19398.34,Encerrado
PROC-2026-00468,2019-01-01,2021-08-20,962,SP,Cível - Execução,225428.83,Possível,0.59,112714.41,29981.9,Encerrado
PROC-2026-00469,2018-10-13,2021-09-26,1079,SP,Cível - Execução,253732.54,Provável,0.99,251466.22,65909.49,Encerrado
PROC-2026-00470,2018-12-21,2024-03-29,1925,SP,Cível - Execução,19209.08,Possível,0.33,9604.54,113482.15,Encerrado
PROC-2026-00471,2018-10-18,2024-11-28,2233,SP,Cível - Outros,331333.97,Provável,0.76,251645.64,51000.72,Ativo
PROC-2026-00472,2018-04-15,2022-02-17,1404,SP,Cível - Execução,129609.33,Provável,0.87,113114.19,43751.0,Encerrado
PROC-2026-00473,2015-09-24,2021-08-09,2146,SP,Cível - Outros,87927.64,Possível,0.48,43963.82,120301.44,Ativo
PROC-2026-00474,2015-03-30,2018-02-02,1040,SP,Cível - Outros,409809.7,Possível,0.51,204904.85,25557.4,Encerrado
PROC-2026-00475,2015-07-25,2020-05-23,1764,SP,Cível - Execução,347002.93,Possível,0.34,173501.47,57187.04,Ativo
PROC-2026-00476,2017-11-02,2019-06-17,592,SP,Cível - Outros,237174.41,Provável,0.98,232433.86,21506.82,Encerrado
PROC-2026-00477,2015-10-10,2019-04-08,1276,SP,Cível - Outros,64064.73,Provável,0.99,63678.19,71790.67,Ativo
PROC-2026-00478,2016-04-28,2021-10-08,1989,SP,Cível - Execução,324014.69,Provável,0.94,305298.52,59285.81,Encerrado
PROC-2026-00479,2019-09-10,2030-12-05,4104,SP,Cível - Outros,390152.41,Provável,0.79,309069.39,272702.14,Ativo
PROC-2026-00480,2015-03-27,2022-06-30,2652,SP,Cível - Outros,490717.14,Provável,0.82,401025.77,145533.09,Encerrado
PROC-2026-00481,2017-07-28,2019-09-20,784,SP,Cível - Outros,185446.46,Provável,0.94,174450.18,46629.48,Encerrado
PROC-2026-00482,2018-11-12,2023-05-20,1650,SP,Cível - Execução,151605.12,Provável,0.72,108472.11,28231.86,Ativo
PROC-2026-00483,2018-12-29,2020-06-03,522,SP,Cível - Execução,80389.43,Provável,0.73,58374.57,15144.3,Ativo
PROC-2026-00484,2015-08-04,2023-02-17,2754,SP,Cível - Execução,131167.64,Provável,0.83,109039.86,78687.57,Encerrado
PROC-2026-00485,2015-12-02,2023-09-15,2844,SP,Cível - Outros,494500.49,Provável,0.71,352277.72,144888.77,Encerrado
PROC-2026-00486,2015-12-19,2017-05-06,504,SP,Cível - Outros,60226.95,Possível,0.49,30113.48,18543.74,Encerrado
PROC-2026-00487,2018-01-26,2020-11-27,1036,SP,Cível - Outros,91582.41,Possível,0.55,45791.21,30252.65,Ativo
PROC-2026-00488,2019-03-15,2025-08-19,2349,SP,Cível - Execução,93425.07,Provável,0.98,91322.97,132051.88,Encerrado
PROC-2026-00489,2019-01-19,2020-08-01,560,SP,Cível - Outros,161216.88,Provável,0.91,146907.35,13496.42,Encerrado
PROC-2026-00490,2016-03-24,2017-07-18,481,SP,Cível - Execução,119932.57,Possível,0.5,59966.28,28269.77,Encerrado
PROC-2026-00491,2018-08-26,2031-04-08,4608,SP,Cível - Execução,450682.9,Provável,0.8,360699.38,273628.22,Encerrado
PROC-2026-00492,2015-08-19,2019-02-10,1271,SP,Cível - Execução,52524.93,Possível,0.32,26262.46,44626.84,Ativo
PROC-2026-00493,2017-06-10,2019-07-02,752,SP,Cível - Execução,189141.41,Provável,0.97,182611.82,17425.04,Ativo
PROC-2026-00494,2015-11-12,2016-10-25,348,SP,Cível - Execução,224516.02,Possível,0.31,112258.01,6848.62,Encerrado
PROC-2026-00495,2016-12-04,2021-01-24,1512,SP,Cível - Outros,124826.89,Provável,0.96,119514.25,88832.09,Ativo
PROC-2026-00496,2016-07-21,2021-06-25,1800,SP,Cível - Outros,480558.93,Provável,0.73,350896.16,66624.54,Encerrado
PROC-2026-00497,2018-09-04,2024-02-09,1984,SP,Cível - Outros,215792.6,Provável,0.74,159410.3,73359.99,Ativo
PROC-2026-00498,2018-03-27,2021-03-31,1100,SP,Cível - Outros,368157.39,Provável,0.74,272926.43,27965.1,Encerrado
PROC-2026-00499,2016-11-09,2028-11-15,4389,SP,Cível - Execução,6229.83,Possível,0.55,3114.92,268127.86,Encerrado
PROC-2026-00500,2019-05-06,2020-09-01,484,SP,Cível - Outros,166725.93,Provável,0.91,152460.35,19382.3,Encerrado
PROC-2026-00501,2016-07-14,2019-10-15,1188,SP,Cível - Execução,16345.55,Provável,0.83,13540.86,21055.04,Encerrado
PROC-2026-00502,2017-04-25,2020-06-23,1155,SP,Cível - Outros,37358.93,Provável,0.96,35781.75,57675.91,Encerrado
PROC-2026-00503,2018-10-08,2020-06-23,624,SP,Cível - Execução,50381.99,Possível,0.66,25190.99,31180.49,Encerrado
PROC-2026-00504,2016-10-01,2018-01-28,484,SP,Cível - Execução,426151.48,Provável,0.93,394582.31,9559.51,Encerrado
PROC-2026-00505,2017-11-12,2020-06-23,954,SP,Cível - Execução,362801.36,Provável,0.77,278240.17,21777.45,Encerrado
PROC-2026-00506,2016-09-26,2022-05-13,2055,SP,Cível - Outros,282407.08,Provável,0.96,272076.13,111901.89,Encerrado
PROC-2026-00507,2018-05-11,2020-10-24,897,SP,Cível - Outros,160174.78,Provável,0.88,140298.61,32587.45,Encerrado
PROC-2026-00508,2019-08-14,2022-04-08,968,SP,Cível - Execução,122041.52,Provável,0.97,118049.02,49824.84,Encerrado
PROC-2026-00509,2018-12-02,2023-11-19,1813,SP,Cível - Execução,442232.96,Possível,0.49,221116.48,37401.81,Ativo
PROC-2026-00510,2018-03-22,2020-06-02,803,SP,Cível - Execução,113100.95,Provável,0.81,91578.03,52458.1,Ativo
PROC-2026-00511,2018-06-09,2019-12-01,540,SP,Cível - Outros,231847.64,Possível,0.41,115923.82,20321.05,Encerrado
PROC-2026-00512,2015-06-19,2026-04-10,3948,SP,Cível - Execução,443750.31,Provável,0.79,350379.95,182392.81,Encerrado
PROC-2026-00513,2018-03-28,2025-01-02,2472,SP,Cível - Execução,377792.59,Provável,0.96,364248.75,136552.23,Encerrado
PROC-2026-00514,2016-08-03,2020-03-25,1330,SP,Cível - Execução,24779.48,Provável,0.87,21636.26,43733.43,Encerrado
PROC-2026-00515,2016-07-01,2018-10-19,840,SP,Cível - Outros,401003.55,Provável,0.85,342532.22,15463.51,Ativo
PROC-2026-00516,2019-03-28,2025-12-25,2464,SP,Cível - Execução,352621.03,Provável,0.78,273913.21,97388.46,Encerrado
PROC-2026-00517,2018-09-27,2020-04-19,570,SP,Cível - Execução,347193.32,Possível,0.41,173596.66,16744.95,Ativo
PROC-2026-00518,2016-06-09,2021-05-27,1813,SP,Cível - Outros,249448.75,Provável,0.76,190687.24,38998.87,Encerrado
PROC-2026-00519,2016-02-06,2016-11-02,270,SP,Cível - Outros,67450.57,Possível,0.66,33725.29,13570.74,Encerrado
PROC-2026-00520,2017-08-09,2038-03-16,7524,SP,Cível - Outros,437772.8,Provável,0.73,321083.29,305267.84,Ativo
PROC-2026-00521,2015-04-26,2032-10-29,6396,SP,Cível - Outros,63555.87,Possível,0.35,31777.94,340109.13,Ativo
PROC-2026-00522,2019-04-08,2020-06-21,440,SP,Cível - Execução,174977.53,Provável,0.82,144277.13,17131.52,Encerrado
PROC-2026-00523,2018-04-30,2020-11-25,940,SP,Cível - Execução,57936.57,Provável,0.78,45341.41,59140.02,Encerrado
PROC-2026-00524,2018-10-20,2020-07-25,644,SP,Cível - Execução,145884.08,Provável,0.77,112841.35,42615.3,Ativo
PROC-2026-00525,2016-01-03,2018-05-20,868,SP,Cível - Outros,322998.14,Provável,0.91,295482.53,18674.31,Ativo
PROC-2026-00526,2017-01-03,2024-02-08,2592,SP,Cível - Outros,43007.82,Provável,0.87,37580.85,143992.54,Ativo
PROC-2026-00527,2019-08-30,2020-12-18,476,SP,Cível - Execução,320186.01,Possível,0.54,160093.0,18404.91,Encerrado
PROC-2026-00528,2015-10-02,2019-04-12,1288,SP,Cível - Outros,465988.59,Provável,0.89,415836.46,49479.32,Encerrado
PROC-2026-00529,2017-10-09,2023-11-19,2232,SP,Cível - Indenizatória,371074.52,Provável,0.95,353770.26,113584.71,Encerrado
PROC-2026-00530,2015-01-09,2027-02-02,4407,SP,Cível - Execução,117004.33,Provável,0.75,88054.3,237106.63,Encerrado
PROC-2026-00531,2018-05-04,2025-04-02,2525,SP,Cível - Outros,383911.69,Provável,0.79,303771.78,149798.68,Encerrado
PROC-2026-00532,2019-04-03,2020-03-04,336,SP,Cível - Outros,219483.9,Possível,0.53,109741.95,7003.74,Encerrado
PROC-2026-00533,2017-12-02,2025-04-24,2700,SP,Cível - Outros,287453.87,Possível,0.42,143726.94,75120.23,Ativo
PROC-2026-00534,2018-03-11,2034-05-21,5915,SP,Cível - Execução,79002.04,Provável,0.8,63219.34,281969.65,Encerrado
PROC-2026-00535,2016-03-26,2017-04-05,375,SP,Cível - Outros,131989.35,Possível,0.51,65994.68,8359.81,Ativo
PROC-2026-00536,2017-11-17,2020-01-24,798,SP,Cível - Outros,186182.16,Possível,0.43,93091.08,35541.95,Encerrado
PROC-2026-00537,2016-12-31,2019-09-07,980,SP,Cível - Execução,391779.97,Provável,0.96,375572.3,51942.53,Encerrado
PROC-2026-00538,2016-09-10,2017-06-17,280,SP,Cível - Outros,211219.7,Possível,0.33,105609.85,6346.81,Encerrado
PROC-2026-00539,2019-03-18,2021-03-07,720,SP,Cível - Indenizatória,195002.93,Provável,0.81,157265.46,12368.05,Encerrado
PROC-2026-00540,2017-05-03,2018-11-14,560,SP,Cível - Outros,299956.37,Provável,0.91,272373.59,34047.16,Encerrado
PROC-2026-00541,2015-12-22,2031-09-07,5738,SP,Cível - Outros,278629.35,Possível,0.47,139314.68,261007.04,Ativo
PROC-2026-00542,2015-06-22,2022-07-09,2574,SP,Cível - Execução,98383.31,Provável,0.83,82049.61,74570.71,Encerrado
PROC-2026-00543,2019-05-31,2025-08-24,2277,SP,Cível - Outros,162815.53,Provável,0.74,120778.54,151087.0,Encerrado
PROC-2026-00544,2019-10-14,2022-07-24,1014,SP,Cível - Execução,438768.51,Provável,0.95,418393.42,45859.73,Encerrado
PROC-2026-00545,2019-02-23,2021-06-23,851,SP,Cível - Execução,152162.63,Provável,0.75,114334.49,33532.09,Encerrado
PROC-2026-00546,2017-07-31,2023-02-05,2015,SP,Cível - Execução,405478.79,Provável,0.77,311220.98,105070.2,Encerrado
PROC-2026-00547,2018-05-11,2023-10-02,1970,SP,Cível - Outros,235449.4,Possível,0.53,117724.7,99514.7,Ativo
PROC-2026-00548,2017-05-17,2022-12-01,2024,SP,Cível - Execução,217321.02,Provável,1.0,216300.55,121007.87,Encerrado
PROC-2026-00549,2015-10-23,2021-01-29,1925,SP,Cível - Outros,475054.68,Provável,0.91,434475.9,125998.86,Encerrado
PROC-2026-00550,2019-02-15,2019-09-11,208,SP,Cível - Outros,402157.92,Possível,0.65,201078.96,7813.86,Encerrado
PROC-2026-00551,2015-08-06,2019-09-10,1496,SP,Cível - Outros,457480.89,Possível,0.55,228740.45,64283.18,Ativo
PROC-2026-00552,2016-08-25,2021-08-24,1825,SP,Cível - Execução,303128.8,Provável,0.79,239017.79,80923.04,Encerrado
PROC-2026-00553,2015-03-01,2015-07-22,143,SP,Cível - Execução,430200.57,Possível,0.3,215100.29,4829.93,Ativo
PROC-2026-00554,2016-06-15,2020-12-03,1632,SP,Cível - Outros,400139.42,Provável,0.76,304676.4,81483.32,Ativo
PROC-2026-00555,2015-02-26,2019-02-10,1445,SP,Trabalhista,432632.24,Possível,0.59,216316.12,77499.12,Ativo
PROC-2026-00556,2018-12-19,2021-04-17,850,SP,Cível - Outros,246678.2,Possível,0.32,123339.1,38957.42,Ativo
PROC-2026-00557,2016-08-21,2017-03-05,196,RS,Cível - Outros,475039.84,Possível,0.45,237519.92,5133.53,Encerrado
PROC-2026-00558,2016-12-11,2032-03-22,5580,SP,Cível - Execução,216253.96,Possível,0.33,108126.98,340382.5,Ativo
PROC-2026-00559,2017-08-29,2018-12-10,468,SP,Cível - Execução,47358.89,Provável,0.95,45129.35,18023.16,Encerrado
PROC-2026-00560,2015-01-27,2016-12-17,690,SP,Cível - Outros,369611.53,Possível,0.48,184805.77,27338.13,Encerrado
PROC-2026-00561,2016-04-05,2019-04-14,1104,SP,Cível - Execução,498477.72,Provável,0.87,432127.75,61480.01,Encerrado
PROC-2026-00562,2017-12-29,2021-01-06,1104,SP,Cível - Execução,12352.58,Provável,0.96,11854.49,55482.32,Encerrado
PROC-2026-00563,2015-04-21,2019-10-09,1632,SP,Cível - Outros,324633.7,Provável,0.88,285394.19,40048.81,Encerrado
PROC-2026-00564,2018-07-02,2025-12-28,2736,SP,Cível - Execução,247208.28,Provável,0.87,215897.42,117485.81,Encerrado
PROC-2026-00565,2015-09-17,2018-03-02,897,SP,Cível - Outros,108209.28,Provável,0.99,107462.83,19154.6,Ativo
PROC-2026-00566,2015-07-30,2018-04-25,1000,SP,Cível - Outros,184536.25,Provável,0.87,160476.78,21317.62,Encerrado
PROC-2026-00567,2017-11-28,2023-02-27,1917,SP,Cível - Outros,118062.59,Possível,0.43,59031.3,55916.95,Encerrado
PROC-2026-00568,2015-07-11,2019-12-29,1632,SP,Cível - Outros,476345.49,Provável,0.85,405813.77,97918.84,Encerrado
PROC-2026-00569,2015-06-04,2019-01-14,1320,SP,Cível - Execução,350099.29,Provável,0.95,333034.25,83547.28,Ativo
PROC-2026-00570,2015-06-17,2019-04-27,1410,SP,Cível - Outros,198021.2,Provável,0.76,151154.61,74354.19,Encerrado
PROC-2026-00571,2016-07-26,2021-05-29,1768,SP,Cível - Indenizatória,78992.58,Provável,0.72,56868.46,112156.65,Encerrado
PROC-2026-00572,2017-04-21,2018-09-16,513,SP,Cível - Execução,266439.2,Provável,0.9,239163.01,22418.0,Ativo
PROC-2026-00573,2015-07-18,2017-01-12,544,SP,Cível - Execução,75620.9,Provável,0.82,61854.04,31874.91,Encerrado
PROC-2026-00574,2017-09-12,2021-08-22,1440,SP,Cível - Execução,394181.6,Possível,0.51,197090.8,92581.31,Ativo
PROC-2026-00575,2015-06-19,2018-10-31,1230,SP,Cível - Execução,302129.38,Provável,0.91,273567.57,70913.23,Encerrado
PROC-2026-00576,2018-09-24,2021-04-26,945,SP,Cível - Outros,467584.14,Provável,0.78,364650.31,54444.93,Encerrado
PROC-2026-00577,2019-04-06,2022-10-03,1276,SP,Cível - Execução,357221.03,Provável,0.79,280583.21,33559.83,Ativo
PROC-2026-00578,2017-05-09,2025-03-28,2880,SP,Cível - Execução,76942.97,Provável,0.94,72423.26,76183.48,Encerrado
PROC-2026-00579,2019-04-17,2022-05-19,1128,SP,Cível - Outros,216044.91,Provável,0.76,164082.18,67713.58,Ativo
PROC-2026-00580,2016-03-23,2024-11-07,3151,SP,Cível - Outros,347479.4,Provável,0.78,271206.48,201213.49,Encerrado
PROC-2026-00581,2016-11-17,2019-10-24,1071,SP,Cível - Outros,146708.86,Provável,0.86,125807.7,39669.85,Encerrado
PROC-2026-00582,2015-03-24,2016-07-16,480,SP,Cível - Execução,290565.75,Provável,0.75,216742.27,28540.2,Ativo
PROC-2026-00583,2018-09-18,2022-07-13,1394,SP,Cível - Outros,149562.95,Provável,0.72,107215.01,83340.55,Encerrado
PROC-2026-00584,2019-10-06,2028-06-02,3162,SP,Cível - Execução,421880.73,Possível,0.48,210940.36,198519.46,Encerrado
PROC-2026-00585,2018-10-14,2022-03-02,1235,SP,Cível - Outros,260879.24,Provável,0.8,209028.45,25153.66,Ativo
PROC-2026-00586,2018-04-19,2025-06-01,2600,SP,Cível - Outros,413257.1,Provável,0.78,321184.15,135591.99,Ativo
PROC-2026-00587,2016-01-04,2017-11-06,672,SP,Cível - Outros,158860.14,Provável,0.74,116787.19,19980.81,Encerrado
PROC-2026-00588,2017-09-22,2019-01-11,476,SP,Cível - Execução,252829.44,Provável,0.85,215161.01,28269.02,Ativo
PROC-2026-00589,2017-06-03,2039-09-27,8151,SP,Cível - Execução,245211.75,Provável,0.73,177865.49,537730.4,Encerrado
PROC-2026-00590,2016-08-03,2023-02-28,2400,SP,Cível - Outros,351945.45,Provável,0.9,317603.88,79511.78,Ativo
PROC-2026-00591,2019-06-29,2030-08-20,4070,SP,Cível - Execução,151770.86,Provável,0.77,116557.06,80420.48,Encerrado
PROC-2026-00592,2018-08-29,2021-06-17,1023,SP,Cível - Execução,19614.17,Provável,0.89,17383.7,64210.72,Encerrado
PROC-2026-00593,2018-09-01,2021-01-02,854,SP,Cível - Execução,131564.28,Possível,0.37,65782.14,37996.39,Ativo
PROC-2026-00594,2017-08-06,2020-12-20,1232,SP,Cível - Outros,122542.57,Provável,0.87,107057.43,76630.19,Encerrado
PROC-2026-00595,2016-03-10,2019-02-22,1079,SP,Cível - Outros,238393.88,Provável,0.75,179592.4,58072.23,Ativo
PROC-2026-00596,2017-05-23,2023-07-15,2244,SP,Cível - Execução,482751.7,Provável,0.9,436152.9,109778.07,Encerrado
PROC-2026-00597,2019-10-01,2022-03-01,882,SP,Cível - Outros,41056.62,Provável,0.78,31928.26,40200.75,Encerrado
PROC-2026-00598,2019-08-31,2024-03-31,1674,SP,Cível - Execução,316828.29,Provável,0.99,312526.11,61573.78,Encerrado
PROC-2026-00599,2017-11-28,2020-04-04,858,SP,Cível - Outros,259126.29,Provável,0.83,213814.79,46529.84,Ativo
PROC-2026-00600,2018-03-06,2023-11-02,2067,SP,Cível - Execução,398107.33,Provável,0.77,307364.25,68246.66,Encerrado
PROC-2026-00601,2016-11-06,2031-02-15,5214,SP,Cível - Execução,27547.67,Possível,0.34,13773.84,219246.38,Ativo
PROC-2026-00602,2018-05-06,2022-05-07,1462,SP,Cível - Outros,468960.52,Provável,0.79,369757.94,37268.89,Encerrado
PROC-2026-00603,2015-07-11,2019-09-05,1517,SP,Cível - Outros,437624.06,Provável,0.76,331646.59,46593.99,Ativo
PROC-2026-00604,2019-06-22,2020-07-06,380,SP,Cível - Outros,491131.75,Provável,0.81,395459.29,9770.28,Encerrado
PROC-2026-00605,2016-09-25,2025-05-07,3146,SP,Cível - Execução,368585.21,Provável,0.86,315259.88,128108.7,Encerrado
PROC-2026-00606,2017-10-02,2025-08-27,2886,SP,Cível - Execução,393911.68,Provável,0.92,360725.49,67941.26,Encerrado
PROC-2026-00607,2019-09-20,2024-10-19,1856,SP,Cível - Indenizatória,244048.53,Provável,0.77,187965.81,80484.36,Encerrado
PROC-2026-00608,2018-09-20,2021-04-22,945,SP,Cível - Execução,83263.6,Provável,0.98,81412.8,53385.55,Encerrado
PROC-2026-00609,2019-04-01,2039-08-22,7448,SP,Cível - Execução,379818.31,Possível,0.59,189909.16,163726.72,Encerrado
PROC-2026-00610,2019-09-17,2025-08-06,2150,SP,Cível - Execução,456597.77,Provável,0.79,359199.02,136856.7,Encerrado
PROC-2026-00611,2018-09-11,2022-06-28,1386,SP,Cível - Execução,308386.7,Provável,0.85,262159.48,61895.03,Encerrado
PROC-2026-00612,2018-02-25,2019-08-23,544,SP,Cível - Execução,235836.98,Possível,0.44,117918.49,31311.32,Encerrado
PROC-2026-00613,2018-11-10,2022-03-16,1222,SP,Cível - Execução,47609.27,Provável,0.95,45337.33,76293.86,Ativo
PROC-2026-00614,2018-09-22,2022-09-19,1458,SP,Cível - Outros,248260.47,Provável,0.91,226685.02,88190.03,Ativo
PROC-2026-00615,2017-03-12,2023-10-25,2418,SP,Cível - Outros,263711.43,Provável,0.94,247004.62,104550.85,Encerrado
PROC-2026-00616,2019-04-21,2028-02-17,3224,SP,Cível - Execução,416904.81,Provável,0.94,393553.39,71891.9,Encerrado
PROC-2026-00617,2016-05-23,2023-05-29,2562,SP,Cível - Execução,71936.52,Possível,0.31,35968.26,47085.87,Ativo
PROC-2026-00618,2019-07-22,2026-09-13,2610,SP,Cível - Outros,232971.6,Possível,0.55,116485.8,76488.59,Ativo
PROC-2026-00619,2017-06-19,2019-05-22,702,SP,Cível - Execução,485010.28,Provável,0.76,367696.58,15116.76,Encerrado
PROC-2026-00620,2015-09-07,2019-12-23,1568,SP,Cível - Outros,453493.21,Provável,0.8,362480.51,75682.61,Ativo
PROC-2026-00621,2018-03-27,2025-11-09,2784,SP,Cível - Execução,493802.76,Provável,0.88,436193.07,74967.07,Encerrado
PROC-2026-00622,2018-05-08,2025-02-25,2485,SP,Cível - Execução,356203.57,Provável,0.72,257921.17,48191.64,Encerrado
PROC-2026-00623,2019-09-10,2024-07-05,1760,SP,Cível - Execução,390531.23,Provável,0.86,334722.32,67462.8,Encerrado
PROC-2026-00624,2019-05-06,2021-10-22,900,SP,Cível - Indenizatória,147417.97,Provável,0.7,103249.48,38925.6,Encerrado
PROC-2026-00625,2019-11-28,2022-01-28,792,SP,Cível - Execução,48570.48,Provável,0.97,47004.59,50395.33,Ativo
PROC-2026-00626,2017-01-12,2019-11-14,1036,SP,Cível - Execução,336898.83,Provável,0.85,287261.62,60616.04,Ativo
PROC-2026-00627,2017-02-20,2023-12-04,2478,SP,Cível - Outros,406961.98,Possível,0.33,203480.99,110300.87,Encerrado
PROC-2026-00628,2016-03-19,2018-09-23,918,SP,Cível - Execução,128832.85,Provável,0.99,127468.05,55003.32,Ativo
PROC-2026-00629,2015-11-21,2020-08-03,1717,SP,Cível - Execução,280779.5,Provável,0.9,252214.87,53518.67,Encerrado
PROC-2026-00630,2016-04-05,2020-08-06,1584,SP,Cível - Execução,251335.22,Provável,0.98,246706.19,48669.08,Encerrado
PROC-2026-00631,2017-09-15,2018-03-14,180,SP,Cível - Outros,136714.71,Provável,0.83,112847.4,10604.56,Encerrado
PROC-2026-00632,2017-05-06,2023-03-21,2145,SP,Cível - Indenizatória,218200.41,Provável,0.9,197182.04,98424.33,Encerrado
PROC-2026-00633,2018-12-28,2028-01-10,3300,SP,Cível - Execução,99562.23,Possível,0.47,49781.11,92411.47,Encerrado
PROC-2026-00634,2018-11-04,2022-08-29,1394,SP,Cível - Execução,184446.53,Possível,0.43,92223.26,60350.59,Ativo
PROC-2026-00635,2016-05-24,2020-06-04,1472,SP,Cível - Execução,271203.78,Provável,0.71,193893.64,79355.1,Ativo
PROC-2026-00636,2015-08-08,2016-04-24,260,SP,Cível - Outros,381410.27,Provável,0.74,283700.12,7536.06,Ativo
PROC-2026-00637,2018-09-09,2024-04-16,2046,SP,Cível - Outros,24240.98,Provável,0.98,23699.08,109679.88,Encerrado
PROC-2026-00638,2018-07-14,2023-05-20,1771,SP,Cível - Execução,58499.72,Possível,0.34,29249.86,64849.51,Encerrado
PROC-2026-00639,2015-05-17,2021-08-13,2280,SP,Cível - Outros,96809.02,Provável,0.85,82449.93,113960.3,Encerrado
PROC-2026-00640,2015-06-03,2023-06-06,2925,SP,Cível - Outros,69521.48,Provável,0.8,55626.03,156175.1,Encerrado
PROC-2026-00641,2018-08-30,2019-07-20,324,SP,Cível - Outros,410263.03,Possível,0.61,205131.51,19401.31,Encerrado
PROC-2026-00642,2018-10-15,2020-11-12,759,SP,Cível - Execução,423171.61,Provável,0.94,399375.26,14639.31,Ativo
PROC-2026-00643,2018-07-31,2025-01-01,2346,SP,Cível - Indenizatória,297025.77,Provável,0.98,290573.04,95829.2,Encerrado
PROC-2026-00644,2015-02-15,2018-01-28,1078,SP,Cível - Outros,458351.58,Provável,0.78,356349.58,42402.12,Ativo
PROC-2026-00645,2016-12-05,2020-12-19,1475,SP,Cível - Execução,90128.78,Provável,0.83,75231.32,35301.64,Ativo
PROC-2026-00646,2015-04-18,2022-02-17,2497,SP,Cível - Execução,325637.65,Provável,0.92,299274.95,165896.04,Ativo
PROC-2026-00647,2016-04-22,2020-10-28,1650,SP,Cível - Execução,405450.98,Provável,0.96,388882.05,81751.99,Encerrado
PROC-2026-00648,2017-05-14,2022-03-16,1767,SP,Cível - Outros,445641.29,Provável,0.95,425502.38,95118.09,Encerrado
PROC-2026-00649,2016-01-26,2021-03-12,1872,SP,Cível - Execução,118880.89,Provável,0.94,111888.16,31300.15,Encerrado
PROC-2026-00650,2015-05-26,2022-01-13,2424,SP,Cível - Execução,354320.18,Provável,1.0,353627.91,59056.24,Encerrado
PROC-2026-00651,2019-09-24,2024-05-20,1700,SP,Cível - Outros,417105.46,Provável,0.71,296875.36,98721.74,Encerrado
PROC-2026-00652,2015-05-16,2021-04-14,2160,SP,Cível - Execução,196713.42,Provável,0.85,166361.36,96668.21,Encerrado
PROC-2026-00653,2016-07-24,2026-02-05,3483,SP,Cível - Execução,399604.81,Provável,0.89,354067.44,225795.13,Ativo
PROC-2026-00654,2018-04-29,2021-10-25,1275,SP,Cível - Execução,6013.43,Provável,0.81,4871.33,52103.37,Encerrado
PROC-2026-00655,2017-10-29,2021-04-22,1271,SP,Cível - Outros,492796.76,Provável,0.99,488525.62,78806.08,Encerrado
PROC-2026-00656,2017-11-14,2019-10-28,713,SP,Cível - Outros,106483.97,Possível,0.44,53241.99,15939.08,Encerrado
PROC-2026-00657,2019-12-04,2021-01-07,400,SP,Cível - Outros,56181.97,Possível,0.65,28090.99,8911.92,Ativo
PROC-2026-00658,2015-03-24,2019-11-23,1705,SP,Cível - Outros,283484.46,Possível,0.33,141742.23,102115.86,Ativo
PROC-2026-00659,2016-10-29,2030-06-16,4978,SP,Cível - Execução,88666.1,Provável,0.99,88003.98,253730.1,Encerrado
PROC-2026-00660,2016-08-23,2032-04-06,5705,SP,Cível - Outros,208442.91,Possível,0.53,104221.45,266619.95,Ativo
PROC-2026-00661,2019-04-01,2022-04-12,1107,SP,Cível - Execução,143602.25,Possível,0.51,71801.12,27069.52,Ativo
PROC-2026-00662,2018-04-19,2020-11-19,945,SP,Cível - Outros,389361.23,Provável,0.82,318383.49,29162.01,Ativo
PROC-2026-00663,2017-08-06,2020-11-15,1197,SP,Cível - Outros,186735.63,Provável,0.9,168161.44,24499.14,Encerrado
PROC-2026-00664,2019-01-28,2023-03-03,1495,SP,Cível - Execução,255748.88,Provável,0.91,232026.16,34837.07,Ativo
PROC-2026-00665,2019-04-01,2021-03-09,708,SP,Cível - Indenizatória,179870.39,Provável,0.83,149540.26,42881.77,Encerrado
PROC-2026-00666,2016-08-20,2017-07-28,342,SP,Cível - Outros,357322.27,Provável,0.74,264762.22,10897.35,Ativo
PROC-2026-00667,2018-07-05,2024-10-31,2310,SP,Cível - Outros,383457.17,Possível,0.35,191728.59,47843.79,Encerrado
PROC-2026-00668,2015-05-04,2019-10-24,1634,SP,Cível - Execução,335147.84,Provável,0.88,293353.52,101388.71,Encerrado
PROC-2026-00669,2018-03-04,2023-10-28,2064,SP,Cível - Execução,44881.52,Provável,0.84,37823.22,115576.77,Encerrado
PROC-2026-00670,2019-02-25,2025-01-09,2145,SP,Cível - Execução,399195.41,Provável,0.88,350318.25,82711.74,Encerrado
PROC-2026-00671,2019-11-12,2031-07-24,4272,SP,Cível - Execução,397356.84,Provável,0.87,347573.93,84680.79,Encerrado
PROC-2026-00672,2015-07-31,2021-08-01,2193,SP,Cível - Execução,330276.4,Provável,0.88,289630.26,108108.2,Encerrado
PROC-2026-00673,2019-09-30,2021-09-01,702,SP,Cível - Execução,6694.61,Provável,0.71,4747.23,38722.27,Ativo
PROC-2026-00674,2019-02-18,2020-04-01,408,SP,Cível - Outros,20818.74,Possível,0.59,10409.37,21372.04,Encerrado
PROC-2026-00675,2017-07-05,2024-08-01,2584,SP,Cível - Execução,222739.25,Provável,0.98,218223.24,73538.91,Ativo
PROC-2026-00676,2019-11-03,2024-08-28,1760,SP,Cível - Outros,334719.7,Provável,0.8,266650.27,37248.28,Encerrado
PROC-2026-00677,2016-05-07,2022-04-06,2160,SP,Cível - Outros,432552.2,Provável,1.0,432421.12,38985.01,Ativo
PROC-2026-00678,2018-05-17,2023-10-18,1980,SP,Cível - Execução,134181.15,Provável,0.92,123524.21,76302.7,Ativo
PROC-2026-00679,2019-01-01,2028-08-29,3528,SP,Cível - Indenizatória,462336.41,Provável,0.96,445120.2,90201.1,Encerrado
PROC-2026-00680,2017-03-14,2020-05-27,1170,SP,Cível - Outros,176700.94,Provável,0.9,159894.96,61684.54,Ativo
PROC-2026-00681,2019-11-10,2024-11-07,1824,SP,Cível - Outros,405935.08,Provável,0.97,392533.61,53723.66,Encerrado
PROC-2026-00682,2018-07-14,2019-02-23,224,SP,Cível - Execução,277513.71,Provável,0.78,215438.04,14292.38,Ativo
PROC-2026-00683,2019-09-20,2032-02-15,4531,SP,Cível - Execução,39857.7,Provável,0.85,33784.38,173324.29,Ativo
PROC-2026-00684,2017-11-17,2019-02-28,468,SP,Cível - Execução,462672.34,Provável,0.95,441767.26,13030.44,Encerrado
PROC-2026-00685,2018-01-12,2019-07-27,561,SP,Cível - Outros,11779.46,Provável,0.79,9300.54,23027.18,Encerrado
PROC-2026-00686,2018-06-26,2019-10-07,468,SP,Cível - Outros,305135.77,Provável,0.8,243419.98,15103.01,Ativo
PROC-2026-00687,2016-09-03,2022-08-27,2184,SP,Cível - Execução,405690.78,Provável,0.92,371831.13,75128.54,Encerrado
PROC-2026-00688,2019-10-09,2020-09-03,330,SP,Cível - Indenizatória,235479.54,Provável,0.79,185258.58,7372.71,Encerrado
PROC-2026-00689,2015-09-07,2021-04-02,2034,SP,Cível - Execução,109861.29,Provável,0.77,84221.4,67587.51,Ativo
PROC-2026-00690,2017-09-17,2021-05-09,1330,SP,Cível - Outros,489670.13,Possível,0.43,244835.06,28411.6,Encerrado
PROC-2026-00691,2019-06-07,2022-09-19,1200,SP,Cível - Execução,445818.42,Possível,0.51,222909.21,36087.8,Encerrado
PROC-2026-00692,2018-06-27,2032-06-28,5115,SP,Cível - Execução,397082.75,Possível,0.43,198541.38,139678.28,Encerrado
PROC-2026-00693,2017-04-16,2021-07-04,1540,SP,Cível - Outros,196498.39,Provável,0.92,181468.92,56868.91,Encerrado
PROC-2026-00694,2017-03-26,2019-05-27,792,SP,Cível - Outros,379536.84,Possível,0.55,189768.42,16293.13,Encerrado
PROC-2026-00695,2016-04-14,2021-10-07,2002,SP,Cível - Execução,307489.79,Provável,0.97,298267.38,83110.35,Encerrado
PROC-2026-00696,2019-11-19,2026-06-27,2412,SP,Cível - Execução,59821.78,Provável,0.92,55211.96,101740.18,Ativo
PROC-2026-00697,2016-06-22,2019-04-22,1034,SP,Cível - Execução,435449.23,Provável,0.97,422266.75,61806.58,Ativo
PROC-2026-00698,2019-05-12,2025-12-20,2414,SP,Cível - Indenizatória,281922.42,Provável,0.73,206495.95,44086.48,Ativo
PROC-2026-00699,2017-06-19,2019-03-29,648,SP,Cível - Outros,37429.66,Provável,0.72,27100.2,38786.39,Ativo
PROC-2026-00700,2019-08-04,2023-01-27,1272,SP,Cível - Execução,363904.63,Provável,0.99,362001.36,72926.74,Encerrado
PROC-2026-00701,2016-01-23,2021-11-22,2130,SP,Cível - Outros,202309.79,Provável,0.85,171987.43,49645.01,Encerrado
PROC-2026-00702,2016-12-29,2019-05-24,876,SP,Cível - Execução,207797.82,Provável,0.78,161305.19,51472.81,Encerrado
PROC-2026-00703,2019-11-20,2023-04-15,1242,SP,Cível - Execução,133511.93,Possível,0.4,66755.96,59206.83,Encerrado
PROC-2026-00704,2018-09-03,2020-09-22,750,SP,Cível - Execução,437580.02,Provável,0.73,317296.56,16697.99,Encerrado
PROC-2026-00705,2017-03-20,2021-06-27,1560,SP,Cível - Execução,485980.69,Provável,0.77,371801.92,44257.48,Ativo
PROC-2026-00706,2019-09-30,2025-01-03,1922,SP,Cível - Outros,58722.34,Possível,0.55,29361.17,95353.24,Encerrado
PROC-2026-00707,2017-08-16,2020-07-31,1080,SP,Cível - Outros,83998.07,Provável,0.72,60458.9,55009.94,Encerrado
PROC-2026-00708,2018-06-04,2022-05-30,1456,SP,Cível - Outros,459357.9,Provável,0.94,430425.99,42678.53,Ativo
PROC-2026-00709,2016-08-14,2018-09-03,750,SP,Cível - Execução,34156.9,Possível,0.34,17078.45,22672.62,Ativo
PROC-2026-00710,2016-07-16,2018-07-24,738,SP,Cível - Execução,260150.92,Provável,0.88,229874.76,27524.37,Ativo
PROC-2026-00711,2017-07-09,2018-04-21,286,SP,Cível - Execução,266216.87,Possível,0.64,133108.43,7188.81,Encerrado
PROC-2026-00712,2016-11-14,2020-01-22,1164,SP,Cível - Execução,164525.61,Possível,0.4,82262.8,61184.13,Ativo
PROC-2026-00713,2017-05-13,2019-10-26,896,SP,Cível - Indenizatória,432887.09,Possível,0.44,216443.55,24939.35,Encerrado
PROC-2026-00714,2017-01-24,2020-10-05,1350,SP,Cível - Execução,345522.05,Provável,0.86,296730.28,60305.63,Ativo
PROC-2026-00715,2017-01-13,2021-10-25,1746,SP,Cível - Outros,480149.34,Possível,0.31,240074.67,112008.23,Ativo
PROC-2026-00716,2015-04-02,2017-07-20,840,SP,Cível - Outros,353706.71,Provável,0.78,274680.56,37058.52,Ativo
PROC-2026-00717,2016-09-03,2019-12-05,1188,SP,Cível - Outros,451377.81,Provável,0.84,379672.57,44296.76,Ativo
PROC-2026-00718,2019-10-23,2025-06-05,2052,SP,Cível - Execução,130994.17,Provável,0.73,95215.8,55706.22,Encerrado
PROC-2026-00719,2019-11-28,2028-01-20,2975,SP,Cível - Outros,397518.14,Possível,0.39,198759.07,140483.93,Ativo
PROC-2026-00720,2018-12-25,2023-11-11,1782,SP,Cível - Outros,390970.25,Provável,0.7,273978.56,58752.66,Encerrado
PROC-2026-00721,2017-02-15,2024-11-20,2835,SP,Cível - Indenizatória,358466.71,Provável,0.74,266570.37,105291.35,Encerrado
PROC-2026-00722,2018-02-02,2023-01-31,1824,SP,Cível - Outros,368147.46,Provável,0.82,302871.42,73147.74,Encerrado
PROC-2026-00723,2018-04-14,2020-11-21,952,SP,Cível - Indenizatória,55054.95,Provável,0.82,45202.29,29828.9,Encerrado
PROC-2026-00724,2019-02-01,2029-10-12,3906,SP,Cível - Execução,241409.92,Provável,0.91,219864.97,110911.98,Encerrado
PROC-2026-00725,2015-09-25,2017-06-16,630,SP,Cível - Outros,137919.51,Provável,0.98,135842.51,28885.4,Ativo
PROC-2026-00726,2017-03-21,2020-01-11,1026,SP,Cível - Execução,477743.46,Provável,0.86,411769.97,37349.08,Ativo
PROC-2026-00727,2018-09-13,2023-06-27,1748,SP,Cível - Execução,359975.14,Provável,0.71,254157.9,71134.19,Encerrado
PROC-2026-00728,2018-07-22,2019-05-24,306,SP,Cível - Execução,179444.83,Possível,0.38,89722.42,14951.94,Encerrado
PROC-2026-00729,2016-06-30,2018-09-24,816,SP,Cível - Execução,312876.37,Provável,0.89,277889.11,32011.38,Encerrado
PROC-2026-00730,2019-02-20,2019-09-28,220,SP,Cível - Execução,213828.64,Possível,0.57,106914.32,12414.78,Ativo
PROC-2026-00731,2018-08-15,2022-03-07,1300,SP,Cível - Execução,28061.64,Possível,0.39,14030.82,40270.42,Ativo
PROC-2026-00732,2016-10-08,2022-05-30,2060,SP,Cível - Execução,161291.81,Provável,0.9,144428.47,108084.68,Ativo
PROC-2026-00733,2017-04-04,2018-01-14,285,SP,Cível - Execução,469330.81,Possível,0.36,234665.4,15759.97,Encerrado
PROC-2026-00734,2015-08-14,2020-08-23,1836,SP,Cível - Outros,244366.37,Provável,0.85,207281.48,69105.38,Encerrado
PROC-2026-00735,2017-07-17,2029-02-02,4218,SP,Cível - Outros,414020.2,Possível,0.64,207010.1,107247.66,Ativo
PROC-2026-00736,2017-04-15,2018-12-08,602,SP,Cível - Outros,339117.42,Provável,0.85,289656.74,30406.43,Ativo
PROC-2026-00737,2018-07-20,2032-03-23,4995,SP,Cível - Execução,291595.67,Provável,0.91,265575.6,105776.12,Encerrado
PROC-2026-00738,2017-11-13,2024-10-25,2538,SP,Cível - Execução,45707.11,Provável,0.84,38516.67,61383.86,Encerrado
PROC-2026-00739,2018-09-15,2024-11-04,2242,SP,Cível - Execução,141528.45,Provável,0.92,129544.46,52512.46,Encerrado
PROC-2026-00740,2015-07-09,2017-12-07,882,SP,Cível - Outros,264173.42,Provável,0.77,202590.43,18850.27,Encerrado
PROC-2026-00741,2018-12-25,2023-08-01,1680,SP,Cível - Execução,235709.83,Provável,0.91,213759.33,73871.52,Encerrado
PROC-2026-00742,2019-08-22,2020-11-28,464,SP,Cível - Execução,244524.8,Possível,0.65,122262.4,20551.1,Encerrado
PROC-2026-00743,2019-03-11,2026-11-17,2808,SP,Trabalhista,297135.02,Provável,0.76,224523.49,160174.18,Encerrado
PROC-2026-00744,2018-02-04,2021-05-23,1204,SP,Cível - Outros,164347.47,Provável,0.87,142774.22,78562.28,Ativo
PROC-2026-00745,2015-11-21,2020-02-18,1550,SP,Cível - Execução,15458.21,Provável,0.79,12206.7,99851.04,Encerrado
PROC-2026-00746,2016-04-02,2023-02-25,2520,SP,Cível - Outros,150876.53,Provável,0.89,134645.44,97847.85,Encerrado
PROC-2026-00747,2016-10-02,2022-07-03,2100,SP,Cível - Outros,366114.09,Provável,0.82,299454.2,105800.69,Encerrado
PROC-2026-00748,2019-05-20,2022-03-19,1034,SP,Cível - Outros,315411.75,Possível,0.64,157705.88,63789.28,Encerrado
PROC-2026-00749,2016-11-01,2023-02-14,2296,SP,Cível - Outros,386320.15,Provável,0.75,290011.94,54103.58,Ativo
PROC-2026-00750,2016-07-06,2022-11-06,2314,SP,Cível - Execução,241984.99,Provável,0.84,202283.4,101119.8,Ativo
PROC-2026-00751,2017-03-17,2020-01-04,1023,SP,Cível - Execução,174552.13,Provável,0.86,149984.03,30788.84,Ativo
PROC-2026-00752,2018-05-29,2023-06-28,1856,SP,Cível - Execução,333194.49,Provável,0.71,237254.24,103164.57,Encerrado
PROC-2026-00753,2019-02-06,2022-06-22,1232,SP,Cível - Execução,209050.78,Provável,0.88,184946.83,25849.45,Encerrado
PROC-2026-00754,2015-01-26,2021-01-19,2185,SP,Cível - Outros,303124.99,Provável,0.85,256404.55,53916.06,Encerrado
PROC-2026-00755,2018-02-01,2029-05-24,4130,SP,Cível - Execução,108763.23,Possível,0.56,54381.62,104638.97,Encerrado
PROC-2026-00756,2015-02-20,2022-10-29,2808,SP,Cível - Execução,391670.03,Provável,0.8,313798.49,149092.15,Encerrado
PROC-2026-00757,2018-06-08,2020-11-24,900,SP,Cível - Outros,395869.63,Provável,0.74,293190.77,46827.24,Ativo
PROC-2026-00758,2018-06-19,2021-06-23,1100,SP,Cível - Outros,349329.65,Provável,1.0,349145.68,69130.5,Encerrado
PROC-2026-00759,2015-08-15,2023-09-12,2950,SP,Cível - Outros,242570.53,Possível,0.32,121285.27,164129.87,Encerrado
PROC-2026-00760,2017-09-19,2022-02-05,1600,SP,Cível - Execução,227716.0,Provável,0.81,183986.27,49194.81,Encerrado
PROC-2026-00761,2019-09-01,2026-02-12,2356,SP,Cível - Execução,270739.22,Provável,0.71,193386.48,97205.13,Ativo
PROC-2026-00762,2019-07-20,2026-09-05,2604,SP,Cível - Outros,451279.41,Provável,0.83,372313.54,166930.67,Encerrado
PROC-2026-00763,2016-08-06,2018-09-24,779,SP,Cível - Outros,397965.11,Provável,0.71,281783.61,26014.75,Ativo
PROC-2026-00764,2018-10-20,2021-10-04,1080,SP,Cível - Outros,50815.78,Provável,0.74,37727.97,49925.34,Encerrado
PROC-2026-00765,2017-08-24,2025-03-20,2765,SP,Cível - Execução,81707.55,Provável,0.71,58065.13,87396.63,Ativo
PROC-2026-00766,2016-06-26,2019-01-18,936,SP,Cível - Execução,241769.94,Provável,0.93,225148.16,42568.7,Ativo
PROC-2026-00767,2015-06-03,2034-03-31,6876,SP,Cível - Outros,490428.32,Provável,0.82,403321.49,252506.82,Ativo
PROC-2026-00768,2017-09-26,2028-10-03,4025,SP,Cível - Outros,284994.03,Provável,0.76,217926.15,100402.02,Ativo
PROC-2026-00769,2017-08-04,2029-12-30,4531,SP,Cível - Execução,133981.37,Provável,0.96,128901.86,138918.47,Ativo
PROC-2026-00770,2016-02-17,2017-04-24,432,SP,Cível - Execução,260357.19,Possível,0.56,130178.6,22738.97,Encerrado
PROC-2026-00771,2017-11-04,2025-05-02,2736,SP,Cível - Execução,453177.1,Provável,0.85,384945.59,166475.31,Encerrado
PROC-2026-00772,2015-11-20,2017-11-04,715,SP,Cível - Outros,354304.76,Provável,0.9,319398.88,16944.33,Encerrado
PROC-2026-00773,2015-07-24,2016-10-08,442,SP,Cível - Outros,69945.02,Provável,1.0,69678.09,14396.48,Encerrado
PROC-2026-00774,2019-07-04,2027-09-17,2997,SP,Cível - Outros,310189.69,Provável,0.79,243789.43,141586.77,Ativo
PROC-2026-00775,2016-05-10,2036-11-07,7486,SP,Cível - Execução,187160.05,Provável,0.82,153019.86,398305.34,Encerrado
PROC-2026-00776,2018-01-02,2020-04-09,828,SP,Cível - Execução,386460.99,Provável,0.97,374701.5,23286.29,Ativo
PROC-2026-00777,2016-12-28,2023-08-12,2418,SP,Cível - Indenizatória,237467.5,Provável,0.82,194475.35,86079.08,Encerrado
PROC-2026-00778,2016-09-02,2023-04-17,2418,SP,Cível - Execução,141512.67,Provável,0.86,121349.63,160192.96,Encerrado
PROC-2026-00779,2018-07-20,2024-09-06,2240,SP,Cível - Execução,495294.87,Provável,0.72,357959.23,76141.85,Encerrado
PROC-2026-00780,2015-06-25,2024-01-20,3131,SP,Cível - Execução,61563.56,Provável,0.85,52396.98,102419.78,Encerrado
PROC-2026-00781,2017-05-29,2019-02-12,624,SP,Cível - Outros,196588.91,Provável,0.72,140994.4,33535.53,Encerrado
PROC-2026-00782,2017-02-08,2020-11-07,1368,SP,Cível - Outros,178571.32,Provável,0.72,129287.42,62723.01,Encerrado
PROC-2026-00783,2016-03-04,2019-02-03,1066,SP,Cível - Execução,285400.72,Provável,0.93,266608.53,28806.13,Encerrado
PROC-2026-00784,2016-10-30,2020-12-28,1520,SP,Cível - Outros,23292.9,Possível,0.64,11646.45,85142.82,Encerrado
PROC-2026-00785,2019-08-16,2026-06-04,2484,SP,Cível - Execução,102539.7,Provável,0.92,94680.37,43284.73,Encerrado
PROC-2026-00786,2016-07-18,2018-06-07,689,SP,Cível - Execução,456448.27,Possível,0.62,228224.13,33622.87,Ativo
PROC-2026-00787,2016-07-07,2018-09-07,792,SP,Cível - Execução,322845.95,Provável,0.99,318354.52,22533.81,Encerrado
PROC-2026-00788,2018-08-30,2020-02-11,530,SP,Cível - Execução,386940.05,Provável,0.75,291038.88,11803.8,Encerrado
PROC-2026-00789,2018-05-05,2019-12-18,592,SP,Cível - Execução,140185.37,Provável,0.97,135613.18,27585.75,Ativo
PROC-2026-00790,2018-11-20,2020-04-23,520,SP,Cível - Execução,149911.75,Possível,0.66,74955.88,26774.23,Encerrado
PROC-2026-00791,2017-03-22,2022-05-22,1887,SP,Cível - Outros,387697.93,Provável,0.88,343074.9,87234.17,Encerrado
PROC-2026-00792,2015-04-13,2017-01-23,651,SP,Cível - Execução,123455.09,Provável,0.98,120936.35,17028.44,Ativo
PROC-2026-00793,2016-08-03,2021-09-27,1881,SP,Cível - Execução,469774.51,Provável,0.76,357210.33,86463.94,Ativo
PROC-2026-00794,2016-01-26,2021-03-28,1888,SP,Cível - Outros,51048.16,Possível,0.63,25524.08,50261.18,Encerrado
PROC-2026-00795,2015-04-07,2016-11-03,576,SP,Cível - Execução,15775.31,Provável,0.95,15007.01,30591.48,Ativo
PROC-2026-00796,2018-06-23,2023-09-01,1896,SP,Cível - Execução,320348.65,Provável,0.8,255207.36,43911.52,Encerrado
PROC-2026-00797,2019-03-02,2020-10-11,589,SP,Cível - Execução,176311.71,Possível,0.6,88155.85,15370.28,Encerrado
PROC-2026-00798,2018-06-23,2021-02-27,980,SP,Cível - Execução,498535.92,Provável,0.75,375081.81,55836.55,Encerrado
PROC-2026-00799,2016-01-02,2020-10-06,1739,SP,Cível - Execução,417137.16,Provável,0.7,292882.0,45466.15,Encerrado
PROC-2026-00800,2017-09-18,2025-05-27,2808,SP,Cível - Outros,221962.46,Possível,0.46,110981.23,128045.42,Encerrado
PROC-2026-00801,2015-12-23,2017-07-20,575,SP,Cível - Execução,376114.83,Provável,0.86,325184.14,27303.65,Ativo
PROC-2026-00802,2019-07-05,2024-08-03,1856,SP,Cível - Outros,24142.46,Provável,0.94,22782.83,111543.06,Encerrado
PROC-2026-00803,2018-02-13,2021-07-27,1260,SP,Cível - Outros,337297.25,Provável,0.83,279916.22,39419.16,Encerrado
PROC-2026-00804,2015-09-20,2018-09-28,1104,SP,Cível - Outros,280028.07,Provável,0.83,232446.47,71219.47,Ativo
PROC-2026-00805,2019-10-27,2030-03-03,3780,SP,Cível - Execução,345426.09,Possível,0.38,172713.05,70428.05,Ativo
PROC-2026-00806,2015-04-06,2022-10-18,2752,SP,Cível - Execução,497235.08,Provável,0.91,451785.87,49370.49,Ativo
PROC-2026-00807,2019-03-27,2021-11-11,960,SP,Cível - Outros,382389.74,Provável,0.8,304411.58,46488.64,Ativo
PROC-2026-00808,2019-07-28,2023-05-28,1400,SP,Cível - Outros,185057.53,Possível,0.46,92528.77,49690.29,Ativo
PROC-2026-00809,2019-11-16,2027-04-28,2720,SP,Cível - Execução,74309.28,Provável,0.82,60663.76,77953.09,Encerrado
PROC-2026-00810,2017-02-21,2033-01-18,5810,SP,Cível - Execução,128071.33,Provável,0.72,91577.48,111930.63,Ativo
PROC-2026-00811,2019-03-20,2022-05-23,1160,SP,Cível - Execução,132948.86,Provável,0.79,105411.66,41266.74,Ativo
PROC-2026-00812,2017-05-09,2020-02-11,1008,SP,Cível - Execução,11271.15,Provável,0.73,8247.91,51917.95,Encerrado
PROC-2026-00813,2018-08-12,2024-01-13,1980,SP,Cível - Execução,48050.36,Provável,0.84,40373.98,94202.23,Encerrado
PROC-2026-00814,2018-08-25,2020-10-15,782,SP,Cível - Outros,371445.24,Provável,0.89,332144.88,32963.65,Encerrado
PROC-2026-00815,2018-09-08,2022-03-18,1287,SP,Cível - Execução,85338.66,Provável,0.86,73448.74,85005.9,Ativo
PROC-2026-00816,2018-04-26,2029-09-13,4158,SP,Cível - Outros,418972.11,Provável,0.75,312270.56,86359.24,Encerrado
PROC-2026-00817,2017-10-14,2020-06-20,980,SP,Cível - Outros,323697.21,Provável,0.92,296968.23,43554.56,Encerrado
PROC-2026-00818,2015-07-14,2017-03-07,602,SP,Cível - Outros,434492.19,Provável,0.77,335625.03,39096.31,Encerrado
PROC-2026-00819,2015-09-26,2016-02-05,132,SP,Cível - Outros,51429.65,Provável,1.0,51198.38,5330.77,Ativo
PROC-2026-00820,2018-09-27,2020-08-11,684,SP,Cível - Outros,35505.96,Possível,0.48,17752.98,24021.05,Encerrado
PROC-2026-00821,2016-06-28,2020-03-27,1368,SP,Cível - Execução,19708.66,Possível,0.44,9854.33,91116.71,Encerrado
PROC-2026-00822,2017-05-22,2029-01-15,4256,SP,Cível - Indenizatória,267400.04,Provável,0.9,239343.09,141646.71,Encerrado
PROC-2026-00823,2018-08-15,2027-09-27,3330,SP,Cível - Indenizatória,418714.53,Provável,0.75,313499.83,146426.12,Encerrado
PROC-2026-00824,2016-12-31,2021-03-10,1530,SP,Cível - Outros,244621.08,Provável,0.9,220047.92,100894.15,Encerrado
PROC-2026-00825,2016-09-18,2019-06-27,1012,SP,Cível - Execução,487704.66,Provável,0.89,431994.32,43985.97,Ativo
PROC-2026-00826,2019-02-12,2021-07-30,899,SP,Cível - Execução,105574.16,Provável,0.87,91612.33,18265.75,Ativo
PROC-2026-00827,2015-03-06,2026-02-28,4012,SP,Cível - Execução,439174.54,Provável,0.85,371597.88,199117.26,Ativo
PROC-2026-00828,2018-11-01,2022-05-20,1296,SP,Cível - Execução,233538.53,Provável,0.83,192809.16,49175.45,Ativo
PROC-2026-00829,2019-11-06,2023-11-29,1484,SP,Cível - Outros,36022.14,Provável,0.95,34357.18,86262.39,Encerrado
PROC-2026-00830,2019-02-27,2025-01-05,2139,SP,Cível - Execução,497563.96,Provável,0.93,462268.45,133279.98,Encerrado
PROC-2026-00831,2019-01-10,2028-03-21,3358,SP,Cível - Outros,88637.73,Provável,0.76,67042.39,151353.29,Encerrado
PROC-2026-00832,2018-08-22,2027-10-22,3348,SP,Cível - Execução,108884.12,Provável,0.82,89787.27,65518.58,Encerrado
PROC-2026-00833,2015-02-18,2019-03-09,1480,SP,Cível - Outros,326481.68,Possível,0.49,163240.84,60235.96,Ativo
PROC-2026-00834,2018-08-02,2021-12-03,1219,SP,Cível - Execução,87725.67,Provável,0.79,69676.86,58948.13,Encerrado
PROC-2026-00835,2019-11-15,2028-05-07,3096,SP,Cível - Execução,7786.28,Provável,0.77,5978.75,59477.82,Encerrado
PROC-2026-00836,2018-10-06,2023-01-25,1572,SP,Cível - Execução,125437.5,Provável,0.75,94365.52,41439.36,Encerrado
PROC-2026-00837,2018-10-06,2023-01-01,1548,SP,Cível - Outros,31155.12,Provável,0.93,28955.35,67775.59,Ativo
PROC-2026-00838,2019-04-05,2023-04-26,1482,SP,Cível - Outros,129714.81,Provável,0.94,121621.83,34268.76,Encerrado
PROC-2026-00839,2016-09-14,2018-12-13,820,SP,Cível - Execução,416621.62,Provável,0.89,372323.52,52857.45,Ativo
PROC-2026-00840,2018-11-10,2026-08-27,2847,SP,Cível - Execução,78836.19,Provável,0.89,70043.29,74481.09,Ativo
PROC-2026-00841,2015-05-25,2019-03-11,1386,SP,Cível - Outros,391350.31,Provável,0.85,332205.47,26687.49,Encerrado
PROC-2026-00842,2015-05-08,2017-12-13,950,SP,Cível - Execução,414535.52,Provável,0.77,320679.88,57120.54,Encerrado
PROC-2026-00843,2016-02-23,2022-05-17,2275,SP,Cível - Outros,267491.66,Possível,0.69,133745.83,39115.89,Ativo
PROC-2026-00844,2017-03-17,2021-12-09,1728,SP,Cível - Outros,491699.54,Provável,0.87,428688.79,71586.24,Encerrado
PROC-2026-00845,2015-04-01,2017-02-25,696,SP,Cível - Outros,340733.56,Possível,0.65,170366.78,34991.55,Ativo
PROC-2026-00846,2016-01-17,2017-08-14,575,SP,Cível - Outros,488284.81,Provável,0.79,384406.95,37135.72,Ativo
PROC-2026-00847,2018-09-16,2021-01-18,855,SP,Cível - Outros,47990.06,Provável,0.73,34986.08,38944.15,Ativo
PROC-2026-00848,2016-10-26,2025-05-28,3136,SP,Cível - Indenizatória,165528.49,Provável,0.8,131964.0,193253.16,Encerrado
PROC-2026-00849,2015-11-26,2021-02-18,1911,SP,Cível - Outros,16789.12,Provável,0.74,12408.85,82896.13,Encerrado
PROC-2026-00850,2019-06-07,2021-10-28,874,SP,Cível - Execução,97995.96,Provável,0.89,87205.47,15356.17,Ativo
PROC-2026-00851,2018-08-19,2022-02-15,1276,SP,Cível - Outros,210659.79,Possível,0.39,105329.9,35219.79,Ativo
PROC-2026-00852,2017-05-19,2023-03-17,2128,SP,Cível - Outros,447246.8,Possível,0.59,223623.4,114309.32,Ativo
PROC-2026-00853,2015-07-15,2017-08-18,765,SP,Cível - Execução,314020.91,Provável,0.79,247210.27,35842.02,Encerrado
PROC-2026-00854,2016-11-04,2023-07-07,2436,SP,Cível - Outros,189096.88,Possível,0.63,94548.44,95342.58,Encerrado
PROC-2026-00855,2015-08-15,2024-07-22,3264,SP,Cível - Indenizatória,79819.98,Provável,0.76,60830.21,158293.91,Encerrado
PROC-2026-00856,2016-03-29,2032-05-28,5904,SP,Trabalhista,237973.31,Provável,0.71,168608.32,315486.24,Ativo
PROC-2026-00857,2019-06-07,2023-11-13,1620,SP,Cível - Execução,432636.36,Provável,0.87,375047.18,38014.19,Encerrado
PROC-2026-00858,2017-11-08,2019-01-24,442,SP,Cível - Outros,6894.08,Provável,0.85,5837.9,21110.02,Ativo
PROC-2026-00859,2016-09-06,2022-04-14,2046,SP,Cível - Outros,186395.18,Provável,0.71,132116.89,99414.61,Encerrado
PROC-2026-00860,2016-01-31,2021-10-21,2090,SP,Cível - Execução,247024.16,Provável,0.88,216503.6,119157.9,Ativo
PROC-2026-00861,2017-10-27,2024-01-06,2262,SP,Cível - Execução,105049.22,Provável,0.95,99670.36,129683.43,Encerrado
PROC-2026-00862,2017-03-05,2024-01-16,2508,SP,Cível - Execução,310346.37,Possível,0.58,155173.18,90195.48,Encerrado
PROC-2026-00863,2015-10-10,2025-07-19,3570,SP,Cível - Execução,381852.75,Provável,0.82,313519.25,226645.09,Ativo
PROC-2026-00864,2019-03-08,2022-03-01,1089,SP,Cível - Execução,487044.35,Provável,0.83,406018.05,31060.55,Ativo
PROC-2026-00865,2016-04-29,2019-09-29,1248,SP,Cível - Execução,498166.81,Provável,0.73,364939.03,74622.9,Ativo
PROC-2026-00866,2019-12-05,2023-08-10,1344,SP,Cível - Outros,216117.35,Possível,0.69,108058.68,71937.83,Ativo
PROC-2026-00867,2019-07-08,2024-03-18,1715,SP,Cível - Execução,373121.33,Provável,0.72,268068.12,87286.29,Encerrado
PROC-2026-00868,2018-06-30,2033-08-10,5520,SP,Cível - Execução,349831.97,Provável,0.76,264791.28,158124.49,Encerrado
PROC-2026-00869,2019-03-05,2021-09-14,924,SP,Cível - Execução,404007.56,Provável,0.71,285920.83,41710.38,Encerrado
PROC-2026-00870,2015-04-29,2017-11-30,946,SP,Cível - Execução,476812.17,Provável,0.75,355625.64,43533.76,Encerrado
PROC-2026-00871,2019-09-04,2021-12-18,836,SP,Cível - Outros,137440.09,Provável,0.95,130467.87,46910.73,Encerrado
PROC-2026-00872,2015-10-16,2021-11-25,2232,SP,Cível - Outros,459933.09,Possível,0.39,229966.54,106168.7,Encerrado
PROC-2026-00873,2018-12-18,2021-06-01,896,SP,Cível - Indenizatória,456358.03,Provável,0.8,364215.69,55266.97,Encerrado
PROC-2026-00874,2015-07-21,2018-02-03,928,SP,Cível - Execução,259205.68,Possível,0.39,129602.84,51324.64,Encerrado
PROC-2026-00875,2015-09-10,2022-08-04,2520,SP,Cível - Execução,264739.64,Provável,0.91,240154.68,83064.95,Encerrado
PROC-2026-00876,2019-10-28,2026-11-24,2584,SP,Cível - Execução,492907.16,Provável,0.89,438389.24,72149.35,Encerrado
PROC-2026-00877,2017-09-02,2023-01-14,1960,SP,Cível - Execução,446836.4,Provável,0.82,368464.68,129600.9,Encerrado
PROC-2026-00878,2018-06-08,2025-08-17,2627,SP,Cível - Outros,476665.99,Provável,0.94,448475.8,83458.9,Ativo
PROC-2026-00879,2018-02-04,2020-03-25,780,SP,Cível - Execução,496627.4,Provável,0.88,437108.05,46964.88,Ativo
PROC-2026-00880,2018-11-27,2021-01-03,768,SP,Cível - Execução,396931.05,Provável,0.76,300954.09,37296.52,Encerrado
PROC-2026-00881,2019-05-02,2048-05-11,10602,SP,Cível - Execução,202124.48,Provável,0.98,198558.19,527302.7,Ativo
PROC-2026-00882,2017-03-19,2020-10-14,1305,SP,Cível - Outros,472495.67,Provável,0.94,446135.62,36486.66,Ativo
PROC-2026-00883,2019-05-24,2022-04-28,1070,SP,Cível - Execução,212809.24,Provável,0.83,176595.61,43113.23,Ativo
PROC-2026-00884,2017-02-17,2020-10-05,1326,SP,Cível - Indenizatória,400801.12,Provável,0.79,317502.95,49324.21,Encerrado
PROC-2026-00885,2017-06-10,2036-02-03,6812,SP,Cível - Execução,282816.62,Provável,0.76,215148.26,219391.13,Ativo
PROC-2026-00886,2016-08-05,2023-09-10,2592,SP,Cível - Outros,127827.12,Provável,0.79,101107.06,50036.47,Ativo
PROC-2026-00887,2016-08-01,2022-12-24,2336,SP,Cível - Outros,379180.44,Provável,0.78,296665.54,111948.4,Ativo
PROC-2026-00888,2017-07-10,2033-11-28,5985,SP,Cível - Execução,380988.27,Provável,0.86,327100.17,281988.71,Encerrado
PROC-2026-00889,2016-08-28,2020-06-06,1378,SP,Cível - Execução,264312.89,Provável,0.74,195406.71,38080.07,Encerrado
PROC-2026-00890,2017-05-12,2025-05-30,2940,SP,Cível - Execução,338701.52,Provável,0.86,290749.02,56811.75,Encerrado
PROC-2026-00891,2016-08-21,2021-03-14,1666,SP,Cível - Outros,207424.34,Provável,0.72,149186.51,32701.1,Encerrado
PROC-2026-00892,2019-09-16,2022-09-24,1104,SP,Cível - Outros,278000.61,Provável,0.86,238231.11,35632.34,Encerrado
PROC-2026-00893,2017-09-28,2023-03-27,2006,SP,Cível - Outros,481357.47,Possível,0.57,240678.73,100631.85,Encerrado
PROC-2026-00894,2018-11-15,2023-09-14,1764,SP,Cível - Indenizatória,378829.03,Provável,0.8,303856.25,108665.01,Encerrado
PROC-2026-00895,2018-02-05,2018-08-08,184,SP,Cível - Indenizatória,203675.92,Possível,0.33,101837.96,4210.88,Encerrado
PROC-2026-00896,2019-01-12,2023-10-07,1729,SP,Cível - Indenizatória,496461.58,Provável,0.96,477045.29,76680.0,Encerrado
PROC-2026-00897,2018-08-14,2024-06-25,2142,SP,Cível - Indenizatória,326121.83,Provável,0.84,275529.09,101021.43,Encerrado
PROC-2026-00898,2018-11-23,2020-08-14,630,SP,Cível - Outros,444636.83,Provável,0.92,410859.12,40595.54,Ativo
PROC-2026-00899,2016-07-20,2019-09-27,1164,SP,Cível - Outros,367997.15,Provável,0.9,332812.77,47557.15,Encerrado
PROC-2026-00900,2016-05-07,2017-10-05,516,SP,Cível - Execução,83502.52,Provável,0.7,58506.04,19733.33,Ativo
PROC-2026-00901,2017-11-04,2021-01-04,1157,SP,Cível - Execução,492148.2,Provável,0.79,386377.24,30443.96,Encerrado
PROC-2026-00902,2017-06-23,2023-02-06,2054,SP,Cível - Outros,303489.2,Provável,0.87,263257.69,115212.05,Encerrado
PROC-2026-00903,2018-05-26,2062-04-01,16016,SP,Cível - Indenizatória,275528.38,Provável,0.77,212209.52,841579.4,Ativo
PROC-2026-00904,2018-11-23,2034-04-17,5624,SP,Cível - Execução,17887.16,Possível,0.62,8943.58,346037.19,Ativo
PROC-2026-00905,2017-10-15,2020-03-30,897,SP,Cível - Outros,60385.43,Provável,0.92,55481.14,53229.54,Ativo
PROC-2026-00906,2018-08-09,2020-01-16,525,SP,Cível - Execução,105988.42,Possível,0.4,52994.21,8837.98,Encerrado
PROC-2026-00907,2019-03-07,2021-01-25,690,SP,Cível - Execução,52303.73,Provável,0.81,42414.68,36476.45,Encerrado
PROC-2026-00908,2015-05-20,2017-01-09,600,SP,Cível - Outros,319211.06,Provável,0.84,268150.81,36855.09,Encerrado
PROC-2026-00909,2015-03-18,2016-08-19,520,SP,Cível - Execução,479714.49,Provável,0.85,407011.7,30905.83,Ativo
PROC-2026-00910,2017-12-28,2041-04-08,8502,SP,Cível - Execução,170290.47,Possível,0.63,85145.23,319333.57,Encerrado
PROC-2026-00911,2015-05-29,2017-03-22,663,SP,Cível - Execução,210055.38,Provável,1.0,209504.92,19330.13,Ativo
PROC-2026-00912,2018-06-13,2019-05-24,345,SP,Cível - Execução,482267.35,Provável,0.71,341523.4,21423.91,Ativo
PROC-2026-00913,2017-09-29,2020-02-14,868,SP,Cível - Execução,98647.61,Possível,0.46,49323.8,51168.3,Encerrado
PROC-2026-00914,2016-11-23,2029-12-03,4758,SP,Cível - Execução,378789.0,Provável,0.95,360903.47,263166.08,Ativo
PROC-2026-00915,2018-01-12,2024-02-13,2223,SP,Cível - Execução,230108.56,Provável,0.91,209880.64,88023.64,Encerrado
PROC-2026-00916,2017-12-21,2021-09-01,1350,SP,Cível - Outros,145174.96,Provável,0.9,130255.61,39845.84,Encerrado
PROC-2026-00917,2017-08-05,2018-12-18,500,SP,Cível - Execução,56841.81,Possível,0.64,28420.9,26740.33,Ativo
PROC-2026-00918,2019-01-18,2023-06-30,1624,SP,Cível - Execução,343317.18,Provável,0.7,241485.3,61635.34,Ativo
PROC-2026-00919,2017-06-09,2019-07-09,760,SP,Cível - Outros,180348.62,Provável,0.97,174560.2,16473.85,Encerrado
PROC-2026-00920,2016-03-16,2019-02-14,1065,SP,Cível - Execução,449978.02,Provável,0.88,393982.32,49679.07,Encerrado
PROC-2026-00921,2017-02-08,2024-09-13,2774,SP,Cível - Outros,34979.65,Possível,0.51,17489.82,168300.37,Ativo
PROC-2026-00922,2019-05-27,2020-10-25,517,SP,Cível - Outros,243833.66,Provável,0.87,213005.81,13529.55,Ativo
PROC-2026-00923,2017-03-09,2021-07-10,1584,SP,Cível - Outros,140437.26,Provável,0.73,102262.96,53163.53,Ativo
PROC-2026-00924,2019-11-19,2023-02-27,1196,SP,Cível - Outros,390570.88,Possível,0.41,195285.44,43194.31,Encerrado
PROC-2026-00925,2018-09-18,2020-05-30,620,SP,Cível - Outros,109532.12,Provável,0.79,85983.8,33600.74,Ativo
PROC-2026-00926,2015-12-29,2020-10-03,1740,SP,Cível - Execução,354958.76,Provável,0.72,253951.29,38306.73,Ativo
PROC-2026-00927,2018-10-25,2034-10-10,5829,SP,Cível - Outros,451100.43,Possível,0.68,225550.22,296684.58,Encerrado
PROC-2026-00928,2019-03-27,2036-01-13,6136,SP,Cível - Outros,139514.68,Possível,0.5,69757.34,120103.38,Ativo
PROC-2026-00929,2018-02-04,2020-07-05,882,SP,Cível - Outros,255433.1,Provável,0.79,201505.73,21480.45,Encerrado
PROC-2026-00930,2017-04-09,2026-12-30,3552,SP,Cível - Outros,105767.87,Provável,0.85,89532.66,68172.84,Encerrado
PROC-2026-00931,2018-11-24,2020-02-22,455,SP,Cível - Indenizatória,267655.35,Provável,0.78,209288.44,30030.96,Ativo
PROC-2026-00932,2018-10-12,2026-07-26,2844,SP,Cível - Outros,375266.66,Provável,0.72,270864.37,101863.49,Encerrado
PROC-2026-00933,2017-12-04,2020-08-22,992,SP,Cível - Execução,161297.43,Provável,0.81,129879.46,26004.36,Encerrado
PROC-2026-00934,2018-05-30,2022-03-05,1375,SP,Cível - Outros,175462.88,Provável,0.8,140668.27,57659.49,Encerrado
PROC-2026-00935,2017-09-22,2020-04-17,938,SP,Cível - Execução,378168.43,Provável,0.95,358936.47,40840.67,Encerrado
PROC-2026-00936,2019-09-18,2025-02-22,1984,SP,Cível - Indenizatória,153846.82,Provável,0.94,144197.41,45915.43,Encerrado
PROC-2026-00937,2018-02-13,2020-06-03,841,SP,Trabalhista,400508.38,Possível,0.68,200254.19,21767.09,Ativo
PROC-2026-00938,2016-11-26,2024-08-04,2808,SP,Cível - Execução,129509.81,Provável,0.81,105079.1,50021.13,Ativo
PROC-2026-00939,2015-01-09,2016-07-22,560,SP,Cível - Outros,495160.97,Possível,0.47,247580.48,36250.21,Ativo
PROC-2026-00940,2015-08-19,2023-09-14,2948,SP,Cível - Execução,137175.59,Provável,0.94,129276.56,89352.28,Encerrado
PROC-2026-00941,2017-11-05,2025-06-20,2784,SP,Cível - Outros,167578.14,Provável,0.93,155085.51,97604.39,Encerrado
PROC-2026-00942,2019-11-14,2030-04-28,3818,SP,Cível - Execução,298680.34,Provável,0.94,281184.54,175647.92,Ativo
PROC-2026-00943,2016-05-13,2037-11-07,7848,SP,Cível - Indenizatória,37647.25,Provável,0.82,30944.56,462034.63,Ativo
PROC-2026-00944,2016-10-03,2023-05-14,2414,SP,Cível - Outros,389713.03,Provável,0.77,301547.7,160570.24,Ativo
PROC-2026-00945,2015-02-03,2017-02-26,754,SP,Cível - Outros,185598.83,Provável,0.75,138774.42,28801.51,Ativo
PROC-2026-00946,2015-08-11,2019-11-22,1564,SP,Cível - Execução,393483.32,Provável,0.97,380059.83,55338.69,Encerrado
PROC-2026-00947,2015-12-14,2017-06-12,546,SP,Cível - Outros,271920.4,Provável,0.72,196082.45,32440.84,Encerrado
PROC-2026-00948,2017-08-30,2020-05-12,986,SP,Cível - Outros,495765.9,Provável,0.74,369019.94,30133.04,Encerrado
PROC-2026-00949,2015-03-06,2021-04-05,2222,SP,Cível - Execução,434593.49,Provável,0.81,351215.05,67516.19,Ativo
PROC-2026-00950,2018-03-08,2024-06-02,2278,SP,Cível - Outros,117126.02,Provável,0.74,86872.55,63800.76,Encerrado
PROC-2026-00951,2019-11-09,2024-02-04,1548,SP,Cível - Outros,21234.38,Provável,0.83,17596.75,58368.8,Encerrado
PROC-2026-00952,2017-08-02,2019-02-13,560,SP,Cível - Outros,173449.85,Provável,0.77,133149.73,34264.73,Encerrado
PROC-2026-00953,2017-06-02,2023-02-24,2093,SP,Cível - Execução,381268.64,Possível,0.64,190634.32,52808.07,Encerrado
PROC-2026-00954,2017-02-22,2020-01-30,1072,SP,Cível - Outros,48358.96,Provável,0.98,47623.81,59464.13,Encerrado
PROC-2026-00955,2018-05-27,2020-11-03,891,SP,Cível - Execução,150095.88,Provável,0.83,124864.34,33786.01,Encerrado
PROC-2026-00956,2018-06-08,2032-11-21,5280,SP,Cível - Execução,180389.44,Possível,0.67,90194.72,218258.24,Ativo
PROC-2026-00957,2019-03-07,2024-07-30,1972,SP,Cível - Outros,146668.11,Provável,0.72,105097.75,61045.46,Ativo
PROC-2026-00958,2016-06-23,2028-07-18,4408,SP,Cível - Execução,259331.61,Provável,0.84,218242.99,114204.27,Encerrado
PROC-2026-00959,2018-08-17,2026-05-22,2835,SP,Cível - Indenizatória,170848.57,Provável,0.71,120685.6,88557.82,Encerrado
PROC-2026-00960,2015-01-09,2019-05-23,1595,SP,Cível - Execução,230231.53,Provável,0.95,219306.92,87835.69,Encerrado
PROC-2026-00961,2017-04-29,2018-04-27,363,SP,Cível - Execução,318709.51,Provável,0.82,262833.8,19176.68,Encerrado
PROC-2026-00962,2018-10-05,2021-06-17,986,SP,Cível - Execução,304980.99,Provável,0.98,298167.68,35685.2,Encerrado
PROC-2026-00963,2016-04-03,2018-08-15,864,SP,Cível - Execução,256817.9,Provável,0.83,212155.01,22407.11,Encerrado
PROC-2026-00964,2019-04-07,2034-01-08,5390,SP,Cível - Outros,327612.39,Provável,0.85,278422.27,297022.03,Encerrado
PROC-2026-00965,2019-04-03,2023-06-21,1540,SP,Cível - Execução,267911.03,Provável,0.98,263648.28,27667.14,Encerrado
PROC-2026-00966,2017-01-19,2018-09-16,605,SP,Cível - Execução,277187.42,Provável,0.84,233597.77,32520.92,Encerrado
PROC-2026-00967,2015-11-03,2016-11-09,372,SP,Cível - Outros,236571.39,Provável,0.81,192191.83,14215.05,Ativo
PROC-2026-00968,2015-03-13,2017-03-13,731,SP,Cível - Execução,314787.63,Provável,0.89,281280.84,24348.23,Encerrado
PROC-2026-00969,2016-12-11,2019-03-10,819,SP,Cível - Outros,198492.51,Possível,0.44,99246.26,44902.6,Encerrado
PROC-2026-00970,2016-02-11,2019-10-05,1332,SP,Cível - Execução,226194.16,Provável,0.97,219247.37,51832.4,Encerrado
PROC-2026-00971,2019-01-18,2023-02-05,1479,SP,Cível - Outros,331783.72,Provável,0.75,247552.42,81785.31,Ativo
PROC-2026-00972,2017-04-10,2027-02-17,3600,SP,Cível - Outros,146792.66,Provável,0.86,126948.09,156731.08,Encerrado
PROC-2026-00973,2015-02-24,2019-03-10,1475,SP,Cível - Outros,120402.2,Possível,0.58,60201.1,25129.58,Encerrado
PROC-2026-00974,2017-05-03,2022-02-14,1748,SP,Cível - Execução,28139.94,Provável,0.97,27346.07,84718.82,Encerrado
PROC-2026-00975,2019-09-30,2021-02-15,504,SP,Cível - Execução,362292.98,Provável,0.83,300467.39,28942.18,Ativo
PROC-2026-00976,2019-08-14,2024-03-12,1672,SP,Cível - Outros,418163.49,Provável,0.93,389220.37,37160.66,Encerrado
PROC-2026-00977,2017-02-12,2026-06-13,3408,SP,Cível - Execução,497523.73,Provável,0.97,484049.02,219029.43,Ativo
PROC-2026-00978,2015-09-27,2018-01-14,840,SP,Cível - Outros,54549.0,Provável,0.88,47974.8,29600.28,Ativo
PROC-2026-00979,2015-09-16,2019-10-29,1504,SP,Cível - Execução,414233.41,Provável,0.72,298159.21,97702.57,Encerrado
PROC-2026-00980,2015-04-09,2020-03-13,1800,SP,Cível - Execução,459031.29,Provável,0.92,421369.16,119885.43,Encerrado
PROC-2026-00981,2016-12-07,2019-07-25,960,SP,Cível - Execução,421591.75,Provável,0.82,344313.22,59499.51,Encerrado
PROC-2026-00982,2019-08-18,2022-02-03,900,SP,Cível - Outros,127515.79,Provável,0.92,117015.36,19156.97,Encerrado
PROC-2026-00983,2016-12-02,2023-10-27,2520,SP,Cível - Execução,317370.01,Provável,0.84,267624.69,126935.23,Encerrado
PROC-2026-00984,2017-02-07,2027-05-18,3752,SP,Cível - Outros,71746.76,Possível,0.35,35873.38,163129.37,Encerrado
PROC-2026-00985,2015-04-18,2017-02-11,665,SP,Cível - Execução,66627.82,Possível,0.65,33313.91,20288.64,Ativo
PROC-2026-00986,2016-05-24,2025-10-04,3420,SP,Cível - Execução,196675.96,Provável,0.77,152345.36,201125.62,Encerrado
PROC-2026-00987,2016-04-08,2020-03-27,1449,SP,Cível - Execução,216093.86,Provável,0.85,184758.15,29446.83,Encerrado
PROC-2026-00988,2019-07-19,2022-03-11,966,SP,Cível - Outros,293079.7,Provável,0.88,257482.31,33827.49,Ativo
PROC-2026-00989,2018-12-07,2027-06-08,3105,SP,Cível - Indenizatória,473980.1,Provável,0.72,341144.86,160058.95,Encerrado
PROC-2026-00990,2016-03-12,2023-02-04,2520,SP,Cível - Execução,168906.14,Provável,0.96,161542.65,115273.88,Encerrado
PROC-2026-00991,2015-05-14,2020-12-13,2040,SP,Cível - Outros,332476.39,Provável,0.98,325351.44,65738.96,Ativo
PROC-2026-00992,2015-07-13,2019-10-08,1548,SP,Cível - Outros,359549.77,Provável,0.92,329566.55,71348.75,Ativo
PROC-2026-00993,2017-10-14,2020-02-13,852,SP,Trabalhista,482484.92,Provável,0.91,437481.1,15923.25,Ativo
PROC-2026-00994,2015-12-17,2022-10-17,2496,SP,Cível - Execução,201688.56,Provável,0.98,197971.5,92559.16,Encerrado
PROC-2026-00995,2019-05-07,2025-12-23,2422,SP,Cível - Outros,366908.4,Provável,1.0,365263.41,99781.58,Ativo
PROC-2026-00996,2019-06-23,2020-07-12,385,SP,Cível - Outros,145333.37,Provável,0.89,129180.88,22336.06,Ativo
PROC-2026-00997,2015-05-02,2021-10-30,2373,SP,Cível - Outros,139732.67,Possível,0.61,69866.33,90075.9,Encerrado
PROC-2026-00998,2017-09-16,2023-09-08,2183,SP,Cível - Indenizatória,443171.51,Provável,0.99,438003.84,95487.03,Encerrado
PROC-2026-00999,2016-04-02,2021-12-04,2072,SP,Cível - Execução,361750.41,Provável,0.96,348733.96,115954.28,Encerrado
PROC-2026-01000,2019-08-29,2026-06-22,2489,SP,Cível - Outros,96685.71,Provável,0.84,81410.74,71132.66,Ativo
PROC-2026-01001,2018-07-09,2021-07-13,1100,SP,Cível - Execução,161239.92,Provável,0.84,135205.39,28143.4,Encerrado
PROC-2026-01002,2018-11-22,2026-09-11,2850,SP,Cível - Execução,22384.59,Provável,0.85,19055.77,176354.88,Encerrado
PROC-2026-01003,2019-10-16,2023-05-04,1296,SP,Cível - Indenizatória,434476.98,Provável,0.77,335674.56,37032.66,Encerrado
PROC-2026-01004,2018-06-18,2026-02-06,2790,SP,Cível - Execução,239289.54,Provável,0.73,175097.58,170438.86,Encerrado
PROC-2026-01005,2018-08-23,2024-09-20,2220,SP,Cível - Outros,308111.31,Provável,0.75,229579.15,42604.31,Ativo
PROC-2026-01006,2017-10-27,2030-05-17,4585,SP,Cível - Outros,161630.84,Possível,0.34,80815.42,254729.59,Ativo
PROC-2026-01007,2016-06-15,2018-05-30,714,SP,Cível - Outros,397779.27,Possível,0.41,198889.63,25893.36,Encerrado
PROC-2026-01008,2017-11-01,2026-03-19,3060,SP,Cível - Execução,95489.79,Provável,0.8,76066.48,76997.32,Ativo
PROC-2026-01009,2015-07-31,2021-06-16,2147,SP,Cível - Outros,239787.65,Provável,0.99,238556.22,45971.11,Encerrado
PROC-2026-01010,2017-05-03,2025-05-06,2925,SP,Cível - Execução,71979.33,Provável,1.0,71678.76,54286.0,Encerrado
PROC-2026-01011,2019-04-03,2020-09-30,546,SP,Cível - Outros,392698.29,Provável,0.8,314344.7,10192.69,Ativo
PROC-2026-01012,2015-12-27,2019-01-21,1121,SP,Cível - Execução,253735.1,Provável,0.85,215488.42,46033.71,Ativo
PROC-2026-01013,2016-01-22,2020-10-02,1715,SP,Cível - Execução,470754.67,Provável,0.79,372128.44,93796.72,Ativo
PROC-2026-01014,2016-11-06,2019-12-25,1144,SP,Cível - Execução,432444.25,Provável,0.88,380898.11,49263.94,Encerrado
PROC-2026-01015,2015-10-09,2023-08-10,2862,SP,Cível - Outros,405118.19,Provável,0.95,385134.32,82693.65,Encerrado
PROC-2026-01016,2016-03-05,2023-02-19,2542,SP,Cível - Outros,287375.22,Provável,0.71,205112.0,136759.84,Encerrado
PROC-2026-01017,2019-01-23,2022-02-06,1110,SP,Cível - Outros,71799.34,Provável,0.82,58524.97,35690.3,Ativo
PROC-2026-01018,2016-05-13,2021-10-22,1988,SP,Cível - Execução,468682.53,Provável,0.96,448726.96,105099.14,Encerrado
PROC-2026-01019,2019-01-12,2021-11-27,1050,SP,Cível - Outros,325440.26,Provável,0.88,287608.43,23288.54,Encerrado
PROC-2026-01020,2017-07-26,2020-08-19,1120,SP,Cível - Execução,141313.31,Provável,0.95,134699.15,40414.04,Ativo
PROC-2026-01021,2016-01-22,2023-04-21,2646,SP,Cível - Outros,220987.58,Possível,0.42,110493.79,146278.22,Ativo
PROC-2026-01022,2019-03-04,2023-02-11,1440,SP,Cível - Execução,92524.8,Provável,0.78,72074.06,50731.78,Ativo
PROC-2026-01023,2016-12-25,2019-01-20,756,SP,Cível - Outros,277824.6,Provável,0.73,203459.45,32564.67,Encerrado
PROC-2026-01024,2019-02-18,2046-04-25,9928,SP,Cível - Execução,178798.35,Provável,0.98,175479.59,284754.63,Ativo
PROC-2026-01025,2018-06-06,2022-05-11,1435,SP,Cível - Outros,284807.11,Possível,0.35,142403.56,49922.05,Encerrado
PROC-2026-01026,2019-10-03,2024-05-04,1675,SP,Cível - Execução,34543.22,Provável,0.86,29813.07,61471.65,Encerrado
PROC-2026-01027,2015-04-05,2024-09-15,3451,SP,Cível - Execução,344959.49,Provável,0.76,261609.69,199081.47,Encerrado
PROC-2026-01028,2015-01-02,2017-06-13,893,SP,Cível - Outros,403861.87,Provável,0.76,305139.15,43421.66,Ativo
PROC-2026-01029,2017-08-03,2019-12-01,850,SP,Cível - Outros,257685.71,Possível,0.68,128842.86,20867.42,Ativo
PROC-2026-01030,2019-03-06,2021-02-23,720,SP,Cível - Execução,300164.01,Provável,0.72,216718.54,26264.84,Encerrado
PROC-2026-01031,2016-01-25,2019-05-06,1197,SP,Cível - Execução,386243.01,Provável,0.92,355771.39,66656.62,Encerrado
PROC-2026-01032,2017-04-27,2019-12-05,952,SP,Cível - Execução,188098.26,Provável,0.85,159420.29,35934.63,Encerrado
PROC-2026-01033,2019-02-24,2019-07-24,150,SP,Cível - Execução,166194.74,Provável,0.7,116867.39,4175.9,Encerrado
PROC-2026-01034,2019-01-26,2021-10-02,980,SP,Cível - Execução,57104.03,Provável,0.9,51357.66,56188.98,Encerrado
PROC-2026-01035,2017-06-28,2018-09-27,456,SP,Cível - Execução,295624.72,Possível,0.63,147812.36,12319.18,Ativo
PROC-2026-01036,2015-04-07,2022-09-17,2720,SP,Cível - Outros,263966.87,Possível,0.7,131983.44,79070.66,Ativo
PROC-2026-01037,2017-12-21,2030-10-14,4680,SP,Cível - Outros,118932.68,Possível,0.69,59466.34,162053.59,Ativo
PROC-2026-01038,2019-01-31,2022-05-15,1200,SP,Cível - Execução,350185.3,Provável,0.83,291710.74,38071.85,Encerrado
PROC-2026-01039,2016-08-18,2023-04-22,2438,SP,Cível - Outros,316062.58,Provável,0.77,244171.11,161167.02,Encerrado
PROC-2026-01040,2015-04-23,2016-09-04,500,SP,Cível - Execução,248834.1,Provável,0.74,183070.78,18366.51,Ativo
PROC-2026-01041,2018-12-22,2021-05-14,874,SP,Cível - Execução,208794.82,Possível,0.3,104397.41,21042.94,Encerrado
PROC-2026-01042,2019-04-08,2024-11-17,2050,SP,Cível - Outros,357563.12,Possível,0.59,178781.56,83361.83,Encerrado
PROC-2026-01043,2017-04-02,2024-08-29,2706,SP,Cível - Indenizatória,305024.77,Provável,0.83,252343.16,56880.35,Ativo
PROC-2026-01044,2015-05-10,2025-12-29,3886,SP,Cível - Execução,421644.74,Provável,0.96,406458.68,158086.64,Encerrado
PROC-2026-01045,2016-04-08,2028-08-27,4524,SP,Cível - Execução,211167.25,Possível,0.57,105583.62,256026.95,Ativo
PROC-2026-01046,2019-03-10,2029-08-15,3811,SP,Cível - Outros,196988.14,Provável,0.75,147457.59,246135.91,Ativo
PROC-2026-01047,2015-10-23,2020-07-28,1740,SP,Cível - Execução,298490.6,Provável,0.98,291601.56,107754.82,Encerrado
PROC-2026-01048,2017-09-19,2018-12-31,468,SP,Cível - Execução,366313.21,Provável,0.75,273932.76,13392.49,Encerrado
PROC-2026-01049,2016-05-06,2018-07-25,810,SP,Cível - Execução,440531.31,Provável,0.77,340298.56,14984.68,Encerrado
PROC-2026-01050,2019-03-28,2033-02-17,5075,SP,Cível - Execução,369895.79,Provável,0.9,333018.82,338270.48,Encerrado
PROC-2026-01051,2017-02-18,2024-03-07,2574,SP,Cível - Outros,30833.35,Provável,0.77,23741.9,136721.0,Encerrado
PROC-2026-01052,2018-05-21,2023-03-24,1768,SP,Cível - Outros,8515.57,Provável,0.74,6325.41,46680.77,Encerrado
PROC-2026-01053,2016-03-28,2018-10-27,943,SP,Cível - Execução,238619.58,Provável,0.82,196197.98,29903.94,Encerrado
PROC-2026-01054,2017-04-23,2021-03-21,1428,SP,Cível - Outros,83285.52,Provável,0.92,76634.88,29273.87,Encerrado
PROC-2026-01055,2016-02-02,2017-06-11,495,SP,Cível - Outros,151140.03,Provável,0.7,106191.76,22541.3,Encerrado
PROC-2026-01056,2016-08-17,2018-04-09,600,SP,Cível - Execução,208661.21,Provável,0.86,178960.7,32941.43,Encerrado
PROC-2026-01057,2017-07-15,2021-02-06,1302,SP,Trabalhista,301915.82,Provável,0.86,260145.0,38470.39,Encerrado
PROC-2026-01058,2016-05-10,2018-05-30,750,SP,Cível - Execução,470546.27,Provável,0.79,371463.16,41382.51,Encerrado
PROC-2026-01059,2017-11-04,2020-10-03,1064,SP,Cível - Outros,232915.14,Provável,0.88,204347.57,38074.68,Ativo
PROC-2026-01060,2015-02-24,2021-01-13,2150,SP,Cível - Outros,279386.54,Provável,0.97,272073.57,73932.65,Encerrado
PROC-2026-01061,2018-01-04,2024-08-30,2430,SP,Cível - Indenizatória,127607.6,Provável,0.96,122948.72,67105.44,Encerrado
PROC-2026-01062,2017-09-24,2039-12-01,8103,SP,Cível - Indenizatória,153188.1,Provável,0.75,115431.66,357068.78,Encerrado
PROC-2026-01063,2017-06-11,2022-06-05,1820,SP,Cível - Execução,478665.84,Possível,0.3,239332.92,48678.4,Encerrado
PROC-2026-01064,2015-10-13,2017-09-12,700,SP,Cível - Execução,442124.16,Provável,0.72,317705.65,38634.91,Ativo
PROC-2026-01065,2018-04-09,2030-01-28,4312,SP,Cível - Outros,421257.47,Provável,0.81,340295.12,249230.66,Encerrado
PROC-2026-01066,2017-05-14,2021-02-06,1364,SP,Cível - Execução,173611.7,Provável,0.83,143519.95,54401.29,Ativo
PROC-2026-01067,2017-11-21,2024-03-23,2314,SP,Cível - Outros,247034.91,Provável,0.97,240315.83,113925.05,Encerrado
PROC-2026-01068,2019-02-23,2022-12-11,1387,SP,Cível - Execução,200384.91,Provável,0.8,160908.02,60654.86,Encerrado
PROC-2026-01069,2016-07-18,2018-09-18,792,SP,Cível - Outros,216808.12,Provável,0.77,166407.03,41350.98,Ativo
PROC-2026-01070,2015-11-28,2025-10-11,3605,SP,Cível - Execução,387225.76,Provável,0.95,367472.13,141895.84,Encerrado
PROC-2026-01071,2019-02-05,2024-11-28,2123,SP,Cível - Execução,260681.36,Provável,0.94,244928.04,110994.29,Ativo
PROC-2026-01072,2016-11-13,2019-07-07,966,SP,Cível - Outros,118143.51,Provável,0.7,83095.57,29241.58,Encerrado
PROC-2026-01073,2018-07-13,2025-10-16,2652,SP,Cível - Outros,392035.38,Provável,0.96,376795.52,100565.32,Encerrado
PROC-2026-01074,2015-10-17,2024-04-06,3094,SP,Cível - Execução,422917.07,Provável,0.89,375679.75,118713.41,Encerrado
PROC-2026-01075,2017-08-20,2019-06-11,660,SP,Cível - Execução,470873.93,Provável,0.94,442913.88,18400.47,Ativo
PROC-2026-01076,2016-09-12,2018-07-04,660,SP,Cível - Execução,426435.78,Provável,0.8,339181.15,27501.87,Ativo
PROC-2026-01077,2018-10-22,2021-11-15,1120,SP,Cível - Execução,419172.7,Provável,0.76,317415.24,42913.95,Encerrado
PROC-2026-01078,2019-09-14,2027-01-23,2688,SP,Cível - Indenizatória,198734.06,Provável,0.76,150150.02,157371.84,Encerrado
PROC-2026-01079,2016-10-27,2020-01-01,1161,SP,Cível - Outros,213719.22,Provável,0.86,182929.0,44634.98,Ativo
PROC-2026-01080,2017-10-25,2025-02-13,2668,SP,Cível - Indenizatória,442896.84,Provável,0.83,365739.52,61912.46,Encerrado
PROC-2026-01081,2017-12-01,2020-07-24,966,SP,Cível - Outros,411524.52,Provável,0.99,406096.31,17857.81,Encerrado
PROC-2026-01082,2017-02-21,2029-09-28,4602,SP,Cível - Outros,222565.98,Possível,0.37,111282.99,238512.01,Encerrado
PROC-2026-01083,2016-02-25,2021-06-28,1950,SP,Cível - Execução,315753.5,Provável,0.76,239016.37,56659.3,Encerrado
PROC-2026-01084,2016-08-28,2018-05-17,627,SP,Cível - Execução,378229.84,Provável,0.99,375271.01,30679.34,Encerrado
PROC-2026-01085,2019-03-22,2023-04-05,1475,SP,Cível - Outros,366272.43,Provável,0.9,331155.88,70894.29,Ativo
PROC-2026-01086,2015-08-05,2016-09-18,410,SP,Cível - Outros,439689.78,Provável,0.9,395158.32,23908.27,Encerrado
PROC-2026-01087,2016-04-17,2021-11-21,2044,SP,Cível - Execução,139206.4,Possível,0.69,69603.2,77930.19,Encerrado
PROC-2026-01088,2019-10-09,2030-05-29,3885,SP,Cível - Execução,13238.77,Possível,0.5,6619.39,251267.3,Ativo
PROC-2026-01089,2015-07-24,2027-11-18,4500,SP,Trabalhista,200998.64,Provável,0.74,148275.87,260125.73,Ativo
PROC-2026-01090,2019-03-04,2020-08-18,533,SP,Cível - Outros,182495.67,Provável,0.98,178828.75,22081.56,Encerrado
PROC-2026-01091,2017-07-08,2018-06-11,338,SP,Cível - Execução,142834.14,Provável,0.96,137109.89,12109.84,Ativo
PROC-2026-01092,2015-07-15,2023-03-15,2800,SP,Cível - Execução,185884.3,Provável,0.8,148631.45,65928.63,Encerrado
PROC-2026-01093,2019-11-07,2023-08-18,1380,SP,Cível - Execução,298785.97,Provável,0.75,224895.76,82314.73,Ativo
PROC-2026-01094,2018-05-13,2024-02-17,2106,SP,Cível - Execução,392773.34,Provável,0.72,281139.74,75276.46,Ativo
PROC-2026-01095,2017-05-07,2028-07-22,4094,SP,Cível - Indenizatória,13214.37,Provável,0.77,10110.45,109580.81,Encerrado
PROC-2026-01096,2017-01-10,2022-06-22,1989,SP,Cível - Execução,434332.58,Provável,0.97,419648.98,70156.18,Encerrado
PROC-2026-01097,2015-12-10,2017-09-30,660,SP,Cível - Execução,188256.09,Provável,0.96,179818.82,11870.72,Encerrado
PROC-2026-01098,2016-10-06,2025-06-03,3162,SP,Cível - Execução,371132.13,Provável,0.95,353635.91,64742.87,Encerrado
PROC-2026-01099,2015-12-15,2017-07-01,564,SP,Cível - Execução,110935.0,Possível,0.61,55467.5,14863.79,Ativo
PROC-2026-01100,2018-11-08,2022-02-26,1206,SP,Cível - Execução,234322.0,Provável,0.75,174721.31,42884.91,Encerrado
PROC-2026-01101,2015-07-17,2018-11-23,1225,SP,Cível - Execução,268099.23,Possível,0.68,134049.62,80811.41,Encerrado
PROC-2026-01102,2015-07-09,2023-08-14,2958,SP,Cível - Execução,278125.36,Provável,0.89,246805.6,83731.13,Ativo
PROC-2026-01103,2017-05-02,2021-06-18,1508,SP,Trabalhista,363291.44,Provável,0.99,360404.2,51337.45,Ativo
PROC-2026-01104,2018-11-15,2032-01-24,4818,SP,Trabalhista,463824.65,Possível,0.35,231912.32,231210.41,Ativo
PROC-2026-01105,2017-05-04,2019-10-17,896,SP,Cível - Indenizatória,394686.35,Provável,0.8,315136.61,29486.19,Encerrado
PROC-2026-01106,2018-01-02,2045-02-15,9906,SP,Cível - Execução,282637.62,Possível,0.46,141318.81,444793.61,Encerrado
PROC-2026-01107,2015-10-09,2018-05-26,960,SP,Cível - Outros,382863.13,Possível,0.33,191431.56,55422.99,Encerrado
PROC-2026-01108,2017-11-28,2027-12-12,3666,SP,Cível - Execução,211947.11,Possível,0.7,105973.55,76913.63,Ativo
PROC-2026-01109,2015-04-14,2018-02-09,1032,SP,Cível - Execução,399850.95,Provável,0.95,378642.85,58986.69,Ativo
PROC-2026-01110,2015-01-22,2020-06-28,1984,SP,Cível - Execução,365473.36,Provável,0.88,322037.74,48970.82,Encerrado
PROC-2026-01111,2015-05-06,2020-03-22,1782,SP,Cível - Execução,96790.65,Provável,0.85,82024.6,49611.28,Encerrado
PROC-2026-01112,2018-12-04,2020-06-06,550,SP,Cível - Outros,175669.83,Provável,0.73,128111.12,30790.88,Ativo
PROC-2026-01113,2018-04-05,2024-11-04,2405,SP,Cível - Outros,420183.97,Possível,0.6,210091.98,67792.46,Encerrado
PROC-2026-01114,2018-11-30,2020-06-02,550,SP,Cível - Execução,197434.13,Provável,0.7,138642.95,13381.44,Encerrado
PROC-2026-01115,2016-07-25,2026-05-04,3570,SP,Cível - Outros,68248.8,Possível,0.69,34124.4,228731.96,Encerrado
PROC-2026-01116,2016-02-08,2018-03-09,760,SP,Cível - Outros,231948.05,Provável,0.76,176494.28,26883.99,Ativo
PROC-2026-01117,2015-03-10,2017-05-13,795,SP,Cível - Outros,268818.15,Provável,0.94,252789.35,35202.17,Ativo
PROC-2026-01118,2016-09-02,2018-05-07,612,SP,Cível - Outros,449735.56,Provável,0.8,358924.82,39311.42,Encerrado
PROC-2026-01119,2019-06-12,2033-12-19,5304,SP,Cível - Execução,393952.74,Provável,0.79,313110.51,311776.37,Encerrado
PROC-2026-01120,2015-01-04,2019-05-19,1596,SP,Cível - Execução,111403.87,Provável,0.96,107209.36,63886.68,Encerrado
PROC-2026-01121,2015-05-01,2019-04-26,1456,SP,Cível - Execução,33609.36,Provável,0.79,26713.62,38750.02,Encerrado
PROC-2026-01122,2017-01-18,2019-09-05,960,SP,Cível - Execução,290790.38,Provável,0.94,274067.78,34437.81,Encerrado
PROC-2026-01123,2017-09-13,2024-08-17,2530,SP,Cível - Indenizatória,136554.53,Provável,0.8,108664.3,147467.34,Encerrado
PROC-2026-01124,2015-06-05,2022-03-15,2475,SP,Cível - Execução,249083.82,Provável,0.94,233381.9,84001.42,Ativo
PROC-2026-01125,2015-09-16,2017-11-24,800,SP,Cível - Outros,201226.29,Provável,0.92,185854.81,41104.83,Encerrado
PROC-2026-01126,2015-05-29,2016-09-02,462,SP,Cível - Outros,234146.57,Possível,0.38,117073.29,13748.47,Encerrado
PROC-2026-01127,2018-04-06,2020-01-26,660,SP,Cível - Execução,315635.49,Provável,0.95,299781.98,25532.59,Ativo
PROC-2026-01128,2018-08-11,2023-04-08,1701,SP,Cível - Outros,65445.89,Provável,0.81,52927.19,109924.57,Encerrado
PROC-2026-01129,2018-06-18,2021-04-23,1040,SP,Cível - Outros,396822.73,Provável,0.86,339533.92,57811.4,Encerrado
PROC-2026-01130,2018-05-26,2022-03-12,1386,SP,Cível - Execução,249709.41,Provável,0.85,211136.34,67924.11,Ativo
PROC-2026-01131,2017-02-01,2020-07-15,1260,SP,Cível - Execução,442087.82,Provável,0.75,331266.77,59249.55,Encerrado
PROC-2026-01132,2016-05-07,2017-06-16,405,SP,Cível - Execução,497704.91,Provável,0.71,355418.86,8530.51,Encerrado
PROC-2026-01133,2018-04-06,2020-10-10,918,SP,Cível - Execução,166887.67,Provável,0.77,128773.12,57253.09,Ativo
PROC-2026-01134,2018-04-21,2019-03-07,320,SP,Cível - Execução,438352.56,Provável,0.92,401913.71,7019.66,Ativo
PROC-2026-01135,2017-02-10,2022-01-20,1805,SP,Cível - Execução,481800.8,Provável,0.79,379711.33,46905.06,Encerrado
PROC-2026-01136,2016-01-06,2027-06-13,4176,SP,Cível - Outros,301272.79,Provável,0.95,285514.15,249288.83,Encerrado
PROC-2026-01137,2015-09-30,2019-01-12,1200,SP,Cível - Outros,442313.07,Possível,0.64,221156.53,29156.29,Encerrado
PROC-2026-01138,2017-10-02,2022-12-23,1908,SP,Cível - Execução,129738.46,Provável,0.84,108829.37,62663.52,Encerrado
PROC-2026-01139,2016-09-25,2024-05-01,2775,SP,Cível - Outros,47362.28,Provável,0.75,35747.84,67802.54,Encerrado
PROC-2026-01140,2015-08-14,2020-07-23,1805,SP,Cível - Execução,495907.64,Provável,0.93,459256.44,38171.47,Encerrado
PROC-2026-01141,2016-07-05,2020-02-11,1316,SP,Cível - Outros,41581.14,Provável,0.91,37946.45,70984.86,Ativo
PROC-2026-01142,2017-12-05,2026-01-28,2976,SP,Cível - Outros,152286.62,Possível,0.36,76143.31,104336.39,Ativo
PROC-2026-01143,2017-01-04,2022-04-09,1921,SP,Cível - Execução,72280.3,Provável,0.82,59215.68,75328.15,Ativo
PROC-2026-01144,2015-07-24,2018-03-19,969,SP,Cível - Execução,162624.98,Provável,0.9,145779.52,50312.01,Ativo
PROC-2026-01145,2018-09-28,2020-01-21,480,SP,Cível - Execução,149102.54,Possível,0.52,74551.27,24990.05,Encerrado
PROC-2026-01146,2015-08-02,2018-04-14,986,SP,Cível - Execução,210562.28,Provável,0.75,158316.04,27583.98,Encerrado
PROC-2026-01147,2019-05-31,2041-02-04,7920,SP,Cível - Execução,442649.37,Provável,0.81,357202.01,231088.75,Encerrado
PROC-2026-01148,2016-07-17,2021-10-19,1920,SP,Cível - Outros,490148.83,Possível,0.41,245074.41,63527.47,Encerrado
PROC-2026-01149,2019-11-30,2023-08-11,1350,SP,Cível - Execução,318076.79,Provável,1.0,317739.65,75184.21,Encerrado
PROC-2026-01150,2015-09-08,2020-05-06,1702,SP,Cível - Execução,39644.32,Provável,0.93,36987.3,79811.79,Ativo
PROC-2026-01151,2015-03-21,2018-11-24,1344,SP,Cível - Outros,373180.29,Provável,0.73,273116.71,33347.78,Encerrado
PROC-2026-01152,2019-01-25,2036-02-25,6240,SP,Cível - Outros,89943.43,Possível,0.47,44971.72,329705.13,Encerrado
PROC-2026-01153,2016-03-24,2020-06-07,1536,SP,Cível - Execução,268417.58,Provável,0.95,253866.99,84190.86,Encerrado
PROC-2026-01154,2018-04-12,2019-02-14,308,SP,Cível - Outros,304004.19,Provável,0.85,257045.13,5671.84,Encerrado
PROC-2026-01155,2018-04-22,2024-08-12,2304,SP,Cível - Outros,288121.5,Provável,0.96,275784.44,49658.43,Encerrado
PROC-2026-01156,2016-04-14,2027-03-01,3973,SP,Cível - Execução,466155.1,Provável,0.83,388734.07,135808.54,Ativo
PROC-2026-01157,2019-11-07,2025-01-17,1898,SP,Cível - Execução,460648.27,Possível,0.41,230324.14,118274.68,Encerrado
PROC-2026-01158,2018-01-08,2020-08-25,960,SP,Cível - Execução,86565.81,Provável,0.93,80221.63,49505.73,Ativo
PROC-2026-01159,2019-01-29,2028-02-23,3312,SP,Cível - Execução,320925.72,Provável,0.83,266446.41,78135.22,Encerrado
PROC-2026-01160,2019-02-03,2023-01-01,1428,SP,Cível - Execução,255776.82,Provável,0.91,232408.09,46756.45,Ativo
PROC-2026-01161,2019-07-22,2023-10-29,1560,SP,Cível - Execução,87777.68,Provável,0.77,67500.64,66159.01,Encerrado
PROC-2026-01162,2018-05-31,2024-04-27,2158,SP,Cível - Execução,66389.83,Provável,0.71,47379.91,69241.75,Ativo
PROC-2026-01163,2018-01-13,2023-04-22,1925,SP,Cível - Outros,256248.05,Provável,0.81,208218.17,50537.01,Encerrado
PROC-2026-01164,2017-05-31,2019-08-29,820,SP,Cível - Execução,385504.91,Provável,0.79,304657.92,34475.76,Encerrado
PROC-2026-01165,2017-06-20,2026-06-09,3276,SP,Cível - Execução,240194.92,Provável,0.71,169413.0,176957.84,Encerrado
PROC-2026-01166,2019-10-04,2021-10-21,748,SP,Cível - Indenizatória,96736.82,Provável,0.89,86442.61,43576.28,Encerrado
PROC-2026-01167,2018-10-31,2022-01-27,1184,SP,Cível - Outros,304731.46,Provável,0.74,225422.61,27964.21,Ativo
PROC-2026-01168,2016-01-02,2021-07-09,2015,SP,Cível - Execução,376134.58,Provável,0.77,290783.01,112565.93,Ativo
PROC-2026-01169,2015-11-25,2019-07-15,1328,SP,Cível - Outros,445076.59,Provável,0.89,395402.06,30243.61,Encerrado
PROC-2026-01170,2019-03-09,2022-05-20,1168,SP,Cível - Execução,83416.0,Provável,0.97,80624.36,70472.83,Encerrado
PROC-2026-01171,2018-04-29,2028-08-28,3774,SP,Cível - Execução,218775.41,Provável,0.91,198455.82,96212.34,Encerrado
PROC-2026-01172,2015-04-30,2024-05-27,3315,SP,Cível - Execução,307778.81,Provável,0.74,226637.96,203662.55,Ativo
PROC-2026-01173,2019-04-12,2021-06-12,792,SP,Cível - Execução,231287.91,Provável,0.96,221183.62,43759.91,Encerrado
PROC-2026-01174,2019-10-31,2027-01-09,2627,SP,Cível - Execução,447380.4,Provável,0.82,367148.61,123166.99,Encerrado
PROC-2026-01175,2016-05-02,2022-06-22,2242,SP,Cível - Outros,167717.0,Provável,0.71,119534.39,108626.24,Encerrado
PROC-2026-01176,2015-05-14,2016-08-18,462,SP,Cível - Execução,272856.93,Provável,0.86,235192.94,30328.46,Encerrado
PROC-2026-01177,2015-02-22,2027-05-30,4480,SP,Cível - Execução,82384.33,Possível,0.59,41192.16,81819.75,Encerrado
PROC-2026-01178,2018-10-25,2022-04-07,1260,SP,Cível - Outros,171450.08,Provável,0.95,162166.35,45780.56,Encerrado
PROC-2026-01179,2017-11-20,2020-03-27,858,SP,Cível - Outros,180963.36,Provável,0.99,179153.13,39613.79,Ativo
PROC-2026-01180,2015-12-03,2020-07-09,1680,SP,Cível - Outros,443835.03,Possível,0.38,221917.51,91752.82,Encerrado
PROC-2026-01181,2019-07-27,2029-02-04,3480,SP,Cível - Outros,21233.53,Possível,0.4,10616.76,209825.8,Ativo
PROC-2026-01182,2018-11-09,2020-12-02,754,SP,Cível - Outros,368230.69,Provável,0.79,291331.57,37814.85,Ativo
PROC-2026-01183,2017-01-27,2031-08-22,5320,SP,Cível - Execução,112926.06,Provável,0.91,103026.77,294220.34,Encerrado
PROC-2026-01184,2019-03-05,2038-04-23,6989,SP,Cível - Outros,370981.26,Provável,0.89,329756.3,321861.96,Ativo
PROC-2026-01185,2019-06-11,2024-03-31,1755,SP,Cível - Execução,332565.88,Provável,0.96,319612.26,51895.76,Ativo
PROC-2026-01186,2018-03-20,2023-11-17,2068,SP,Cível - Execução,123742.66,Provável,0.83,102667.06,107540.39,Encerrado
PROC-2026-01187,2016-12-28,2019-10-30,1036,SP,Cível - Outros,54131.77,Provável,0.71,38413.55,65145.16,Ativo
PROC-2026-01188,2018-08-18,2020-08-09,722,SP,Cível - Execução,249831.96,Possível,0.35,124915.98,31795.34,Encerrado
PROC-2026-01189,2019-09-27,2026-06-19,2457,SP,Cível - Outros,14054.7,Possível,0.53,7027.35,76428.84,Encerrado
PROC-2026-01190,2018-11-28,2034-12-10,5856,SP,Cível - Execução,482732.6,Possível,0.44,241366.3,346716.63,Ativo
PROC-2026-01191,2017-12-25,2023-02-22,1885,SP,Cível - Outros,95791.54,Provável,0.95,91331.03,96249.64,Encerrado
PROC-2026-01192,2019-09-27,2032-11-02,4785,SP,Cível - Execução,190251.68,Provável,0.96,182552.18,165457.04,Encerrado
PROC-2026-01193,2016-01-24,2018-01-07,714,SP,Cível - Execução,469570.88,Provável,0.72,336938.92,19167.84,Ativo
PROC-2026-01194,2016-09-11,2019-08-05,1058,SP,Cível - Outros,403386.05,Provável,0.9,361965.67,18471.57,Encerrado
PROC-2026-01195,2018-06-15,2021-05-23,1073,SP,Cível - Outros,62464.76,Possível,0.63,31232.38,58208.96,Encerrado
PROC-2026-01196,2018-08-06,2020-04-27,630,SP,Cível - Execução,499190.88,Possível,0.34,249595.44,13670.29,Ativo
PROC-2026-01197,2015-07-07,2024-02-02,3132,SP,Cível - Outros,195742.2,Provável,0.92,179344.32,159098.3,Encerrado
PROC-2026-01198,2017-07-29,2021-06-29,1431,SP,Cível - Outros,324891.11,Provável,0.98,316848.84,88225.42,Ativo
PROC-2026-01199,2019-11-17,2021-04-10,510,SP,Cível - Execução,405613.8,Provável,0.87,353847.58,23746.28,Ativo
PROC-2026-01200,2015-12-29,2018-11-25,1062,SP,Cível - Execução,184070.62,Provável,0.71,130527.41,70794.91,Encerrado
PROC-2026-01201,2019-10-14,2033-06-14,4992,SP,Cível - Execução,142394.15,Provável,0.9,128463.24,173418.26,Encerrado
PROC-2026-01202,2018-03-25,2019-07-28,490,SP,Cível - Execução,331780.1,Provável,0.99,329164.95,25953.9,Ativo
PROC-2026-01203,2016-04-26,2029-07-19,4832,SP,Cível - Outros,398400.8,Provável,0.73,291943.83,174172.93,Encerrado
PROC-2026-01204,2017-03-30,2027-09-09,3815,SP,Cível - Outros,149708.76,Provável,0.73,109747.71,168969.02,Encerrado
PROC-2026-01205,2017-05-25,2027-09-30,3780,SP,Cível - Outros,432287.77,Provável,0.97,419298.27,125026.18,Ativo
PROC-2026-01206,2016-07-30,2033-02-19,6048,SP,Cível - Execução,142860.97,Provável,0.94,134145.48,350501.07,Ativo
PROC-2026-01207,2017-01-19,2020-06-20,1248,SP,Cível - Outros,476205.9,Provável,0.95,452834.17,34633.64,Ativo
PROC-2026-01208,2015-08-19,2023-09-18,2952,SP,Cível - Outros,73965.05,Provável,0.84,62356.6,193653.84,Ativo
PROC-2026-01209,2017-11-09,2020-03-28,870,SP,Cível - Execução,313954.18,Provável,0.74,233107.11,57744.23,Ativo
PROC-2026-01210,2017-01-19,2018-06-16,513,SP,Cível - Outros,108847.45,Possível,0.47,54423.73,20421.98,Encerrado
PROC-2026-01211,2015-12-01,2017-11-26,726,SP,Cível - Outros,221870.37,Provável,0.87,193261.04,36964.42,Encerrado
PROC-2026-01212,2016-11-17,2024-07-18,2800,SP,Cível - Execução,60067.47,Provável,0.93,55740.17,125986.92,Encerrado
PROC-2026-01213,2015-07-23,2017-02-22,580,SP,Cível - Execução,382977.31,Provável,0.84,321492.55,28478.05,Encerrado
PROC-2026-01214,2015-04-22,2017-10-04,896,SP,Cível - Execução,133824.35,Provável,0.89,118628.66,39983.7,Ativo
PROC-2026-01215,2018-06-20,2023-08-21,1888,SP,Cível - Execução,146551.26,Provável,0.8,117591.11,106740.68,Ativo
PROC-2026-01216,2019-04-15,2020-06-23,435,SP,Cível - Execução,150385.1,Provável,0.9,135904.61,7436.56,Ativo
PROC-2026-01217,2018-05-09,2023-01-30,1727,SP,Cível - Outros,418679.89,Provável,0.97,406978.07,85806.61,Ativo
PROC-2026-01218,2018-11-08,2023-08-10,1736,SP,Cível - Outros,383830.35,Provável,0.73,280839.86,59579.19,Ativo
PROC-2026-01219,2019-10-19,2028-04-29,3115,SP,Cível - Outros,224463.8,Provável,0.91,203605.48,150563.66,Encerrado
PROC-2026-01220,2016-10-16,2027-07-06,3915,SP,Cível - Indenizatória,288752.25,Provável,0.93,267242.19,175303.77,Ativo
PROC-2026-01221,2016-04-06,2026-12-14,3904,SP,Cível - Execução,117781.63,Possível,0.33,58890.81,146728.25,Ativo
PROC-2026-01222,2019-02-23,2020-10-15,600,SP,Cível - Execução,446660.66,Provável,0.95,423689.9,14552.68,Encerrado
PROC-2026-01223,2016-02-02,2018-05-22,840,SP,Cível - Outros,313712.02,Provável,0.87,272943.73,34617.6,Encerrado
PROC-2026-01224,2017-03-01,2020-07-31,1248,SP,Cível - Execução,254022.77,Provável,0.72,183410.17,70129.46,Ativo
PROC-2026-01225,2019-01-15,2022-04-09,1180,SP,Cível - Outros,381615.46,Possível,0.48,190807.73,33557.72,Ativo
PROC-2026-01226,2018-06-02,2026-12-29,3132,SP,Cível - Outros,178801.82,Provável,0.72,128619.77,115186.96,Encerrado
PROC-2026-01227,2017-01-12,2021-01-01,1450,SP,Cível - Execução,438345.57,Provável,0.94,410720.3,50608.16,Encerrado
PROC-2026-01228,2019-11-10,2025-11-18,2200,SP,Cível - Outros,288591.74,Provável,0.76,219418.79,129159.02,Ativo
PROC-2026-01229,2018-05-26,2029-06-02,4025,SP,Cível - Indenizatória,106195.33,Provável,0.75,79154.58,110419.62,Ativo
PROC-2026-01230,2019-08-18,2034-10-26,5548,SP,Cível - Outros,92952.53,Possível,0.37,46476.27,194105.85,Ativo
PROC-2026-01231,2017-12-19,2026-02-20,2985,SP,Trabalhista,449086.03,Provável,0.73,327617.35,136998.0,Encerrado
PROC-2026-01232,2018-04-11,2030-05-01,4403,SP,Cível - Execução,358442.02,Possível,0.58,179221.01,269582.26,Ativo
PROC-2026-01233,2017-05-22,2026-01-23,3168,SP,Cível - Execução,89938.03,Provável,1.0,89700.19,174431.76,Encerrado
PROC-2026-01234,2018-06-14,2028-11-04,3796,SP,Cível - Execução,243295.32,Provável,0.74,180797.57,77128.58,Encerrado
PROC-2026-01235,2019-07-22,2022-11-03,1200,SP,Cível - Execução,237842.09,Possível,0.48,118921.05,20529.87,Encerrado
PROC-2026-01236,2017-07-23,2023-02-22,2040,SP,Cível - Execução,469687.79,Provável,0.71,332680.7,119404.4,Ativo
PROC-2026-01237,2017-09-05,2023-10-10,2226,SP,Cível - Execução,123423.89,Provável,0.98,120651.53,96866.29,Encerrado
PROC-2026-01238,2016-07-15,2024-06-28,2905,SP,Cível - Execução,334731.4,Provável,0.97,323679.78,152760.24,Encerrado
PROC-2026-01239,2019-07-23,2023-12-05,1596,SP,Cível - Execução,83909.2,Provável,0.98,82598.97,38688.41,Encerrado
PROC-2026-01240,2015-05-07,2021-12-01,2400,SP,Cível - Execução,447979.17,Provável,0.81,363490.99,70375.86,Ativo
PROC-2026-01241,2018-01-18,2021-08-30,1320,SP,Cível - Outros,283057.7,Possível,0.46,141528.85,85005.74,Encerrado
PROC-2026-01242,2018-08-28,2030-12-23,4500,SP,Cível - Execução,66563.07,Possível,0.57,33281.54,118485.26,Ativo
PROC-2026-01243,2018-12-04,2020-09-12,648,SP,Cível - Outros,329852.05,Possível,0.53,164926.02,20326.51,Encerrado
PROC-2026-01244,2019-08-03,2029-07-15,3634,SP,Cível - Outros,161118.89,Provável,0.83,133917.17,173801.9,Encerrado
PROC-2026-01245,2017-10-05,2032-01-25,5225,SP,Cível - Outros,472195.69,Provável,0.91,430739.94,269764.9,Ativo
PROC-2026-01246,2019-02-05,2029-01-31,3648,SP,Cível - Execução,94297.96,Provável,0.75,70401.37,170268.31,Encerrado
PROC-2026-01247,2017-07-14,2019-10-20,828,SP,Cível - Execução,320716.92,Possível,0.49,160358.46,36718.53,Ativo
PROC-2026-01248,2015-11-22,2022-09-05,2479,SP,Cível - Execução,214390.06,Provável,0.89,190566.1,162134.42,Encerrado
PROC-2026-01249,2015-06-04,2021-02-06,2074,SP,Cível - Execução,324116.58,Possível,0.58,162058.29,36764.02,Ativo
PROC-2026-01250,2017-11-17,2021-09-17,1400,SP,Cível - Execução,263804.4,Possível,0.46,131902.2,69264.11,Encerrado
PROC-2026-01251,2019-05-14,2021-02-08,636,SP,Cível - Execução,191495.31,Provável,0.87,167225.18,26858.74,Encerrado
PROC-2026-01252,2016-06-17,2019-01-01,928,SP,Cível - Execução,421073.15,Provável,0.96,405117.06,27892.4,Encerrado
PROC-2026-01253,2019-07-11,2027-05-10,2860,SP,Cível - Execução,371730.81,Provável,0.74,274640.56,120099.95,Encerrado
PROC-2026-01254,2015-05-26,2018-06-17,1118,SP,Cível - Outros,127316.19,Provável,0.77,97532.34,51463.33,Encerrado
PROC-2026-01255,2018-11-02,2024-08-10,2108,SP,Cível - Execução,403595.87,Possível,0.33,201797.94,134976.21,Encerrado
PROC-2026-01256,2015-05-26,2020-02-17,1728,SP,Cível - Execução,129149.69,Provável,0.81,104756.5,57084.8,Encerrado
PROC-2026-01257,2015-08-16,2018-09-05,1116,SP,Cível - Execução,169166.93,Provável,0.83,141223.01,52406.56,Encerrado
PROC-2026-01258,2015-12-03,2023-10-30,2888,SP,Cível - Execução,474565.7,Possível,0.49,237282.85,69805.85,Encerrado
PROC-2026-01259,2018-01-31,2027-08-24,3492,SP,Cível - Outros,401622.14,Possível,0.54,200811.07,223135.79,Ativo
PROC-2026-01260,2017-06-20,2021-11-16,1610,SP,Cível - Execução,248380.51,Possível,0.63,124190.26,26982.57,Encerrado
PROC-2026-01261,2019-11-04,2027-09-23,2880,SP,Cível - Execução,173264.8,Possível,0.36,86632.4,94884.92,Encerrado
PROC-2026-01262,2018-03-15,2049-08-09,11470,SP,Cível - Outros,389233.53,Possível,0.43,194616.76,395630.62,Ativo
PROC-2026-01263,2016-04-09,2018-04-14,735,SP,Cível - Outros,198340.63,Provável,0.89,176994.34,12619.34,Encerrado
PROC-2026-01264,2016-12-13,2018-12-08,725,SP,Cível - Outros,137028.4,Provável,0.73,100514.86,27937.59,Encerrado
PROC-2026-01265,2018-02-26,2032-03-27,5143,SP,Cível - Outros,389003.99,Provável,0.73,283250.97,214854.44,Encerrado
PROC-2026-01266,2015-08-30,2020-11-01,1890,SP,Cível - Execução,136582.85,Possível,0.52,68291.42,99998.05,Ativo
PROC-2026-01267,2015-11-12,2021-11-21,2201,SP,Cível - Execução,90977.58,Provável,0.91,82408.59,48672.86,Encerrado
PROC-2026-01268,2015-05-17,2017-07-17,792,SP,Cível - Indenizatória,427688.78,Provável,0.94,401067.6,29545.75,Encerrado
PROC-2026-01269,2017-05-15,2030-08-28,4853,SP,Cível - Execução,431707.11,Provável,0.93,402948.93,259559.73,Ativo
PROC-2026-01270,2017-05-12,2020-02-14,1008,SP,Cível - Execução,422855.66,Provável,0.91,385676.42,57531.48,Encerrado
PROC-2026-01271,2018-04-27,2019-12-12,594,SP,Cível - Execução,470873.53,Provável,0.8,377862.04,33005.62,Ativo
PROC-2026-01272,2018-10-17,2028-11-15,3682,SP,Cível - Outros,419115.85,Provável,0.74,311994.03,180794.17,Ativo
PROC-2026-01273,2015-06-05,2016-12-11,555,SP,Cível - Execução,29865.64,Provável,0.74,22130.66,18657.73,Ativo
PROC-2026-01274,2018-02-20,2021-08-16,1273,SP,Cível - Indenizatória,277579.61,Provável,0.86,238373.58,32091.87,Encerrado
PROC-2026-01275,2017-03-03,2018-04-27,420,SP,Cível - Execução,123088.51,Possível,0.52,61544.26,20880.08,Encerrado
PROC-2026-01276,2017-07-01,2020-02-08,952,SP,Cível - Outros,284125.65,Possível,0.44,142062.83,57487.02,Ativo
PROC-2026-01277,2019-10-03,2035-08-12,5792,SP,Cível - Execução,251274.1,Provável,0.96,240817.63,236565.71,Encerrado
PROC-2026-01278,2019-08-17,2023-06-21,1404,SP,Cível - Outros,52143.64,Possível,0.42,26071.82,71227.57,Encerrado
PROC-2026-01279,2015-03-10,2024-05-27,3366,SP,Cível - Execução,242379.93,Provável,0.93,225066.46,193647.29,Ativo
PROC-2026-01280,2016-03-18,2031-08-03,5616,SP,Cível - Execução,411017.66,Provável,0.85,351377.43,278607.9,Encerrado
PROC-2026-01281,2015-01-12,2016-07-23,558,SP,Cível - Execução,246086.16,Provável,0.94,231439.21,36624.15,Ativo
PROC-2026-01282,2019-06-29,2020-02-24,240,SP,Cível - Outros,341308.27,Possível,0.31,170654.13,4390.36,Encerrado
PROC-2026-01283,2017-12-27,2024-03-17,2272,SP,Cível - Outros,146559.27,Provável,0.75,109575.61,98652.69,Ativo
PROC-2026-01284,2016-07-31,2029-02-09,4576,SP,Cível - Execução,444447.66,Provável,0.88,391498.27,234630.45,Ativo
PROC-2026-01285,2019-04-02,2027-01-12,2842,SP,Cível - Execução,250359.27,Provável,0.77,191678.8,186330.1,Encerrado
PROC-2026-01286,2017-05-11,2027-03-20,3600,SP,Cível - Outros,294673.72,Possível,0.6,147336.86,239215.22,Encerrado
PROC-2026-01287,2016-04-06,2017-12-07,610,SP,Cível - Execução,281915.67,Provável,0.9,254363.85,27151.59,Ativo
PROC-2026-01288,2017-11-20,2022-08-30,1744,SP,Cível - Execução,72984.78,Provável,0.82,59895.86,56082.81,Encerrado
PROC-2026-01289,2016-09-16,2018-01-05,476,SP,Cível - Execução,463052.68,Provável,0.92,424409.96,9245.77,Ativo
PROC-2026-01290,2018-12-31,2022-06-13,1260,SP,Cível - Execução,263037.18,Provável,0.85,224722.09,70579.49,Encerrado
PROC-2026-01291,2017-02-11,2030-07-12,4899,SP,Cível - Indenizatória,261287.65,Provável,0.95,247464.44,195782.76,Ativo
PROC-2026-01292,2018-04-07,2024-11-19,2418,SP,Cível - Execução,471550.45,Provável,0.75,353022.66,47740.95,Encerrado
PROC-2026-01293,2016-10-03,2022-12-29,2278,SP,Cível - Execução,393358.07,Provável,0.99,388980.71,86651.72,Encerrado
PROC-2026-01294,2015-08-04,2027-06-29,4347,SP,Cível - Execução,313407.02,Provável,0.84,262269.52,216426.03,Ativo
PROC-2026-01295,2016-07-04,2033-05-12,6156,SP,Cível - Execução,352697.1,Provável,0.93,327503.93,117953.74,Ativo
PROC-2026-01296,2019-02-07,2031-10-06,4624,SP,Cível - Execução,260281.89,Possível,0.3,130140.94,105819.58,Encerrado
PROC-2026-01297,2015-03-04,2017-08-20,900,SP,Cível - Outros,37387.84,Provável,0.85,31698.98,24196.9,Encerrado
PROC-2026-01298,2019-09-13,2041-11-01,8085,SP,Cível - Execução,115826.15,Provável,0.82,94578.68,405260.86,Ativo
PROC-2026-01299,2019-03-20,2020-01-22,308,SP,Cível - Execução,315587.28,Provável,0.93,294342.66,17637.41,Encerrado
PROC-2026-01300,2015-04-12,2026-06-03,4070,SP,Cível - Execução,187323.97,Provável,0.77,143875.86,210100.87,Encerrado
PROC-2026-01301,2016-09-03,2022-04-05,2040,SP,Cível - Execução,66575.97,Provável,0.92,60960.5,92486.8,Encerrado
PROC-2026-01302,2018-05-18,2019-01-13,240,SP,Cível - Outros,6894.93,Provável,0.73,5010.6,12193.04,Ativo
PROC-2026-01303,2018-07-13,2025-01-24,2387,SP,Cível - Outros,249106.27,Possível,0.64,124553.13,79966.24,Ativo
PROC-2026-01304,2015-08-11,2032-03-02,6048,SP,Cível - Execução,264793.5,Provável,0.85,226286.69,373642.5,Encerrado
PROC-2026-01305,2017-11-09,2028-06-08,3864,SP,Cível - Execução,304355.07,Possível,0.4,152177.54,164191.83,Encerrado
PROC-2026-01306,2016-12-07,2022-01-10,1860,SP,Cível - Execução,97989.97,Provável,0.79,77711.28,83581.43,Encerrado
PROC-2026-01307,2016-05-11,2018-12-13,946,SP,Cível - Execução,31538.78,Provável,0.89,28009.48,26194.86,Encerrado
PROC-2026-01308,2017-09-19,2021-05-04,1323,SP,Cível - Outros,13221.4,Possível,0.34,6610.7,68614.41,Encerrado
PROC-2026-01309,2017-06-27,2024-09-24,2646,SP,Cível - Execução,422730.46,Provável,0.71,300861.21,162230.12,Encerrado
PROC-2026-01310,2018-11-25,2025-12-14,2576,SP,Cível - Execução,357022.96,Provável,0.8,286627.49,59241.26,Encerrado
PROC-2026-01311,2018-03-24,2025-06-16,2641,SP,Cível - Execução,463909.34,Provável,0.73,340793.09,154024.34,Encerrado
PROC-2026-01312,2015-12-19,2017-03-31,468,SP,Cível - Outros,377716.27,Provável,0.95,358117.43,28391.48,Ativo
PROC-2026-01313,2018-04-19,2019-12-18,608,SP,Cível - Outros,407938.51,Possível,0.48,203969.26,11184.99,Ativo
PROC-2026-01314,2015-06-16,2017-11-20,888,SP,Cível - Execução,125256.56,Provável,0.92,115479.55,49251.29,Ativo
PROC-2026-01315,2019-04-18,2024-01-22,1740,SP,Cível - Execução,378236.38,Provável,0.96,362642.54,50763.03,Ativo
PROC-2026-01316,2019-05-27,2024-12-30,2044,SP,Cível - Execução,243118.96,Provável,0.91,222081.41,124237.92,Encerrado
PROC-2026-01317,2019-03-14,2024-09-19,2016,SP,Cível - Execução,304195.02,Provável,0.79,238814.73,34643.36,Encerrado
PROC-2026-01318,2018-05-17,2021-04-26,1075,SP,Cível - Execução,402047.33,Provável,0.82,329723.62,56400.91,Ativo
PROC-2026-01319,2019-06-14,2020-11-23,528,SP,Cível - Execução,6587.99,Possível,0.6,3293.99,13817.48,Encerrado
PROC-2026-01320,2017-02-03,2019-09-27,966,SP,Cível - Indenizatória,398018.69,Provável,0.8,319413.43,29483.3,Encerrado
PROC-2026-01321,2017-08-09,2026-11-22,3392,SP,Cível - Execução,194111.44,Possível,0.35,97055.72,206742.28,Encerrado
PROC-2026-01322,2019-03-09,2034-04-15,5516,SP,Cível - Execução,117965.95,Provável,0.96,113811.23,168140.34,Encerrado
PROC-2026-01323,2016-07-30,2020-12-14,1598,SP,Cível - Execução,90936.06,Provável,0.98,89190.14,78638.45,Ativo
PROC-2026-01324,2015-12-16,2027-05-23,4176,SP,Cível - Outros,133062.92,Provável,0.85,112599.24,140296.56,Encerrado
PROC-2026-01325,2015-01-15,2022-08-29,2783,SP,Cível - Outros,380559.31,Provável,0.72,273752.95,47040.06,Encerrado
PROC-2026-01326,2017-07-30,2024-02-24,2400,SP,Cível - Outros,91015.09,Provável,0.7,63749.17,125315.06,Encerrado
PROC-2026-01327,2019-02-08,2031-01-26,4370,SP,Cível - Outros,272217.72,Possível,0.34,136108.86,80298.39,Ativo
PROC-2026-01328,2018-12-10,2024-01-23,1870,SP,Cível - Outros,54902.2,Provável,1.0,54706.68,86978.49,Encerrado
PROC-2026-01329,2016-05-10,2021-08-16,1924,SP,Cível - Execução,402440.22,Provável,0.97,388372.11,87538.06,Encerrado
PROC-2026-01330,2019-12-02,2023-01-25,1150,SP,Cível - Execução,63122.14,Provável,0.95,60205.51,76102.71,Ativo
PROC-2026-01331,2015-05-18,2025-09-16,3774,SP,Cível - Execução,61952.25,Possível,0.31,30976.12,240040.68,Encerrado
PROC-2026-01332,2016-10-30,2023-07-02,2436,SP,Cível - Execução,317315.02,Provável,0.98,309544.24,161374.47,Ativo
PROC-2026-01333,2015-05-19,2024-12-19,3502,SP,Cível - Outros,311949.54,Provável,0.72,223189.53,202737.19,Ativo
PROC-2026-01334,2018-07-08,2034-01-06,5661,SP,Cível - Execução,421812.16,Provável,0.73,308763.01,160107.75,Encerrado
PROC-2026-01335,2017-10-07,2031-03-14,4906,SP,Cível - Execução,217603.22,Provável,0.82,177474.47,170316.96,Ativo
PROC-2026-01336,2016-05-21,2018-05-11,720,SP,Cível - Indenizatória,436970.16,Provável,0.94,408647.42,15071.95,Encerrado
PROC-2026-01337,2017-04-06,2018-11-15,588,SP,Cível - Execução,68633.73,Provável,0.82,56039.38,27338.51,Encerrado
PROC-2026-01338,2015-10-05,2018-04-28,936,SP,Cível - Execução,129962.89,Provável,0.93,120358.47,61552.65,Ativo
PROC-2026-01339,2017-06-16,2033-08-21,5910,SP,Trabalhista,358995.37,Provável,0.81,290026.89,331811.89,Ativo
PROC-2026-01340,2019-11-12,2024-06-18,1680,SP,Cível - Execução,238322.37,Provável,0.98,233928.64,55245.11,Encerrado
PROC-2026-01341,2016-04-28,2024-07-05,2990,SP,Cível - Outros,33457.33,Provável,0.76,25270.6,140439.48,Encerrado
PROC-2026-01342,2015-09-28,2030-01-07,5215,SP,Cível - Indenizatória,100671.39,Provável,0.96,96273.43,262677.46,Ativo
PROC-2026-01343,2018-04-20,2031-08-10,4860,SP,Cível - Execução,189153.67,Provável,0.79,149193.03,102757.48,Ativo
PROC-2026-01344,2018-01-02,2024-04-30,2310,SP,Cível - Execução,109459.16,Possível,0.56,54729.58,142765.88,Encerrado
PROC-2026-01345,2018-11-14,2024-04-16,1980,SP,Cível - Execução,93294.25,Provável,0.83,77311.41,58093.57,Ativo
PROC-2026-01346,2016-08-29,2023-05-29,2464,SP,Cível - Execução,332304.88,Provável,0.84,278002.41,83719.17,Encerrado
PROC-2026-01347,2015-10-15,2017-05-13,576,SP,Cível - Outros,8947.51,Provável,0.73,6511.12,30573.16,Ativo
PROC-2026-01348,2018-10-18,2028-01-21,3382,SP,Cível - Indenizatória,488930.12,Provável,0.94,460409.18,210777.78,Encerrado
PROC-2026-01349,2018-05-16,2027-04-23,3264,SP,Cível - Outros,400258.07,Possível,0.37,200129.04,70150.53,Encerrado
PROC-2026-01350,2019-08-07,2032-07-01,4712,SP,Cível - Outros,265223.6,Provável,0.85,226604.29,224514.75,Encerrado
PROC-2026-01351,2017-01-28,2019-06-07,860,SP,Cível - Execução,384306.59,Provável,0.72,278085.63,18390.67,Ativo
PROC-2026-01352,2019-04-30,2022-12-01,1311,SP,Cível - Outros,372585.12,Possível,0.43,186292.56,85373.6,Encerrado
PROC-2026-01353,2015-01-01,2020-09-06,2075,SP,Cível - Execução,79896.22,Provável,0.98,78276.31,72068.07,Encerrado
PROC-2026-01354,2017-08-11,2021-06-14,1403,SP,Cível - Execução,450961.32,Provável,0.82,369014.94,61150.85,Encerrado
PROC-2026-01355,2016-01-05,2028-10-06,4658,SP,Cível - Indenizatória,146466.62,Provável,0.95,139107.77,106314.2,Encerrado
PROC-2026-01356,2016-04-16,2029-11-04,4950,SP,Cível - Outros,240820.85,Provável,0.85,204354.32,93453.83,Encerrado
PROC-2026-01357,2017-09-02,2019-03-14,558,SP,Cível - Outros,425868.59,Provável,0.79,338318.36,10628.47,Encerrado
PROC-2026-01358,2015-07-05,2018-01-14,924,SP,Cível - Execução,268795.35,Provável,0.78,209310.61,34736.29,Encerrado
PROC-2026-01359,2019-09-05,2037-11-11,6642,SP,Cível - Execução,108614.94,Provável,0.73,79190.17,225758.95,Ativo
PROC-2026-01360,2018-03-22,2027-07-23,3410,SP,Cível - Outros,220091.33,Provável,0.76,167119.9,92562.57,Encerrado
PROC-2026-01361,2015-08-07,2022-04-29,2457,SP,Cível - Execução,151257.1,Provável,0.86,129795.12,163487.6,Encerrado
PROC-2026-01362,2019-01-14,2029-05-21,3780,SP,Cível - Execução,247377.7,Provável,0.79,196249.93,131510.75,Ativo
PROC-2026-01363,2017-08-20,2020-10-03,1140,SP,Cível - Execução,478369.99,Possível,0.61,239184.99,55477.05,Ativo
PROC-2026-01364,2015-10-10,2018-09-06,1062,SP,Cível - Outros,422083.94,Possível,0.31,211041.97,45875.72,Ativo
PROC-2026-01365,2019-03-17,2021-04-23,768,SP,Cível - Execução,39700.16,Provável,0.8,31602.92,13189.17,Encerrado
PROC-2026-01366,2018-10-28,2038-05-16,7140,SP,Trabalhista,320711.18,Provável,0.72,231268.56,190516.37,Ativo
PROC-2026-01367,2016-10-28,2023-07-28,2464,SP,Cível - Execução,160841.52,Provável,0.85,136028.34,55673.3,Encerrado
PROC-2026-01368,2017-07-18,2025-10-20,3016,SP,Cível - Execução,70875.75,Provável,0.75,53315.08,137079.36,Encerrado
PROC-2026-01369,2019-04-16,2025-05-14,2220,SP,Cível - Execução,469401.9,Possível,0.58,234700.95,116782.64,Encerrado
PROC-2026-01370,2017-04-24,2022-02-07,1750,SP,Cível - Execução,64840.26,Provável,0.76,49465.98,60094.9,Ativo
PROC-2026-01371,2018-08-09,2023-05-30,1755,SP,Cível - Execução,260489.65,Provável,0.8,207721.97,79775.16,Ativo
PROC-2026-01372,2017-04-21,2025-04-06,2907,SP,Cível - Execução,318980.87,Provável,0.95,303309.0,94281.51,Encerrado
PROC-2026-01373,2016-12-11,2022-03-31,1936,SP,Cível - Execução,289122.05,Provável,0.79,228093.67,112723.84,Encerrado
PROC-2026-01374,2019-05-03,2020-12-11,588,SP,Cível - Indenizatória,74984.74,Provável,0.83,61887.13,23529.17,Encerrado
PROC-2026-01375,2019-12-03,2021-10-08,675,SP,Cível - Outros,499619.47,Provável,0.8,400599.6,42577.4,Ativo
PROC-2026-01376,2019-03-06,2023-05-24,1540,SP,Cível - Execução,378025.55,Provável,0.97,365193.45,45524.14,Encerrado
PROC-2026-01377,2017-05-18,2019-05-14,726,SP,Cível - Execução,406374.74,Provável,0.91,368183.37,13090.56,Encerrado
PROC-2026-01378,2018-05-18,2026-03-13,2856,SP,Cível - Outros,213328.67,Provável,0.74,157946.08,90794.31,Encerrado
PROC-2026-01379,2016-06-01,2018-03-23,660,SP,Cível - Execução,134775.21,Possível,0.39,67387.61,20303.85,Encerrado
PROC-2026-01380,2015-05-04,2025-05-05,3654,SP,Cível - Execução,413846.83,Provável,0.93,385020.05,239193.3,Encerrado
PROC-2026-01381,2017-03-31,2024-02-23,2520,SP,Cível - Outros,486802.03,Possível,0.68,243401.02,65546.06,Encerrado
PROC-2026-01382,2016-12-24,2023-09-29,2470,SP,Cível - Outros,462855.35,Possível,0.63,231427.67,57531.28,Encerrado
PROC-2026-01383,2016-06-24,2019-11-18,1242,SP,Cível - Execução,17074.84,Possível,0.35,8537.42,49137.38,Ativo
PROC-2026-01384,2016-07-20,2022-10-17,2280,SP,Cível - Outros,498232.91,Provável,0.74,368727.67,41768.61,Encerrado
PROC-2026-01385,2018-07-16,2023-03-17,1705,SP,Cível - Outros,233579.21,Provável,0.94,219792.08,85536.6,Encerrado
PROC-2026-01386,2016-09-03,2020-07-12,1408,SP,Cível - Execução,55970.44,Provável,0.92,51354.27,73298.21,Encerrado
PROC-2026-01387,2018-10-24,2020-07-23,638,SP,Cível - Execução,275451.93,Provável,0.87,239091.32,29549.46,Encerrado
PROC-2026-01388,2019-05-04,2022-01-18,990,SP,Cível - Outros,155397.7,Provável,0.91,140985.28,26876.21,Encerrado
PROC-2026-01389,2015-03-19,2020-07-08,1938,SP,Cível - Execução,196488.07,Provável,0.91,178982.25,47184.62,Ativo
PROC-2026-01390,2016-04-29,2021-07-02,1890,SP,Cível - Execução,299805.74,Provável,0.76,228907.93,118338.66,Encerrado
PROC-2026-01391,2018-12-01,2020-03-13,468,SP,Cível - Execução,373978.85,Possível,0.3,186989.43,14181.28,Ativo
PROC-2026-01392,2017-10-06,2022-11-09,1860,SP,Cível - Execução,251881.58,Provável,0.73,183599.4,80914.49,Encerrado
PROC-2026-01393,2018-05-02,2024-12-05,2409,SP,Cível - Execução,36041.73,Provável,0.82,29425.3,51205.32,Encerrado
PROC-2026-01394,2019-09-29,2022-09-06,1073,SP,Cível - Outros,306442.01,Provável,0.76,231484.92,24098.06,Ativo
PROC-2026-01395,2018-09-02,2024-11-03,2254,SP,Cível - Execução,169145.32,Possível,0.53,84572.66,38668.15,Ativo
PROC-2026-01396,2015-02-21,2019-04-13,1512,SP,Cível - Execução,230306.65,Provável,0.89,205168.29,51652.49,Ativo
PROC-2026-01397,2018-02-15,2023-09-29,2052,SP,Cível - Indenizatória,373951.56,Provável,0.77,288770.79,61703.28,Encerrado
PROC-2026-01398,2019-10-15,2026-05-05,2394,SP,Cível - Execução,476955.36,Provável,0.79,376571.2,132106.58,Ativo
PROC-2026-01399,2018-04-24,2030-11-17,4590,SP,Cível - Execução,134911.02,Possível,0.52,67455.51,199034.62,Encerrado
PROC-2026-01400,2017-04-18,2023-08-15,2310,SP,Cível - Execução,193895.22,Provável,0.95,184223.92,134922.16,Encerrado
PROC-2026-01401,2018-01-16,2026-11-12,3222,SP,Cível - Indenizatória,447040.87,Provável,0.92,410874.91,90298.65,Ativo
PROC-2026-01402,2019-02-19,2028-11-22,3564,SP,Cível - Execução,257202.96,Possível,0.62,128601.48,74540.68,Encerrado
PROC-2026-01403,2016-05-26,2023-02-23,2464,SP,Cível - Execução,374477.24,Provável,0.82,306402.0,146171.03,Encerrado
PROC-2026-01404,2016-08-08,2019-08-19,1106,SP,Cível - Execução,498349.81,Provável,0.88,437531.05,59009.51,Ativo
PROC-2026-01405,2015-02-18,2019-06-12,1575,SP,Cível - Outros,164267.0,Possível,0.47,82133.5,59586.73,Encerrado
PROC-2026-01406,2019-09-19,2021-02-20,520,SP,Cível - Execução,307859.82,Provável,0.93,286019.72,16975.02,Encerrado
PROC-2026-01407,2015-05-03,2018-03-30,1062,SP,Cível - Outros,73720.69,Provável,0.74,54487.15,68476.07,Ativo
PROC-2026-01408,2015-04-09,2033-05-24,6620,SP,Cível - Execução,175510.85,Provável,0.83,146548.15,213957.6,Encerrado
PROC-2026-01409,2019-04-23,2025-08-10,2301,SP,Trabalhista,203124.22,Provável,0.99,201571.82,86528.06,Encerrado
PROC-2026-01410,2018-12-15,2022-12-18,1464,SP,Cível - Indenizatória,309528.4,Provável,0.93,286668.47,54246.07,Encerrado
PROC-2026-01411,2018-12-24,2025-06-18,2368,SP,Cível - Execução,461226.08,Provável,0.78,359868.45,109971.43,Encerrado
PROC-2026-01412,2016-04-20,2028-01-24,4296,SP,Cível - Outros,227317.98,Provável,0.71,161879.47,73643.43,Encerrado
PROC-2026-01413,2016-11-17,2020-01-29,1168,SP,Cível - Outros,389304.6,Possível,0.34,194652.3,66825.85,Ativo
PROC-2026-01414,2016-05-22,2020-03-28,1406,SP,Cível - Outros,232255.09,Provável,0.84,195483.04,37511.5,Encerrado
PROC-2026-01415,2015-12-16,2018-08-26,984,SP,Cível - Execução,446071.51,Provável,0.7,313345.21,31879.43,Ativo
PROC-2026-01416,2015-10-20,2021-08-19,2130,SP,Cível - Execução,195670.92,Provável,0.8,157162.27,87547.44,Encerrado
PROC-2026-01417,2016-08-24,2017-01-03,132,SP,Cível - Outros,435505.0,Provável,0.73,317712.31,7434.53,Ativo
PROC-2026-01418,2019-08-29,2023-08-11,1443,SP,Cível - Indenizatória,298003.84,Provável,0.77,229101.4,66238.21,Encerrado
PROC-2026-01419,2019-02-05,2021-12-15,1044,SP,Cível - Outros,244593.83,Provável,0.83,203556.3,62864.62,Ativo
PROC-2026-01420,2019-02-01,2028-02-08,3294,SP,Cível - Execução,216992.28,Provável,0.89,192380.9,55013.1,Ativo
PROC-2026-01421,2017-03-04,2029-12-27,4681,SP,Cível - Indenizatória,179181.11,Provável,0.97,173560.54,123054.18,Ativo
PROC-2026-01422,2019-10-05,2028-01-05,3014,SP,Cível - Outros,290633.49,Provável,0.84,245242.15,146459.29,Encerrado
PROC-2026-01423,2018-01-02,2025-02-24,2610,SP,Cível - Execução,323865.78,Provável,0.84,272703.29,147212.51,Encerrado
PROC-2026-01424,2016-08-03,2031-04-22,5375,SP,Cível - Execução,228935.21,Provável,0.94,214956.72,195868.64,Ativo
PROC-2026-01425,2017-07-23,2033-09-21,5904,SP,Cível - Execução,355336.29,Provável,0.91,324889.43,315787.24,Ativo
PROC-2026-01426,2018-05-07,2035-10-13,6368,SP,Cível - Execução,427441.99,Provável,0.85,363454.07,233302.61,Ativo
PROC-2026-01427,2017-11-14,2021-02-14,1188,SP,Cível - Execução,96919.16,Provável,0.8,77548.3,55313.95,Encerrado
PROC-2026-01428,2019-01-15,2021-02-03,750,SP,Cível - Execução,243055.2,Provável,0.7,170315.17,40721.37,Encerrado
PROC-2026-01429,2018-12-16,2032-01-16,4779,SP,Cível - Execução,78436.15,Provável,0.77,60295.73,92790.94,Encerrado
PROC-2026-01430,2017-03-21,2032-05-01,5520,SP,Cível - Execução,17431.15,Provável,0.97,16991.23,295597.23,Encerrado
PROC-2026-01431,2015-10-18,2021-07-06,2088,SP,Cível - Outros,104424.54,Possível,0.55,52212.27,125380.61,Ativo
PROC-2026-01432,2019-07-28,2022-09-09,1139,SP,Cível - Execução,76947.19,Provável,0.75,57943.49,45627.88,Encerrado
PROC-2026-01433,2018-11-17,2022-01-07,1147,SP,Cível - Outros,97369.62,Provável,0.92,89989.48,29739.14,Ativo
PROC-2026-01434,2016-12-20,2032-10-12,5775,SP,Cível - Execução,385472.61,Provável,0.9,346797.99,180801.78,Ativo
PROC-2026-01435,2017-05-26,2021-02-11,1357,SP,Cível - Indenizatória,463787.56,Provável,0.92,425993.78,42458.03,Encerrado
PROC-2026-01436,2016-12-04,2026-12-19,3667,SP,Cível - Execução,391293.73,Provável,0.74,291258.69,168393.09,Encerrado
PROC-2026-01437,2019-02-10,2029-05-21,3753,SP,Cível - Execução,30268.72,Provável,0.95,28684.15,196869.88,Ativo
PROC-2026-01438,2015-01-16,2022-10-08,2822,SP,Cível - Execução,471924.65,Provável,0.76,359876.16,71650.99,Encerrado
PROC-2026-01439,2018-07-01,2021-08-14,1140,SP,Cível - Execução,431424.88,Provável,0.74,318443.88,50542.31,Encerrado
PROC-2026-01440,2017-03-31,2023-07-30,2312,SP,Cível - Execução,10662.61,Provável,0.83,8836.55,94221.42,Ativo
PROC-2026-01441,2018-07-18,2041-04-15,8307,SP,Cível - Execução,470336.2,Provável,0.94,441502.18,503533.84,Ativo
PROC-2026-01442,2018-08-06,2026-10-05,2982,SP,Cível - Execução,429878.23,Provável,0.88,380113.53,152512.68,Ativo
PROC-2026-01443,2016-10-10,2020-12-14,1526,SP,Cível - Execução,474358.26,Provável,0.88,418106.74,52927.49,Encerrado
PROC-2026-01444,2016-10-03,2032-03-08,5635,SP,Cível - Outros,220180.49,Provável,0.86,189478.06,237501.65,Encerrado
PROC-2026-01445,2017-01-03,2036-02-03,6970,SP,Cível - Execução,122596.72,Provável,0.72,88453.51,355057.15,Ativo
PROC-2026-01446,2016-08-26,2022-06-08,2112,SP,Cível - Outros,166223.21,Provável,0.99,163772.86,47754.94,Ativo
PROC-2026-01447,2018-11-07,2022-12-01,1485,SP,Cível - Execução,476464.63,Provável,0.79,377544.6,83082.16,Encerrado
PROC-2026-01448,2015-07-05,2024-02-04,3136,SP,Cível - Outros,67354.08,Provável,0.73,49083.82,78774.96,Encerrado
PROC-2026-01449,2016-07-06,2021-08-21,1872,SP,Cível - Outros,442600.54,Provável,0.97,428393.74,44596.61,Ativo
PROC-2026-01450,2019-09-16,2030-05-09,3888,SP,Cível - Execução,478625.85,Provável,0.79,377161.21,249261.5,Encerrado
PROC-2026-01451,2018-01-22,2020-11-07,1020,SP,Cível - Execução,52864.32,Provável,0.83,43893.41,54117.43,Encerrado
PROC-2026-01452,2019-07-30,2023-12-12,1596,SP,Cível - Execução,459512.47,Possível,0.39,229756.23,78784.55,Encerrado
PROC-2026-01453,2019-07-29,2021-03-12,592,SP,Cível - Outros,263359.25,Possível,0.42,131679.62,13203.77,Ativo
PROC-2026-01454,2016-10-06,2020-11-09,1495,SP,Cível - Execução,199158.82,Provável,0.73,145152.92,65680.63,Encerrado
PROC-2026-01455,2017-07-20,2022-12-15,1974,SP,Cível - Execução,123780.11,Provável,0.74,91599.95,104670.85,Encerrado
PROC-2026-01456,2017-01-10,2032-01-04,5472,SP,Cível - Execução,7358.68,Provável,0.79,5787.13,288602.51,Encerrado
PROC-2026-01457,2016-07-04,2034-09-10,6642,SP,Cível - Outros,59511.95,Provável,0.86,51335.5,218478.27,Ativo
PROC-2026-01458,2016-07-05,2031-02-05,5328,SP,Cível - Execução,195472.75,Provável,0.86,167858.24,283110.58,Encerrado
PROC-2026-01459,2017-08-12,2028-07-25,4000,SP,Cível - Execução,436705.19,Provável,0.88,386383.94,223127.17,Encerrado
PROC-2026-01460,2018-10-27,2022-08-30,1403,SP,Cível - Execução,24195.17,Provável,0.9,21717.12,38635.6,Ativo
PROC-2026-01461,2015-09-09,2018-06-20,1015,SP,Cível - Execução,122652.26,Possível,0.69,61326.13,36958.41,Encerrado
PROC-2026-01462,2015-09-09,2018-12-22,1200,SP,Cível - Execução,493639.69,Possível,0.33,246819.84,34812.49,Encerrado
PROC-2026-01463,2018-03-13,2038-08-29,7474,SP,Cível - Execução,226293.71,Provável,0.85,192198.36,284876.4,Encerrado
PROC-2026-01464,2018-10-01,2020-09-14,714,SP,Cível - Outros,299079.2,Possível,0.63,149539.6,14823.44,Ativo
PROC-2026-01465,2015-08-06,2017-11-02,819,SP,Cível - Execução,472720.23,Provável,0.83,391769.97,15604.99,Ativo
PROC-2026-01466,2019-06-15,2023-04-01,1386,SP,Cível - Outros,48937.54,Provável,0.75,36666.82,29469.61,Encerrado
PROC-2026-01467,2016-03-17,2020-02-13,1428,SP,Cível - Indenizatória,422922.4,Provável,0.83,351598.41,80114.86,Encerrado
PROC-2026-01468,2017-03-09,2023-11-15,2442,SP,Cível - Execução,165657.57,Provável,0.87,144160.95,107273.74,Ativo
PROC-2026-01469,2017-07-19,2019-01-31,561,SP,Cível - Execução,202821.2,Provável,0.99,200374.94,34498.43,Ativo
PROC-2026-01470,2018-10-04,2027-03-27,3096,SP,Cível - Execução,492632.94,Provável,0.71,350905.77,167729.76,Encerrado
PROC-2026-01471,2019-07-17,2022-07-26,1105,SP,Cível - Execução,33184.96,Provável,0.84,27887.77,38595.58,Ativo
PROC-2026-01472,2017-07-01,2026-02-14,3150,SP,Cível - Execução,156948.43,Provável,0.88,137548.13,91059.22,Encerrado
PROC-2026-01473,2018-01-21,2047-09-28,10842,SP,Cível - Execução,72217.66,Possível,0.52,36108.83,347926.82,Encerrado
PROC-2026-01474,2015-07-22,2017-04-30,648,SP,Cível - Outros,194620.42,Provável,0.76,147817.91,18975.6,Encerrado
PROC-2026-01475,2019-07-27,2025-07-31,2196,SP,Cível - Execução,238743.14,Provável,0.92,219047.06,94858.88,Encerrado
PROC-2026-01476,2017-07-31,2027-03-08,3507,SP,Cível - Execução,353574.71,Provável,0.82,288866.07,193002.95,Encerrado
PROC-2026-01477,2015-04-07,2028-05-02,4774,SP,Cível - Outros,332754.97,Provável,0.83,277581.43,232555.28,Encerrado
PROC-2026-01478,2019-05-12,2040-03-25,7623,SP,Cível - Execução,103533.03,Possível,0.43,51766.51,183635.33,Ativo
PROC-2026-01479,2016-04-22,2038-02-26,7980,SP,Cível - Outros,490336.2,Provável,0.86,422265.83,375620.57,Ativo
PROC-2026-01480,2015-04-15,2017-08-20,858,SP,Cível - Execução,404269.93,Provável,0.75,303759.83,14668.44,Ativo
PROC-2026-01481,2018-11-19,2022-05-03,1261,SP,Cível - Indenizatória,459854.22,Provável,0.91,416898.4,82849.53,Encerrado
PROC-2026-01482,2017-10-26,2034-01-06,5916,SP,Cível - Outros,16461.14,Provável,0.92,15141.53,316826.65,Encerrado
PROC-2026-01483,2017-12-18,2027-10-27,3600,SP,Cível - Execução,310796.34,Provável,0.72,223045.0,106164.54,Ativo
PROC-2026-01484,2015-03-04,2018-07-02,1216,SP,Cível - Execução,403475.6,Provável,0.95,384795.65,60138.02,Encerrado
PROC-2026-01485,2019-06-12,2020-10-10,486,SP,Cível - Execução,290732.37,Provável,0.85,247219.71,18780.49,Ativo
PROC-2026-01486,2018-11-29,2021-04-27,880,SP,Cível - Outros,258717.51,Provável,0.74,192269.3,31189.08,Ativo
PROC-2026-01487,2018-07-24,2035-04-26,6120,SP,Cível - Execução,424144.13,Provável,0.86,365930.19,221325.02,Ativo
PROC-2026-01488,2017-05-09,2024-07-09,2618,SP,Cível - Execução,148014.8,Provável,0.78,115740.8,73104.97,Encerrado
PROC-2026-01489,2018-06-17,2020-11-21,888,SP,Cível - Execução,381957.96,Possível,0.55,190978.98,15500.08,Ativo
PROC-2026-01490,2015-08-10,2019-11-27,1570,SP,Cível - Execução,492524.66,Provável,0.88,434519.97,84646.97,Encerrado
PROC-2026-01491,2018-08-06,2030-06-04,4320,SP,Cível - Execução,479593.03,Provável,0.88,420137.16,190007.14,Ativo
PROC-2026-01492,2016-03-04,2024-05-03,2982,SP,Cível - Outros,276899.14,Provável,0.95,263453.4,117565.4,Encerrado
PROC-2026-01493,2018-05-02,2027-04-15,3270,SP,Cível - Execução,410787.49,Provável,0.71,292755.92,215027.91,Encerrado
PROC-2026-01494,2019-09-12,2036-11-07,6266,SP,Cível - Execução,151312.23,Provável,0.73,110027.92,313408.36,Ativo
PROC-2026-01495,2018-11-14,2022-02-16,1190,SP,Cível - Execução,260745.03,Provável,0.79,205023.4,33838.55,Encerrado
PROC-2026-01496,2018-04-02,2020-09-17,899,SP,Cível - Execução,53605.77,Provável,0.84,44836.13,41893.85,Ativo
PROC-2026-01497,2015-10-09,2023-10-03,2916,SP,Cível - Outros,301063.96,Provável,0.77,231411.67,80579.66,Ativo
PROC-2026-01498,2016-10-25,2017-12-19,420,SP,Cível - Outros,429313.51,Provável,0.71,304738.17,17147.63,Encerrado
PROC-2026-01499,2016-05-19,2025-12-18,3500,SP,Cível - Execução,230635.94,Possível,0.6,115317.97,162963.04,Encerrado
PROC-2026-01500,2018-12-04,2025-11-10,2533,SP,Cível - Indenizatória,160093.89,Provável,0.82,131210.85,127541.57,Encerrado
PROC-2026-01501,2019-02-13,2034-08-15,5662,SP,Cível - Outros,59486.49,Provável,0.78,46155.04,252226.3,Ativo
PROC-2026-01502,2016-04-07,2019-03-18,1075,SP,Cível - Outros,16199.08,Possível,0.41,8099.54,47903.45,Encerrado
PROC-2026-01503,2017-10-04,2024-05-18,2418,SP,Cível - Execução,444535.87,Provável,0.83,368401.55,131209.86,Encerrado
PROC-2026-01504,2016-10-04,2024-01-01,2645,SP,Cível - Execução,183847.92,Provável,0.9,165598.89,161149.06,Encerrado
PROC-2026-01505,2015-01-16,2030-10-21,5757,SP,Cível - Execução,266159.88,Provável,0.96,256671.1,119250.28,Ativo
PROC-2026-01506,2017-09-14,2026-11-14,3348,SP,Cível - Outros,8069.49,Provável,0.86,6899.57,130226.68,Encerrado
PROC-2026-01507,2019-03-16,2024-01-09,1760,SP,Cível - Execução,276843.91,Provável,0.82,228063.22,49556.79,Encerrado
PROC-2026-01508,2019-06-11,2026-05-26,2541,SP,Cível - Execução,159532.54,Provável,0.92,147108.01,75031.18,Encerrado
PROC-2026-01509,2018-07-28,2021-05-05,1012,SP,Cível - Execução,331822.6,Provável,0.74,247177.98,42057.51,Ativo
PROC-2026-01510,2017-08-21,2022-10-06,1872,SP,Cível - Outros,130871.73,Provável,0.81,106598.44,39429.96,Encerrado
PROC-2026-01511,2018-04-28,2019-06-02,400,SP,Cível - Outros,259964.9,Provável,0.87,225159.57,9309.4,Ativo
PROC-2026-01512,2017-04-14,2023-11-22,2413,SP,Cível - Outros,74203.99,Provável,0.92,67982.66,113472.55,Ativo
PROC-2026-01513,2016-03-03,2029-07-29,4896,SP,Cível - Execução,146071.6,Possível,0.33,73035.8,282438.26,Ativo
PROC-2026-01514,2016-03-05,2018-07-11,858,SP,Cível - Execução,192979.06,Possível,0.46,96489.53,16246.26,Encerrado
PROC-2026-01515,2017-12-22,2033-06-25,5664,SP,Cível - Execução,345156.75,Possível,0.37,172578.38,164850.88,Encerrado
PROC-2026-01516,2016-12-31,2019-03-27,816,SP,Cível - Execução,256857.71,Provável,0.93,239592.48,14089.43,Encerrado
PROC-2026-01517,2016-11-13,2022-06-27,2052,SP,Cível - Outros,111695.14,Provável,0.87,96897.26,119453.7,Encerrado
PROC-2026-01518,2017-06-30,2027-04-30,3591,SP,Cível - Execução,307110.07,Provável,0.97,297808.37,207545.96,Encerrado
PROC-2026-01519,2015-11-11,2022-05-11,2373,SP,Cível - Indenizatória,96399.54,Provável,0.8,77008.93,149493.32,Encerrado
PROC-2026-01520,2015-12-12,2029-06-13,4932,SP,Cível - Indenizatória,187957.27,Provável,0.86,161973.17,155540.22,Encerrado
PROC-2026-01521,2016-06-26,2028-06-14,4371,SP,Cível - Outros,126197.62,Provável,0.84,106445.8,86945.53,Encerrado
PROC-2026-01522,2019-06-30,2027-09-12,2996,SP,Trabalhista,337667.6,Provável,0.83,280606.65,129012.92,Ativo
PROC-2026-01523,2015-05-29,2021-05-12,2175,SP,Cível - Indenizatória,286321.62,Provável,0.91,260566.39,106296.16,Encerrado
PROC-2026-01524,2017-07-06,2025-05-07,2862,SP,Cível - Execução,169442.94,Possível,0.39,84721.47,63641.11,Encerrado
PROC-2026-01525,2018-04-26,2038-09-23,7455,SP,Cível - Execução,375309.22,Provável,0.78,294494.54,322943.39,Ativo
PROC-2026-01526,2015-03-28,2022-01-09,2479,SP,Cível - Execução,465790.21,Possível,0.33,232895.11,135531.32,Encerrado
PROC-2026-01527,2017-12-19,2032-12-28,5488,SP,Cível - Execução,174016.3,Provável,0.84,145675.93,193408.65,Ativo
PROC-2026-01528,2017-09-28,2019-07-04,644,SP,Cível - Execução,364198.26,Provável,0.92,335120.64,19351.43,Ativo
PROC-2026-01529,2015-04-20,2023-12-04,3150,SP,Cível - Indenizatória,410351.89,Provável,0.79,324392.86,96876.62,Encerrado
PROC-2026-01530,2017-06-12,2020-01-04,936,SP,Cível - Outros,255567.28,Provável,0.84,213770.17,52061.24,Encerrado
PROC-2026-01531,2018-03-13,2021-09-29,1296,SP,Cível - Execução,12216.43,Possível,0.63,6108.22,68839.18,Ativo
PROC-2026-01532,2015-07-19,2024-04-19,3197,SP,Cível - Execução,425437.67,Provável,0.8,341030.33,174220.69,Ativo
PROC-2026-01533,2019-01-15,2021-10-23,1012,SP,Cível - Execução,41721.28,Provável,0.78,32677.95,27863.38,Ativo
PROC-2026-01534,2017-08-27,2034-04-26,6086,SP,Cível - Outros,63629.34,Provável,0.99,62911.2,388126.96,Ativo
PROC-2026-01535,2016-02-03,2018-10-31,1001,SP,Cível - Execução,382555.56,Provável,0.85,324594.46,64470.75,Encerrado
PROC-2026-01536,2018-12-12,2023-08-24,1716,SP,Cível - Execução,357669.07,Provável,0.92,328433.11,113190.31,Encerrado
PROC-2026-01537,2019-01-22,2025-03-11,2240,SP,Cível - Execução,499015.82,Provável,0.81,405244.07,119126.46,Ativo
PROC-2026-01538,2017-08-03,2037-05-15,7225,SP,Cível - Execução,67947.3,Provável,0.87,58806.89,193135.13,Ativo
PROC-2026-01539,2017-08-03,2031-07-25,5104,SP,Cível - Outros,263805.14,Possível,0.49,131902.57,126351.91,Ativo
PROC-2026-01540,2017-02-16,2031-05-29,5215,SP,Cível - Execução,361477.5,Provável,0.97,350907.5,188101.37,Encerrado
PROC-2026-01541,2018-01-21,2027-01-10,3276,SP,Cível - Execução,488586.54,Provável,0.93,452980.08,188168.37,Encerrado
PROC-2026-01542,2019-02-18,2024-10-16,2067,SP,Cível - Execução,398316.16,Provável,0.8,317961.82,90749.93,Ativo
PROC-2026-01543,2017-02-25,2022-08-02,1984,SP,Cível - Execução,42227.39,Provável,0.86,36476.04,79267.48,Ativo
PROC-2026-01544,2019-07-21,2035-01-28,5670,SP,Cível - Execução,222406.49,Provável,0.9,200706.19,168835.96,Ativo
PROC-2026-01545,2019-09-24,2023-04-11,1295,SP,Cível - Execução,479222.75,Provável,0.92,442900.19,53870.56,Ativo
PROC-2026-01546,2018-12-23,2026-03-15,2639,SP,Cível - Outros,32496.35,Provável,1.0,32372.45,64367.09,Ativo
PROC-2026-01547,2016-09-13,2018-12-06,814,SP,Cível - Execução,261184.37,Possível,0.36,130592.18,43243.36,Ativo
PROC-2026-01548,2019-04-28,2028-01-09,3178,SP,Cível - Execução,487298.78,Provável,0.73,355125.38,75662.69,Ativo
PROC-2026-01549,2015-10-31,2035-09-08,7252,SP,Cível - Indenizatória,91198.85,Provável,0.88,80008.63,381393.32,Encerrado
PROC-2026-01550,2017-04-30,2021-08-07,1560,SP,Cível - Execução,286068.67,Provável,0.91,260320.65,67247.1,Encerrado
PROC-2026-01551,2018-03-13,2029-04-24,4060,SP,Cível - Execução,82032.5,Provável,0.98,80583.74,194813.9,Ativo
PROC-2026-01552,2015-08-11,2037-03-09,7881,SP,Cível - Execução,300325.24,Provável,0.97,290071.77,457039.89,Ativo
PROC-2026-01553,2018-08-21,2029-10-02,4060,SP,Cível - Execução,395213.99,Provável,0.88,346011.14,75714.51,Encerrado
PROC-2026-01554,2018-11-19,2028-06-19,3500,SP,Cível - Execução,291577.71,Provável,0.83,243203.68,187086.93,Ativo
PROC-2026-01555,2018-08-04,2024-07-09,2166,SP,Cível - Execução,296931.06,Provável,0.81,241310.9,81727.29,Ativo
PROC-2026-01556,2015-03-17,2018-09-12,1275,SP,Cível - Indenizatória,318956.6,Provável,0.78,248439.87,82878.15,Encerrado
PROC-2026-01557,2018-03-04,2026-01-29,2888,SP,Cível - Execução,166817.15,Provável,0.94,156679.62,185661.34,Encerrado
PROC-2026-01558,2018-10-07,2039-04-20,7500,SP,Cível - Outros,417043.44,Provável,0.86,360588.76,398899.27,Encerrado
PROC-2026-01559,2018-10-02,2028-09-24,3645,SP,Cível - Execução,48950.0,Provável,0.84,41346.3,93764.8,Ativo
PROC-2026-01560,2018-12-17,2059-09-08,14875,SP,Cível - Outros,408253.29,Provável,0.97,395726.18,403063.46,Ativo
PROC-2026-01561,2019-06-09,2022-07-03,1120,SP,Cível - Execução,15000.6,Provável,0.76,11458.2,41896.63,Encerrado
PROC-2026-01562,2016-06-27,2035-11-03,7068,SP,Cível - Execução,484981.9,Provável,0.76,367998.8,291730.07,Ativo
PROC-2026-01563,2018-12-02,2024-09-07,2106,SP,Cível - Execução,492073.67,Provável,0.78,382285.29,127795.93,Ativo
PROC-2026-01564,2018-10-09,2039-09-01,7632,SP,Cível - Execução,453221.92,Provável,0.97,438382.87,495021.42,Encerrado
PROC-2026-01565,2017-01-03,2035-03-30,6660,SP,Cível - Outros,479887.4,Provável,0.99,475989.81,329511.1,Ativo
PROC-2026-01566,2019-03-16,2033-10-08,5320,SP,Cível - Execução,484878.81,Possível,0.52,242439.41,215732.45,Ativo
PROC-2026-01567,2019-08-11,2020-07-12,336,SP,Cível - Outros,475892.52,Provável,0.86,407273.9,19769.4,Ativo
PROC-2026-01568,2019-05-06,2024-05-15,1836,SP,Cível - Execução,324245.61,Provável,0.92,297959.47,30851.31,Encerrado
PROC-2026-01569,2018-02-08,2020-12-18,1044,SP,Cível - Outros,388003.65,Provável,0.9,350822.04,24065.4,Ativo
PROC-2026-01570,2016-09-04,2029-05-07,4628,SP,Cível - Execução,300019.08,Provável,0.95,283524.13,176464.79,Ativo
PROC-2026-01571,2019-02-03,2029-01-14,3633,SP,Cível - Execução,466921.05,Provável,0.71,329874.85,171361.82,Encerrado
PROC-2026-01572,2019-01-30,2046-06-13,9996,SP,Cível - Execução,467298.08,Provável,0.71,330663.97,415041.26,Ativo
PROC-2026-01573,2015-09-27,2025-08-05,3600,SP,Cível - Indenizatória,34949.41,Provável,0.77,27058.11,205891.8,Ativo
PROC-2026-01574,2018-03-22,2021-03-04,1078,SP,Cível - Execução,18806.53,Possível,0.61,9403.26,32838.15,Encerrado
PROC-2026-01575,2015-05-20,2019-02-28,1380,SP,Cível - Execução,230468.55,Provável,0.8,185458.75,90277.03,Encerrado
PROC-2026-01576,2016-08-09,2023-05-10,2465,SP,Cível - Execução,236305.71,Provável,0.75,176897.27,71965.95,Encerrado
PROC-2026-01577,2016-07-20,2024-04-27,2838,SP,Cível - Execução,202449.94,Provável,0.95,192834.15,96426.42,Ativo
PROC-2026-01578,2015-07-31,2071-11-12,20558,SP,Cível - Execução,235678.58,Provável,0.87,204774.53,1305550.67,Ativo
PROC-2026-01579,2017-06-10,2026-02-03,3160,SP,Cível - Execução,384975.29,Provável,0.77,296285.4,58000.42,Encerrado
PROC-2026-01580,2015-01-10,2017-01-04,725,SP,Cível - Outros,110789.0,Provável,0.87,96661.94,42434.16,Encerrado
PROC-2026-01581,2015-06-22,2022-10-13,2670,SP,Cível - Outros,196125.92,Provável,0.71,138617.93,94607.32,Encerrado
PROC-2026-01582,2016-09-22,2018-02-10,506,SP,Cível - Outros,179285.0,Provável,0.94,169309.03,23815.49,Encerrado
PROC-2026-01583,2016-10-12,2026-03-24,3450,SP,Cível - Execução,80951.72,Provável,0.9,72803.19,115995.98,Encerrado
PROC-2026-01584,2019-04-23,2024-02-05,1749,SP,Cível - Execução,25242.61,Provável,0.97,24594.4,52461.63,Ativo
PROC-2026-01585,2018-10-11,2021-06-16,979,SP,Cível - Execução,430611.26,Possível,0.64,215305.63,61844.79,Ativo
PROC-2026-01586,2019-08-09,2024-09-21,1870,SP,Cível - Indenizatória,290201.34,Provável,0.96,277270.2,77008.96,Encerrado
PROC-2026-01587,2015-02-13,2023-05-26,3024,SP,Cível - Indenizatória,214993.08,Provável,0.88,188578.86,164426.83,Encerrado
PROC-2026-01588,2017-11-06,2023-04-21,1992,SP,Cível - Execução,318920.09,Provável,0.81,256883.59,71455.89,Ativo
PROC-2026-01589,2016-10-20,2023-07-31,2475,SP,Cível - Execução,463753.9,Possível,0.65,231876.95,52920.03,Ativo
PROC-2026-01590,2017-09-28,2025-10-21,2945,SP,Cível - Execução,16762.0,Provável,0.93,15596.64,99011.17,Encerrado
PROC-2026-01591,2018-04-13,2024-06-23,2263,SP,Cível - Execução,204423.45,Provável,0.95,193323.27,147892.99,Ativo
PROC-2026-01592,2017-05-23,2024-07-27,2622,SP,Cível - Execução,203229.33,Provável,0.82,167544.98,49937.67,Encerrado
PROC-2026-01593,2016-03-27,2036-04-19,7328,SP,Cível - Execução,32090.78,Provável,0.88,28165.65,373639.0,Encerrado
PROC-2026-01594,2018-04-16,2022-04-11,1456,SP,Cível - Execução,373480.28,Possível,0.67,186740.14,61470.54,Encerrado
PROC-2026-01595,2019-10-15,2024-09-28,1810,SP,Cível - Execução,328219.22,Provável,0.74,241670.26,97376.85,Encerrado
PROC-2026-01596,2015-12-25,2020-04-17,1575,SP,Cível - Execução,294896.56,Provável,0.75,222445.58,83225.64,Ativo
PROC-2026-01597,2019-06-16,2025-02-16,2072,SP,Cível - Execução,320965.96,Provável,0.87,278207.91,126595.46,Ativo
PROC-2026-01598,2017-04-06,2031-03-24,5100,SP,Cível - Execução,85392.42,Provável,0.83,70744.51,122918.48,Encerrado
PROC-2026-01599,2017-11-04,2029-08-03,4290,SP,Cível - Execução,143115.56,Provável,0.73,103772.86,114664.47,Encerrado
PROC-2026-01600,2017-12-02,2026-06-14,3116,SP,Cível - Execução,153133.54,Provável,0.95,145101.21,144535.62,Ativo
PROC-2026-01601,2019-12-02,2035-06-05,5664,SP,Cível - Indenizatória,386304.05,Provável,0.86,331786.75,301938.28,Encerrado
PROC-2026-01602,2019-11-02,2032-06-12,4606,SP,Cível - Indenizatória,162787.75,Provável,0.96,156429.71,300889.82,Encerrado
PROC-2026-01603,2017-08-10,2023-08-29,2210,SP,Cível - Execução,405871.52,Provável,0.97,393254.27,83561.54,Encerrado
PROC-2026-01604,2016-01-04,2019-04-14,1196,SP,Cível - Outros,431739.77,Provável,0.74,321415.03,28256.75,Ativo
PROC-2026-01605,2015-02-13,2019-04-26,1533,SP,Cível - Outros,355545.3,Provável,0.91,324522.68,85297.31,Ativo
PROC-2026-01606,2019-09-08,2028-08-06,3255,SP,Cível - Indenizatória,99062.12,Provável,0.81,80594.88,89944.17,Ativo
PROC-2026-01607,2018-01-19,2038-01-22,7308,SP,Cível - Indenizatória,66693.35,Provável,0.92,61442.86,469221.29,Encerrado
PROC-2026-01608,2016-08-14,2026-07-31,3638,SP,Cível - Outros,92167.74,Provável,0.85,78557.29,182097.58,Encerrado
PROC-2026-01609,2017-10-28,2028-03-04,3780,SP,Cível - Indenizatória,498851.9,Provável,0.87,433806.22,166980.15,Encerrado
PROC-2026-01610,2017-05-01,2019-12-02,945,SP,Cível - Outros,77656.67,Provável,0.83,64076.05,51166.85,Encerrado
PROC-2026-01611,2016-02-17,2020-02-18,1462,SP,Cível - Execução,459954.31,Provável,0.92,425317.23,39303.85,Encerrado
PROC-2026-01612,2015-04-30,2023-02-17,2850,SP,Cível - Indenizatória,374699.9,Provável,0.76,285253.65,112897.59,Ativo
PROC-2026-01613,2016-12-06,2019-09-22,1020,SP,Cível - Execução,269830.82,Possível,0.63,134915.41,36324.95,Encerrado
PROC-2026-01614,2016-08-06,2019-12-07,1218,SP,Cível - Execução,401562.58,Possível,0.43,200781.29,65788.03,Ativo
PROC-2026-01615,2019-11-06,2028-12-29,3341,SP,Cível - Indenizatória,345668.67,Provável,0.89,307773.04,143043.09,Ativo
PROC-2026-01616,2019-09-13,2022-07-23,1044,SP,Cível - Execução,294366.55,Provável,0.73,216358.79,63779.73,Encerrado
PROC-2026-01617,2019-12-05,2025-06-24,2028,SP,Cível - Outros,383093.46,Provável,0.79,304198.57,128548.6,Ativo
PROC-2026-01618,2016-11-04,2021-11-07,1829,SP,Cível - Execução,69289.94,Provável,0.71,48936.26,86202.0,Ativo
PROC-2026-01619,2018-05-10,2022-02-18,1380,SP,Cível - Execução,198961.8,Provável,1.0,198190.48,86762.12,Encerrado
PROC-2026-01620,2019-04-29,2023-01-26,1368,SP,Cível - Execução,277470.62,Provável,0.95,262346.61,41341.34,Encerrado
PROC-2026-01621,2019-09-29,2022-07-18,1023,SP,Cível - Execução,455377.82,Possível,0.38,227688.91,44512.06,Encerrado
PROC-2026-01622,2016-02-06,2028-03-04,4410,SP,Cível - Execução,259568.16,Provável,0.73,188341.82,168986.91,Ativo
PROC-2026-01623,2017-02-04,2022-05-27,1938,SP,Cível - Execução,433189.19,Possível,0.31,216594.59,90333.53,Encerrado
PROC-2026-01624,2017-08-25,2025-03-15,2759,SP,Cível - Outros,10035.59,Provável,1.0,10027.56,84267.27,Ativo
PROC-2026-01625,2016-12-18,2029-02-12,4439,SP,Cível - Execução,407402.77,Provável,0.99,403415.37,90565.08,Encerrado
PROC-2026-01626,2017-12-24,2024-02-11,2240,SP,Cível - Execução,188780.68,Provável,0.97,182786.14,76653.69,Ativo
PROC-2026-01627,2019-10-03,2025-06-13,2080,SP,Cível - Outros,178152.39,Possível,0.53,89076.19,67994.67,Ativo
PROC-2026-01628,2017-11-16,2020-08-19,1007,SP,Cível - Execução,213141.67,Provável,0.8,169822.11,31681.82,Encerrado
PROC-2026-01629,2018-05-12,2020-02-07,636,SP,Cível - Indenizatória,41786.18,Provável,0.88,36948.32,40985.99,Ativo
PROC-2026-01630,2019-02-22,2023-07-26,1615,SP,Cível - Execução,352915.87,Provável,0.77,272906.23,65172.34,Ativo
PROC-2026-01631,2019-03-04,2024-05-16,1900,SP,Cível - Execução,210534.62,Provável,0.82,171832.28,113761.6,Encerrado
PROC-2026-01632,2016-11-26,2023-08-02,2440,SP,Cível - Execução,174739.9,Provável,0.78,135765.04,47120.81,Ativo
PROC-2026-01633,2017-05-13,2030-05-17,4752,SP,Cível - Execução,49890.51,Provável,0.72,35807.54,137439.6,Encerrado
PROC-2026-01634,2019-08-16,2027-12-15,3043,SP,Cível - Execução,352347.29,Provável,0.92,323372.99,143176.32,Ativo
PROC-2026-01635,2018-12-25,2024-03-22,1914,SP,Cível - Execução,170455.9,Provável,0.77,130494.18,90882.14,Ativo
PROC-2026-01636,2015-01-03,2021-08-19,2420,SP,Cível - Execução,203424.67,Provável,0.76,154619.87,71628.95,Encerrado
PROC-2026-01637,2018-11-10,2026-12-17,2959,SP,Cível - Outros,219762.48,Provável,0.71,155971.13,138457.81,Ativo
PROC-2026-01638,2016-03-14,2035-05-20,7006,SP,Cível - Execução,132660.32,Provável,0.94,125183.05,214477.01,Encerrado
PROC-2026-01639,2016-05-26,2018-02-09,624,SP,Cível - Execução,259730.02,Possível,0.58,129865.01,16814.03,Encerrado
PROC-2026-01640,2016-05-06,2020-12-21,1690,SP,Cível - Execução,250115.38,Provável,0.88,220258.55,92907.96,Ativo
PROC-2026-01641,2016-08-21,2032-08-23,5846,SP,Cível - Indenizatória,471568.69,Provável,0.7,331324.54,358003.84,Encerrado
PROC-2026-01642,2017-02-28,2021-01-15,1417,SP,Cível - Outros,230914.07,Possível,0.55,115457.03,38418.44,Encerrado
PROC-2026-01643,2017-03-14,2027-03-14,3652,SP,Cível - Execução,462787.41,Provável,0.81,373106.1,84216.84,Ativo
PROC-2026-01644,2019-09-29,2066-10-08,17176,SP,Trabalhista,69094.17,Possível,0.49,34547.09,1049379.63,Ativo
PROC-2026-01645,2018-04-23,2027-10-21,3468,SP,Cível - Execução,153902.16,Provável,0.91,139938.72,79612.38,Encerrado
PROC-2026-01646,2017-06-04,2042-02-02,9009,SP,Cível - Execução,43794.7,Provável,0.88,38502.6,539783.28,Encerrado
PROC-2026-01647,2019-09-20,2030-04-03,3848,SP,Cível - Execução,406834.61,Possível,0.39,203417.31,205135.93,Encerrado
PROC-2026-01648,2016-11-02,2022-10-26,2184,SP,Trabalhista,352485.81,Provável,0.77,269966.43,141099.91,Encerrado
PROC-2026-01649,2019-04-09,2023-12-26,1722,SP,Cível - Execução,151805.79,Provável,0.93,140955.25,89180.64,Ativo
PROC-2026-01650,2015-10-29,2016-08-12,288,SP,Cível - Outros,181241.6,Possível,0.47,90620.8,14241.62,Encerrado
PROC-2026-01651,2015-09-29,2017-10-05,737,SP,Cível - Execução,369743.9,Provável,0.88,323550.94,25579.94,Encerrado
PROC-2026-01652,2017-11-11,2028-01-23,3725,SP,Cível - Indenizatória,39895.08,Provável,0.98,39048.13,172551.2,Encerrado
PROC-2026-01653,2017-01-20,2024-11-15,2856,SP,Cível - Execução,486578.86,Provável,0.93,452521.49,97847.74,Encerrado
PROC-2026-01654,2019-08-06,2028-03-21,3150,SP,Cível - Outros,438402.82,Provável,0.8,350860.63,144937.18,Encerrado
PROC-2026-01655,2015-11-10,2020-08-13,1738,SP,Cível - Outros,312147.28,Provável,0.97,303751.36,113379.95,Ativo
PROC-2026-01656,2017-09-17,2026-08-17,3256,SP,Cível - Execução,212369.15,Provável,0.76,161830.69,91729.86,Encerrado
PROC-2026-01657,2017-05-11,2029-03-21,4332,SP,Cível - Execução,204877.38,Provável,1.0,204721.66,86937.46,Ativo
PROC-2026-01658,2015-03-28,2018-08-15,1236,SP,Cível - Execução,15236.01,Provável,0.86,13039.17,40531.45,Encerrado
PROC-2026-01659,2017-11-22,2021-02-22,1188,SP,Cível - Outros,301683.81,Provável,1.0,300601.09,69746.13,Ativo
PROC-2026-01660,2015-06-23,2024-06-10,3275,SP,Cível - Execução,292600.0,Provável,0.78,227499.25,70047.94,Ativo
PROC-2026-01661,2019-10-25,2025-03-23,1976,SP,Cível - Execução,254372.54,Provável,0.81,204948.0,78387.07,Encerrado
PROC-2026-01662,2015-08-12,2020-07-01,1785,SP,Cível - Execução,59968.48,Provável,0.73,43692.19,106666.82,Encerrado
PROC-2026-01663,2015-09-24,2020-03-31,1650,SP,Cível - Execução,34962.94,Provável,0.99,34612.04,103442.77,Ativo
PROC-2026-01664,2017-10-28,2025-08-23,2856,SP,Cível - Execução,30852.17,Possível,0.54,15426.09,139137.57,Ativo
PROC-2026-01665,2015-11-19,2024-10-12,3250,SP,Cível - Outros,316081.9,Provável,0.93,293341.54,203050.5,Ativo
PROC-2026-01666,2017-12-13,2038-12-19,7676,SP,Cível - Execução,254647.2,Provável,0.97,248209.3,186977.18,Ativo
PROC-2026-01667,2018-11-26,2034-05-08,5642,SP,Cível - Execução,220417.07,Provável,0.7,154319.05,345381.46,Encerrado
PROC-2026-01668,2017-11-20,2025-12-12,2944,SP,Cível - Execução,434325.63,Provável,0.71,306832.36,89599.05,Encerrado
PROC-2026-01669,2015-12-22,2021-04-14,1940,SP,Cível - Execução,309326.11,Possível,0.52,154663.05,109675.79,Encerrado
PROC-2026-01670,2016-11-03,2027-07-03,3894,SP,Cível - Execução,263109.29,Provável,0.78,204017.61,114907.58,Ativo
PROC-2026-01671,2019-08-05,2042-06-27,8362,SP,Cível - Execução,450674.67,Provável,0.9,404361.01,472938.1,Ativo
PROC-2026-01672,2016-05-07,2027-02-04,3925,SP,Cível - Execução,93455.7,Provável,0.72,67155.15,116431.62,Encerrado
PROC-2026-01673,2019-09-16,2033-02-14,4900,SP,Cível - Execução,408854.5,Possível,0.33,204427.25,204745.67,Ativo
PROC-2026-01674,2018-12-25,2030-05-14,4158,SP,Cível - Execução,129710.68,Provável,0.94,122195.8,138638.85,Encerrado
PROC-2026-01675,2015-07-05,2021-12-06,2346,SP,Cível - Execução,75398.51,Provável,0.81,60998.35,145235.5,Encerrado
PROC-2026-01676,2017-09-10,2027-03-18,3476,SP,Cível - Execução,181854.26,Provável,0.87,157915.1,137774.9,Ativo
PROC-2026-01677,2019-09-04,2035-04-11,5698,SP,Cível - Outros,149769.22,Provável,0.74,110577.03,202099.99,Ativo
PROC-2026-01678,2016-08-10,2021-09-15,1862,SP,Cível - Execução,357994.23,Provável,0.81,291349.8,110199.69,Encerrado
PROC-2026-01679,2018-03-05,2022-02-12,1440,SP,Cível - Execução,199568.3,Possível,0.66,99784.15,83990.97,Ativo
PROC-2026-01680,2015-01-22,2025-01-17,3648,SP,Cível - Execução,318590.36,Provável,0.76,241029.51,139256.8,Ativo
PROC-2026-01681,2015-08-02,2024-04-04,3168,SP,Trabalhista,241602.17,Provável,0.82,198134.05,179207.59,Ativo
PROC-2026-01682,2018-02-19,2020-11-01,986,SP,Cível - Outros,318102.02,Provável,0.81,256072.19,33817.17,Encerrado
PROC-2026-01683,2017-05-02,2046-03-27,10556,SP,Cível - Execução,376750.23,Provável,0.93,350329.41,686599.32,Ativo
PROC-2026-01684,2016-09-03,2029-03-31,4592,SP,Cível - Execução,433218.96,Provável,0.97,421424.16,92940.13,Ativo
PROC-2026-01685,2016-03-19,2023-10-21,2772,SP,Cível - Execução,183538.7,Provável,0.85,155420.19,159703.59,Ativo
PROC-2026-01686,2019-11-09,2029-12-06,3680,SP,Cível - Execução,282335.24,Provável,0.71,201398.22,170290.91,Encerrado
PROC-2026-01687,2015-05-09,2030-06-10,5511,SP,Cível - Outros,416266.53,Provável,0.77,321259.58,159499.52,Ativo
PROC-2026-01688,2016-03-01,2032-10-01,6058,SP,Cível - Execução,111170.02,Provável,0.96,106218.54,147607.1,Ativo
PROC-2026-01689,2019-03-16,2027-08-01,3060,SP,Cível - Execução,44439.97,Provável,0.84,37257.22,123035.63,Ativo
PROC-2026-01690,2016-08-25,2022-11-08,2266,SP,Cível - Execução,491944.88,Provável,0.86,425500.05,44994.79,Ativo
PROC-2026-01691,2016-04-23,2020-11-28,1680,SP,Cível - Execução,238833.11,Provável,0.89,211815.68,93422.71,Ativo
PROC-2026-01692,2016-12-09,2031-05-10,5265,SP,Cível - Execução,134207.85,Provável,0.74,99425.19,229078.61,Encerrado
PROC-2026-01693,2015-04-23,2028-03-20,4715,SP,Cível - Execução,262366.8,Provável,0.76,198097.69,209794.29,Ativo
PROC-2026-01694,2017-07-13,2024-01-18,2380,SP,Cível - Outros,179142.39,Provável,0.72,129103.65,102360.71,Encerrado
PROC-2026-01695,2017-10-28,2025-07-18,2820,SP,Cível - Execução,29611.02,Provável,0.96,28368.2,89725.48,Encerrado
PROC-2026-01696,2015-02-14,2018-06-18,1220,SP,Cível - Execução,171460.15,Provável,0.77,132366.17,22810.13,Encerrado
PROC-2026-01697,2019-10-02,2021-10-21,750,SP,Cível - Execução,190424.28,Provável,0.79,149707.05,30263.19,Ativo
PROC-2026-01698,2019-06-07,2024-04-10,1769,SP,Cível - Outros,172477.96,Provável,0.94,161496.57,97651.87,Encerrado
PROC-2026-01699,2018-12-19,2028-03-07,3366,SP,Cível - Execução,93587.5,Provável,0.79,73907.6,187372.25,Encerrado
PROC-2026-01700,2018-01-12,2027-08-11,3498,SP,Cível - Outros,369112.27,Provável,0.9,333727.24,172316.86,Encerrado
PROC-2026-01701,2017-02-05,2022-05-28,1938,SP,Cível - Execução,11693.95,Provável,0.83,9715.19,120710.95,Encerrado
PROC-2026-01702,2017-06-25,2021-03-06,1350,SP,Cível - Outros,171990.7,Provável,0.98,168626.06,63495.52,Encerrado
PROC-2026-01703,2019-05-17,2056-05-07,13505,SP,Cível - Execução,200706.93,Provável,0.86,173220.05,510120.89,Ativo
PROC-2026-01704,2016-07-03,2034-02-05,6426,SP,Cível - Execução,324598.76,Possível,0.43,162299.38,353204.84,Ativo
PROC-2026-01705,2017-06-28,2021-10-05,1560,SP,Cível - Execução,413774.21,Provável,0.92,380581.35,57405.65,Ativo
PROC-2026-01706,2017-09-01,2028-11-26,4104,SP,Cível - Execução,381511.25,Provável,0.87,333521.29,139906.47,Ativo
PROC-2026-01707,2019-05-10,2029-05-24,3667,SP,Cível - Execução,274165.29,Provável,0.82,223630.11,175663.75,Ativo
PROC-2026-01708,2016-08-03,2029-05-19,4672,SP,Cível - Execução,349379.11,Provável,0.76,265694.11,102717.43,Encerrado
PROC-2026-01709,2019-07-19,2032-05-23,4692,SP,Cível - Outros,88995.71,Provável,0.73,64901.39,96380.47,Ativo
PROC-2026-01710,2017-08-29,2021-04-10,1320,SP,Cível - Execução,74386.03,Provável,0.78,58351.1,75065.93,Encerrado
PROC-2026-01711,2017-05-30,2027-06-27,3680,SP,Cível - Execução,312602.39,Provável,0.94,294411.48,217660.86,Ativo
PROC-2026-01712,2015-04-17,2029-07-10,5198,SP,Cível - Execução,201080.79,Possível,0.41,100540.39,219041.97,Encerrado
PROC-2026-01713,2015-11-15,2021-06-10,2034,SP,Cível - Execução,30244.62,Provável,0.91,27375.01,84763.59,Ativo
PROC-2026-01714,2015-08-24,2028-07-16,4710,SP,Cível - Execução,125070.97,Provável,0.99,123914.77,273170.36,Ativo
PROC-2026-01715,2018-12-22,2030-10-01,4301,SP,Cível - Execução,274224.13,Provável,0.71,195654.65,141863.06,Encerrado
PROC-2026-01716,2016-11-14,2024-11-17,2925,SP,Cível - Execução,450823.97,Provável,0.76,341484.63,140980.51,Encerrado
PROC-2026-01717,2016-01-28,2020-02-21,1485,SP,Cível - Outros,391993.52,Provável,0.99,387011.95,70580.52,Ativo
PROC-2026-01718,2017-06-20,2021-07-03,1474,SP,Cível - Indenizatória,167352.57,Provável,0.81,135483.88,91523.02,Encerrado
PROC-2026-01719,2018-05-19,2022-03-05,1386,SP,Cível - Execução,120870.97,Provável,0.78,93676.0,27238.75,Encerrado
PROC-2026-01720,2018-06-25,2021-05-13,1053,SP,Cível - Execução,91581.78,Possível,0.48,45790.89,47192.7,Ativo
PROC-2026-01721,2018-03-01,2019-05-23,448,SP,Cível - Outros,441522.72,Provável,0.79,350184.58,28853.13,Encerrado
PROC-2026-01722,2018-12-15,2025-05-28,2356,SP,Cível - Indenizatória,341228.97,Provável,0.81,277655.85,133919.74,Encerrado
PROC-2026-01723,2019-05-21,2032-08-23,4843,SP,Cível - Outros,370229.87,Provável,0.98,362239.97,297669.58,Ativo
PROC-2026-01724,2017-10-18,2025-06-26,2808,SP,Cível - Execução,488737.15,Provável,0.87,424279.23,146826.85,Encerrado
PROC-2026-01725,2016-03-12,2023-04-21,2596,SP,Cível - Outros,169513.88,Provável,0.7,118951.81,78408.25,Ativo
PROC-2026-01726,2017-08-01,2028-02-29,3864,SP,Cível - Execução,286571.23,Provável,0.93,267351.19,180496.85,Ativo
PROC-2026-01727,2018-07-15,2064-01-03,16608,SP,Cível - Execução,314590.28,Provável,0.92,290123.92,1104562.88,Encerrado
PROC-2026-01728,2019-08-11,2032-02-04,4560,SP,Cível - Execução,279299.91,Provável,0.97,271348.26,209513.88,Encerrado
PROC-2026-01729,2016-08-17,2025-02-07,3096,SP,Cível - Execução,397771.2,Provável,0.84,332976.53,187147.2,Encerrado
PROC-2026-01730,2019-09-01,2033-07-24,5075,SP,Cível - Execução,426891.84,Provável,0.74,315075.24,247553.69,Encerrado
PROC-2026-01731,2016-04-21,2031-07-28,5576,SP,Cível - Execução,420917.12,Provável,0.93,391552.5,278864.56,Encerrado
PROC-2026-01732,2015-07-06,2023-06-03,2889,SP,Cível - Execução,123204.73,Provável,0.77,95079.78,186195.12,Ativo
PROC-2026-01733,2017-03-02,2025-06-28,3040,SP,Cível - Indenizatória,489029.98,Provável,0.91,444194.69,175205.76,Encerrado
PROC-2026-01734,2019-01-20,2035-05-06,5950,SP,Cível - Execução,159579.39,Possível,0.51,79789.69,297916.35,Encerrado
PROC-2026-01735,2018-11-16,2029-05-10,3828,SP,Cível - Execução,202644.08,Provável,0.76,153280.73,122763.42,Ativo
PROC-2026-01736,2017-01-23,2036-12-15,7266,SP,Cível - Execução,336606.52,Provável,0.76,254653.92,277494.32,Encerrado
PROC-2026-01737,2016-07-04,2029-04-27,4680,SP,Cível - Execução,274635.87,Provável,0.85,232651.43,234901.71,Encerrado
PROC-2026-01738,2018-11-18,2021-05-09,903,SP,Cível - Outros,423825.58,Possível,0.39,211912.79,57565.83,Encerrado
PROC-2026-01739,2018-08-18,2024-01-11,1972,SP,Cível - Execução,79175.03,Provável,0.94,74610.27,111441.31,Ativo
PROC-2026-01740,2019-09-26,2024-06-13,1722,SP,Cível - Execução,220476.87,Provável,0.7,154837.34,85424.03,Encerrado
PROC-2026-01741,2017-08-13,2023-02-13,2010,SP,Cível - Indenizatória,150792.47,Provável,0.89,134157.14,107183.41,Encerrado
PROC-2026-01742,2016-10-23,2025-07-21,3193,SP,Cível - Execução,94654.22,Provável,0.89,84540.54,136982.91,Encerrado
PROC-2026-01743,2018-03-25,2036-02-20,6541,SP,Cível - Execução,435834.91,Provável,0.96,416322.67,167962.08,Encerrado
PROC-2026-01744,2015-08-15,2024-01-20,3080,SP,Cível - Execução,260993.71,Provável,0.95,248834.57,95292.64,Encerrado
PROC-2026-01745,2016-05-11,2081-09-15,23868,SP,Cível - Outros,5169.89,Provável,0.99,5105.93,582471.11,Encerrado
PROC-2026-01746,2019-11-04,2026-09-19,2511,SP,Cível - Outros,168342.71,Provável,0.83,139218.5,138779.31,Ativo
PROC-2026-01747,2015-08-28,2021-07-27,2160,SP,Cível - Execução,21857.32,Provável,0.84,18328.84,137008.6,Ativo
PROC-2026-01748,2019-10-14,2028-11-23,3328,SP,Cível - Execução,108173.0,Provável,0.78,84040.35,123868.1,Encerrado
PROC-2026-01749,2017-04-14,2031-09-28,5280,SP,Cível - Execução,55010.03,Provável,0.98,53661.9,132534.83,Encerrado
PROC-2026-01750,2019-08-16,2021-10-23,799,SP,Cível - Execução,279160.48,Possível,0.69,139580.24,36053.49,Encerrado
PROC-2026-01751,2016-01-01,2049-03-24,12136,SP,Cível - Execução,352552.0,Possível,0.43,176276.0,333924.86,Encerrado
PROC-2026-01752,2019-12-03,2031-03-12,4117,SP,Cível - Execução,247655.96,Provável,0.72,177965.58,198785.85,Encerrado
PROC-2026-01753,2016-04-13,2020-02-15,1403,SP,Cível - Execução,110490.06,Provável,0.94,103748.57,56303.85,Ativo
PROC-2026-01754,2019-05-01,2024-02-12,1748,SP,Trabalhista,392508.82,Provável,0.74,289353.54,63413.94,Ativo
PROC-2026-01755,2015-12-24,2035-09-18,7208,SP,Cível - Indenizatória,88049.07,Provável,0.84,74118.62,154328.45,Encerrado
PROC-2026-01756,2016-01-28,2022-10-08,2445,SP,Trabalhista,380977.01,Provável,0.89,340166.13,129507.67,Ativo
PROC-2026-01757,2017-11-04,2021-11-07,1464,SP,Cível - Execução,458895.74,Provável,0.79,362609.27,38304.19,Encerrado
PROC-2026-01758,2017-11-20,2022-06-27,1680,SP,Cível - Execução,156474.76,Provável,0.85,132374.29,98379.4,Encerrado
PROC-2026-01759,2017-02-11,2023-06-10,2310,SP,Cível - Execução,236526.64,Provável,0.72,169851.89,41456.87,Encerrado
PROC-2026-01760,2016-02-16,2019-08-26,1287,SP,Cível - Execução,114374.19,Provável,0.88,100887.44,68459.29,Ativo
PROC-2026-01761,2016-06-01,2025-04-30,3255,SP,Cível - Outros,68580.21,Possível,0.7,34290.1,74842.52,Encerrado
PROC-2026-01762,2015-11-08,2025-10-22,3636,SP,Cível - Execução,216724.47,Possível,0.38,108362.23,155084.28,Ativo
PROC-2026-01763,2019-08-06,2020-12-25,507,SP,Cível - Outros,99391.3,Provável,0.82,81070.23,16843.18,Ativo
PROC-2026-01764,2017-05-30,2099-01-11,29811,SP,Trabalhista,153022.74,Provável,0.74,113395.67,1038039.34,Ativo
PROC-2026-01765,2018-01-12,2028-03-05,3705,SP,Trabalhista,154767.73,Provável,0.91,141564.58,148180.44,Encerrado
PROC-2026-01766,2015-05-26,2020-01-10,1690,SP,Cível - Execução,439693.61,Provável,0.82,361801.43,93046.33,Encerrado
PROC-2026-01767,2019-07-17,2024-05-26,1775,SP,Cível - Indenizatória,491619.97,Provável,0.78,384270.72,61137.03,Encerrado
PROC-2026-01768,2016-09-12,2030-11-15,5177,SP,Cível - Execução,279423.45,Provável,0.84,234400.79,89740.23,Ativo
PROC-2026-01769,2017-05-11,2038-04-27,7656,SP,Cível - Execução,455416.57,Provável,0.94,426451.12,259747.56,Ativo
PROC-2026-01770,2019-10-23,2029-02-07,3395,SP,Cível - Outros,92299.79,Provável,0.97,89204.53,123194.33,Ativo
PROC-2026-01771,2015-07-04,2018-12-28,1273,SP,Cível - Execução,478141.91,Provável,0.76,362059.65,54111.13,Ativo
PROC-2026-01772,2019-01-08,2024-09-28,2090,SP,Cível - Outros,134635.17,Provável,0.77,103879.52,75442.42,Ativo
PROC-2026-01773,2015-07-06,2018-08-01,1122,SP,Cível - Execução,479627.7,Possível,0.65,239813.85,52309.1,Ativo
PROC-2026-01774,2018-10-05,2022-05-23,1326,SP,Cível - Execução,261655.74,Provável,0.92,240885.08,38714.17,Encerrado
PROC-2026-01775,2017-05-08,2032-09-16,5610,SP,Cível - Execução,38633.28,Provável,0.86,33403.08,274957.04,Ativo
PROC-2026-01776,2015-01-04,2021-05-02,2310,SP,Cível - Execução,21385.83,Provável,0.94,20099.85,141152.8,Encerrado
PROC-2026-01777,2016-12-24,2019-10-13,1023,SP,Cível - Execução,447289.25,Provável,0.97,432698.0,21752.25,Ativo
PROC-2026-01778,2018-09-15,2021-04-07,935,SP,Cível - Execução,19200.21,Provável,0.72,13849.84,44712.63,Encerrado
PROC-2026-01779,2015-05-22,2018-02-20,1005,SP,Cível - Execução,489319.29,Possível,0.33,244659.65,40042.09,Encerrado
PROC-2026-01780,2016-11-09,2036-10-15,7280,SP,Cível - Execução,182228.87,Provável,0.95,172501.18,348166.41,Ativo
PROC-2026-01781,2018-06-01,2023-09-03,1920,SP,Cível - Outros,381679.75,Provável,0.7,268594.04,112976.68,Ativo
PROC-2026-01782,2018-11-25,2027-05-16,3094,SP,Cível - Execução,332749.06,Provável,0.79,263487.37,112570.58,Ativo
PROC-2026-01783,2016-11-29,2030-06-25,4956,SP,Cível - Execução,151121.86,Provável,0.99,149104.14,283110.93,Ativo
PROC-2026-01784,2019-09-08,2023-03-31,1300,SP,Cível - Execução,391209.41,Provável,0.75,292370.26,23959.62,Ativo
PROC-2026-01785,2017-03-15,2022-02-09,1792,SP,Cível - Execução,276574.97,Provável,0.8,221699.51,84402.52,Ativo
PROC-2026-01786,2016-08-17,2029-08-21,4752,SP,Cível - Execução,258381.4,Provável,0.97,249685.21,178422.72,Encerrado
PROC-2026-01787,2018-07-04,2034-02-04,5694,SP,Cível - Execução,325210.31,Provável,0.81,263718.01,131960.2,Encerrado
PROC-2026-01788,2019-10-28,2025-08-18,2121,SP,Cível - Execução,288577.05,Provável,0.95,275436.54,65875.77,Ativo
PROC-2026-01789,2018-04-23,2033-09-07,5616,SP,Cível - Execução,72107.16,Possível,0.54,36053.58,359047.58,Ativo
PROC-2026-01790,2017-06-26,2022-10-28,1950,SP,Cível - Execução,410272.25,Provável,0.93,383071.18,86851.42,Encerrado
PROC-2026-01791,2018-03-19,2034-02-11,5808,SP,Cível - Execução,193172.08,Provável,0.93,180117.63,210098.59,Encerrado
PROC-2026-01792,2018-10-12,2026-05-15,2772,SP,Cível - Outros,66478.05,Possível,0.43,33239.02,143791.87,Ativo
PROC-2026-01793,2017-01-15,2018-10-23,646,SP,Cível - Execução,324504.82,Provável,0.8,261177.47,15002.16,Encerrado
PROC-2026-01794,2018-01-02,2024-03-05,2254,SP,Cível - Outros,297244.24,Provável,0.94,280365.38,75897.43,Ativo
PROC-2026-01795,2016-04-06,2018-10-03,910,SP,Cível - Execução,191056.34,Provável,0.85,162047.71,56914.11,Encerrado
PROC-2026-01796,2018-05-13,2026-03-08,2856,SP,Cível - Execução,425632.2,Possível,0.32,212816.1,144501.2,Ativo
PROC-2026-01797,2017-05-04,2030-02-05,4660,SP,Cível - Execução,7893.84,Provável,0.87,6869.9,161135.94,Ativo
PROC-2026-01798,2018-12-01,2026-04-27,2704,SP,Cível - Execução,20110.89,Provável,0.89,17847.98,103170.46,Ativo
PROC-2026-01799,2017-11-21,2032-09-05,5402,SP,Cível - Outros,428306.64,Possível,0.63,214153.32,172225.59,Encerrado
PROC-2026-01800,2018-10-21,2027-05-07,3120,SP,Cível - Execução,367163.42,Provável,0.99,363467.86,131155.76,Ativo
PROC-2026-01801,2015-12-19,2036-07-07,7506,SP,Cível - Execução,377500.14,Provável,0.99,374453.3,356910.33,Ativo
PROC-2026-01802,2019-04-21,2051-09-12,11832,SP,Cível - Outros,275388.03,Possível,0.54,137694.02,500303.23,Encerrado
PROC-2026-01803,2019-06-26,2025-12-31,2380,SP,Cível - Outros,114966.95,Provável,0.72,82547.79,138179.17,Ativo
PROC-2026-01804,2017-10-17,2020-04-05,901,SP,Cível - Indenizatória,216583.5,Provável,0.89,191699.43,25426.13,Ativo
PROC-2026-01805,2019-07-17,2022-04-17,1005,SP,Cível - Execução,285893.51,Possível,0.55,142946.76,55105.18,Encerrado
PROC-2026-01806,2019-01-11,2031-05-22,4514,SP,Cível - Execução,131674.96,Provável,1.0,131586.46,113051.21,Ativo
PROC-2026-01807,2018-08-02,2022-06-02,1400,SP,Cível - Execução,397367.26,Provável,0.88,351630.44,55198.59,Ativo
PROC-2026-01808,2018-01-10,2027-02-24,3332,SP,Cível - Execução,19258.77,Provável,0.99,18981.34,149498.11,Encerrado
PROC-2026-01809,2016-08-20,2021-06-23,1768,SP,Cível - Execução,346822.28,Provável,0.88,306815.1,57185.13,Encerrado
PROC-2026-01810,2015-07-25,2020-04-05,1716,SP,Cível - Execução,80578.84,Provável,0.81,65299.77,43366.94,Encerrado
PROC-2026-01811,2018-12-12,2030-03-08,4104,SP,Cível - Execução,441707.5,Provável,0.93,412023.48,226869.32,Ativo
PROC-2026-01812,2015-09-11,2018-05-04,966,SP,Cível - Execução,110685.72,Provável,0.89,98189.75,21236.36,Ativo
PROC-2026-01813,2017-05-17,2033-06-01,5859,SP,Cível - Execução,422034.32,Provável,0.96,407100.12,123082.46,Ativo
PROC-2026-01814,2016-12-05,2029-08-15,4636,SP,Cível - Execução,497197.23,Possível,0.33,248598.62,240814.3,Encerrado
PROC-2026-01815,2018-10-01,2022-04-01,1278,SP,Cível - Execução,172760.04,Provável,0.8,137814.38,75933.78,Encerrado
PROC-2026-01816,2019-10-06,2025-10-19,2205,SP,Cível - Execução,298658.7,Provável,0.75,224642.91,98559.17,Encerrado
PROC-2026-01817,2017-09-13,2034-07-04,6138,SP,Cível - Execução,311741.22,Possível,0.56,155870.61,401388.09,Encerrado
PROC-2026-01818,2019-11-12,2027-12-24,2964,SP,Cível - Execução,161189.25,Provável,0.75,120668.91,107833.67,Ativo
PROC-2026-01819,2018-11-05,2023-02-18,1566,SP,Cível - Execução,125879.17,Provável,0.95,119261.4,32614.0,Encerrado
PROC-2026-01820,2017-09-22,2023-04-30,2046,SP,Trabalhista,301301.93,Provável,0.95,285093.99,115831.93,Ativo
PROC-2026-01821,2016-07-23,2019-11-05,1200,SP,Cível - Execução,499918.75,Possível,0.63,249959.38,34297.28,Encerrado
PROC-2026-01822,2016-04-30,2021-11-30,2040,SP,Cível - Execução,315840.01,Provável,0.72,227439.2,54208.89,Encerrado
PROC-2026-01823,2016-12-01,2026-12-12,3663,SP,Cível - Execução,23366.0,Provável,0.75,17517.62,166720.14,Encerrado
PROC-2026-01824,2019-10-07,2023-09-21,1445,SP,Cível - Execução,363829.95,Provável,0.97,353321.35,49450.75,Ativo
PROC-2026-01825,2018-10-02,2022-02-15,1232,SP,Cível - Execução,391971.76,Provável,0.99,389363.68,64374.7,Encerrado
PROC-2026-01826,2016-03-21,2020-06-22,1554,SP,Cível - Outros,358613.17,Provável,0.72,257495.87,38669.49,Ativo
PROC-2026-01827,2018-01-03,2021-10-14,1380,SP,Cível - Execução,307010.1,Provável,0.8,244506.78,53722.51,Ativo
PROC-2026-01828,2017-02-12,2026-12-06,3584,SP,Cível - Execução,328220.95,Provável,0.98,321882.67,101694.54,Ativo
PROC-2026-01829,2019-06-17,2021-12-03,900,SP,Cível - Outros,136547.76,Provável,0.99,135277.04,37501.04,Encerrado
PROC-2026-01830,2015-10-31,2017-07-17,625,SP,Cível - Execução,428097.97,Provável,0.91,387451.86,12262.99,Ativo
PROC-2026-01831,2019-09-18,2026-01-28,2324,SP,Cível - Execução,405560.99,Provável,0.77,312622.69,101186.23,Ativo
PROC-2026-01832,2018-01-25,2024-09-05,2415,SP,Cível - Execução,453390.28,Provável,0.96,433892.52,88787.41,Ativo
PROC-2026-01833,2019-05-03,2020-02-27,300,SP,Cível - Execução,46961.0,Possível,0.48,23480.5,11593.33,Encerrado
PROC-2026-01834,2018-08-26,2026-07-21,2886,SP,Cível - Indenizatória,355590.51,Provável,0.75,267977.79,63045.07,Encerrado
PROC-2026-01835,2019-09-29,2022-01-28,852,SP,Cível - Execução,451135.52,Provável,0.87,392017.86,27436.6,Encerrado
PROC-2026-01836,2015-06-26,2015-12-19,176,SP,Cível - Execução,493141.36,Possível,0.62,246570.68,11530.13,Encerrado
PROC-2026-01837,2016-03-29,2023-04-16,2574,SP,Cível - Execução,85506.12,Provável,0.87,74408.32,68889.62,Ativo
PROC-2026-01838,2015-09-12,2023-10-12,2952,SP,Cível - Outros,240811.01,Provável,0.99,238811.03,77341.52,Ativo
PROC-2026-01839,2018-05-05,2020-12-28,968,SP,Cível - Execução,360833.01,Provável,0.79,285004.34,24003.54,Ativo
PROC-2026-01840,2016-01-02,2019-02-27,1152,SP,Cível - Execução,146689.28,Provável,0.89,130319.87,28602.33,Ativo
PROC-2026-01841,2018-05-03,2028-02-12,3572,SP,Cível - Indenizatória,177236.18,Provável,0.85,150069.23,126947.27,Ativo
PROC-2026-01842,2015-12-30,2020-09-16,1722,SP,Cível - Execução,480058.17,Provável,0.71,342858.97,78333.19,Ativo
PROC-2026-01843,2017-10-12,2026-07-29,3212,SP,Cível - Execução,158608.44,Provável,0.93,147854.42,176682.23,Ativo
PROC-2026-01844,2017-05-17,2042-09-19,9256,SP,Cível - Execução,178150.88,Provável,0.95,169493.56,591159.86,Encerrado
PROC-2026-01845,2019-03-14,2042-10-23,8624,SP,Cível - Execução,315230.89,Provável,0.76,239278.9,355951.49,Encerrado
PROC-2026-01846,2015-10-04,2019-12-07,1525,SP,Cível - Execução,30521.07,Provável,0.8,24365.67,50263.06,Encerrado
PROC-2026-01847,2017-10-30,2034-12-25,6265,SP,Cível - Execução,429265.36,Provável,0.99,423386.43,396018.51,Encerrado
PROC-2026-01848,2019-11-29,2024-04-03,1587,SP,Cível - Execução,291188.82,Provável,0.82,237971.63,69610.16,Ativo
PROC-2026-01849,2015-03-29,2020-06-15,1905,SP,Cível - Execução,204011.23,Possível,0.41,102005.62,62915.26,Ativo
PROC-2026-01850,2015-02-22,2023-05-27,3016,SP,Cível - Outros,271256.68,Possível,0.47,135628.34,110430.14,Encerrado
PROC-2026-01851,2019-08-22,2024-04-08,1691,SP,Cível - Execução,272579.55,Provável,0.96,260997.78,71869.97,Encerrado
PROC-2026-01852,2018-04-18,2020-12-18,975,SP,Cível - Execução,277396.86,Provável,0.72,200337.14,40151.07,Encerrado
PROC-2026-01853,2016-10-27,2020-07-23,1365,SP,Cível - Execução,362674.02,Provável,0.77,277941.5,41467.55,Ativo
PROC-2026-01854,2016-06-29,2029-03-23,4650,SP,Cível - Execução,76159.96,Provável,0.83,63485.16,246623.45,Ativo
PROC-2026-01855,2015-09-16,2021-03-14,2006,SP,Cível - Execução,166888.09,Provável,0.74,123747.74,117197.37,Ativo
PROC-2026-01856,2016-08-25,2033-01-28,6000,SP,Cível - Outros,287594.97,Possível,0.57,143797.49,397444.18,Encerrado
PROC-2026-01857,2015-12-23,2022-09-05,2448,SP,Cível - Execução,214121.06,Possível,0.61,107060.53,93601.43,Encerrado
PROC-2026-01858,2019-08-16,2037-12-18,6699,SP,Cível - Outros,459039.44,Provável,0.94,429764.54,250317.62,Ativo
PROC-2026-01859,2017-10-25,2021-04-07,1260,SP,Cível - Execução,286405.37,Provável,0.8,228341.96,52074.74,Ativo
PROC-2026-01860,2017-03-23,2024-02-20,2525,SP,Cível - Outros,31883.7,Possível,0.68,15941.85,53821.53,Encerrado
PROC-2026-01861,2017-07-07,2022-03-19,1716,SP,Cível - Outros,118584.62,Provável,0.88,104071.39,37023.02,Ativo
PROC-2026-01862,2016-10-30,2018-10-20,720,SP,Cível - Execução,10936.98,Provável,0.97,10647.9,34147.2,Encerrado
PROC-2026-01863,2015-11-11,2019-10-06,1425,SP,Cível - Outros,8226.11,Possível,0.5,4113.06,64227.2,Encerrado
PROC-2026-01864,2018-04-02,2032-06-18,5191,SP,Cível - Execução,372494.32,Provável,0.98,365504.25,174850.05,Ativo
PROC-2026-01865,2015-07-21,2020-06-14,1790,SP,Cível - Execução,74976.38,Provável,0.89,66530.31,108885.6,Encerrado
PROC-2026-01866,2019-01-15,2034-02-18,5513,SP,Cível - Indenizatória,114527.13,Provável,0.77,87920.56,346502.02,Encerrado
PROC-2026-01867,2015-12-16,2024-05-22,3080,SP,Cível - Outros,323820.38,Provável,0.89,286822.88,91706.67,Encerrado
PROC-2026-01868,2016-11-27,2032-10-14,5800,SP,Cível - Execução,95336.71,Provável,0.85,81309.53,282312.0,Ativo
PROC-2026-01869,2019-09-17,2028-03-13,3100,SP,Cível - Outros,401769.53,Provável,0.86,343714.5,81383.27,Encerrado
PROC-2026-01870,2019-02-27,2025-03-12,2205,SP,Cível - Execução,474168.87,Provável,0.79,375988.97,115329.02,Ativo
PROC-2026-01871,2015-06-23,2022-06-28,2562,SP,Cível - Execução,153452.83,Provável,0.93,142267.61,134086.16,Ativo
PROC-2026-01872,2019-04-26,2040-12-29,7918,SP,Cível - Execução,153232.73,Provável,0.89,136121.02,389465.43,Encerrado
PROC-2026-01873,2018-08-18,2023-04-14,1700,SP,Cível - Execução,161537.89,Provável,0.99,159616.93,68119.97,Encerrado
PROC-2026-01874,2015-03-07,2021-09-06,2375,SP,Cível - Execução,81687.68,Provável,0.96,78733.63,77614.08,Ativo
PROC-2026-01875,2017-02-09,2020-10-20,1349,SP,Cível - Execução,428310.5,Provável,0.84,359944.44,43805.91,Ativo
PROC-2026-01876,2018-04-14,2026-01-13,2831,SP,Cível - Execução,156584.56,Provável,0.95,149168.86,134240.08,Ativo
PROC-2026-01877,2017-09-08,2031-04-08,4960,SP,Cível - Execução,424132.94,Provável,0.99,419631.14,136263.8,Encerrado
PROC-2026-01878,2016-11-10,2032-07-13,5724,SP,Cível - Execução,325258.34,Provável,0.86,278830.65,98725.59,Encerrado
PROC-2026-01879,2018-09-08,2023-12-15,1924,SP,Cível - Execução,33745.77,Possível,0.51,16872.89,56676.49,Ativo
PROC-2026-01880,2019-02-19,2039-10-20,7548,SP,Cível - Execução,148783.22,Provável,0.78,116492.95,326122.41,Encerrado
PROC-2026-01881,2018-06-19,2020-12-17,912,SP,Cível - Execução,386149.78,Possível,0.32,193074.89,60268.73,Ativo
PROC-2026-01882,2019-02-09,2020-12-26,686,SP,Cível - Execução,99520.25,Possível,0.44,49760.13,26752.64,Ativo
PROC-2026-01883,2019-06-21,2033-03-17,5018,SP,Cível - Indenizatória,473532.02,Provável,0.87,411130.79,212403.67,Encerrado
PROC-2026-01884,2015-06-23,2019-02-02,1320,SP,Cível - Execução,482361.17,Provável,0.78,377560.04,83948.63,Ativo
PROC-2026-01885,2017-03-07,2027-06-07,3744,SP,Cível - Indenizatória,184501.64,Provável,0.84,155330.59,174359.42,Encerrado
PROC-2026-01886,2019-11-15,2035-07-18,5724,SP,Cível - Execução,237587.24,Possível,0.55,118793.62,376343.45,Encerrado
PROC-2026-01887,2016-07-11,2021-02-27,1692,SP,Cível - Execução,382432.28,Provável,0.85,324850.69,85632.03,Encerrado
PROC-2026-01888,2017-05-06,2028-04-08,3990,SP,Cível - Execução,385873.03,Provável,0.74,285674.27,91589.86,Ativo
PROC-2026-01889,2016-05-22,2027-10-22,4170,SP,Cível - Execução,481755.1,Provável,0.8,386908.12,234948.42,Ativo
PROC-2026-01890,2017-08-17,2018-03-25,220,SP,Cível - Outros,198279.21,Possível,0.48,99139.61,5751.27,Ativo
PROC-2026-01891,2016-08-14,2016-09-19,36,SP,Cível - Outros,339852.35,Possível,0.32,169926.17,1266.13,Ativo
PROC-2026-01892,2018-05-02,2021-02-18,1023,SP,Cível - Outros,20832.15,Possível,0.31,10416.08,66751.39,Encerrado
PROC-2026-01893,2019-03-10,2020-05-12,429,SP,Cível - Execução,430186.38,Possível,0.66,215093.19,7770.17,Encerrado
PROC-2026-01894,2015-12-30,2016-09-11,256,SP,Cível - Execução,154320.73,Possível,0.67,77160.37,11037.32,Encerrado
PROC-2026-01895,2019-09-27,2029-05-28,3531,SP,Cível - Execução,426839.01,Provável,0.95,406491.4,61557.05,Encerrado
PROC-2026-01896,2016-05-02,2027-01-05,3900,SP,Cível - Execução,220735.38,Provável,0.93,204442.77,126479.91,Encerrado
PROC-2026-01897,2017-08-09,2019-10-18,800,SP,Cível - Execução,155929.51,Possível,0.57,77964.76,36226.9,Ativo
PROC-2026-01898,2016-06-11,2022-08-24,2265,SP,Cível - Execução,227328.88,Provável,0.83,188639.37,146755.25,Ativo
PROC-2026-01899,2017-04-23,2021-06-01,1500,SP,Cível - Indenizatória,210841.57,Provável,0.82,172991.92,57122.94,Encerrado
PROC-2026-01900,2016-11-05,2021-01-23,1540,SP,Cível - Outros,140486.08,Provável,0.76,107238.06,38460.39,Encerrado
PROC-2026-01901,2016-10-05,2023-04-05,2373,SP,Cível - Execução,68329.94,Possível,0.43,34164.97,52670.02,Encerrado
PROC-2026-01902,2017-10-11,2019-11-02,752,SP,Cível - Execução,255372.14,Possível,0.61,127686.07,16795.3,Ativo
PROC-2026-01903,2015-12-01,2024-05-23,3096,SP,Cível - Execução,390955.19,Possível,0.47,195477.6,99472.95,Ativo
PROC-2026-01904,2015-05-19,2021-02-28,2112,SP,Cível - Execução,113241.6,Possível,0.64,56620.8,55074.46,Encerrado
PROC-2026-01905,2019-02-24,2028-08-11,3456,SP,Cível - Execução,135643.64,Provável,0.76,103687.22,96100.84,Ativo
PROC-2026-01906,2016-02-05,2021-03-22,1872,SP,Cível - Execução,89044.67,Provável,0.92,81935.99,119761.1,Ativo
PROC-2026-01907,2019-01-14,2031-01-09,4378,SP,Cível - Indenizatória,180235.89,Provável,0.84,150896.42,265767.76,Ativo
PROC-2026-01908,2018-09-19,2034-09-16,5841,SP,Cível - Execução,381939.76,Possível,0.68,190969.88,223922.28,Ativo
PROC-2026-01909,2017-05-31,2035-06-06,6580,SP,Cível - Execução,386821.18,Provável,0.8,310525.3,432746.5,Encerrado
PROC-2026-01910,2018-05-17,2022-12-08,1666,SP,Cível - Execução,309002.71,Provável,0.99,307096.72,71937.14,Ativo
PROC-2026-01911,2018-10-31,2030-11-27,4410,SP,Cível - Execução,288514.14,Provável,0.75,215489.0,227106.74,Encerrado
PROC-2026-01912,2016-02-11,2035-05-10,7028,SP,Cível - Outros,275124.36,Provável,0.8,219412.54,346569.85,Ativo
PROC-2026-01913,2017-09-30,2030-01-13,4488,SP,Cível - Outros,309159.82,Provável,0.74,227352.27,182830.92,Ativo
PROC-2026-01914,2019-11-24,2025-11-22,2190,SP,Cível - Execução,218871.79,Provável,0.88,193099.75,37815.86,Ativo
PROC-2026-01915,2019-07-31,2026-01-21,2366,SP,Cível - Indenizatória,88615.09,Provável,0.81,71427.83,73137.04,Encerrado
PROC-2026-01916,2019-11-28,2031-11-29,4384,SP,Cível - Execução,419939.46,Provável,0.9,376991.6,98331.02,Encerrado
PROC-2026-01917,2019-11-25,2023-09-20,1395,SP,Cível - Execução,140051.0,Provável,0.81,112945.53,65975.74,Encerrado
PROC-2026-01918,2018-01-28,2028-03-12,3696,SP,Cível - Execução,166330.88,Provável,0.76,125888.63,164611.82,Encerrado
PROC-2026-01919,2017-01-10,2018-12-15,704,SP,Cível - Execução,148789.47,Provável,0.86,128188.36,12278.9,Encerrado
PROC-2026-01920,2016-12-04,2037-07-27,7540,SP,Cível - Outros,391263.62,Provável,0.97,379378.4,383691.73,Ativo
PROC-2026-01921,2019-03-26,2022-09-22,1276,SP,Cível - Execução,154065.48,Provável,0.77,118027.39,68136.54,Ativo
PROC-2026-01922,2016-06-15,2023-05-12,2522,SP,Cível - Outros,328967.96,Provável,0.94,309430.72,97884.75,Encerrado
PROC-2026-01923,2019-08-07,2025-06-18,2142,SP,Cível - Execução,348997.7,Provável,0.9,312438.22,142519.24,Ativo
PROC-2026-01924,2016-07-06,2021-03-02,1700,SP,Cível - Execução,345025.79,Provável,0.9,311070.61,73661.31,Ativo
PROC-2026-01925,2018-11-11,2026-09-30,2880,SP,Cível - Execução,436646.65,Provável,0.91,399426.2,166174.91,Ativo
PROC-2026-01926,2019-11-20,2025-05-25,2013,SP,Cível - Execução,156492.01,Provável,0.73,114295.04,106741.06,Encerrado
PROC-2026-01927,2017-10-06,2024-06-24,2453,SP,Trabalhista,229754.35,Provável,1.0,228765.81,117455.61,Ativo
PROC-2026-01928,2017-06-04,2018-03-04,273,SP,Cível - Outros,300721.99,Provável,0.97,291702.41,17634.71,Ativo
PROC-2026-01929,2018-08-10,2034-03-03,5684,SP,Cível - Indenizatória,133681.88,Provável,0.77,103405.8,165675.18,Encerrado
PROC-2026-01930,2017-07-26,2025-08-25,2952,SP,Cível - Execução,478281.98,Provável,0.85,406327.34,120260.18,Ativo
PROC-2026-01931,2018-01-12,2021-09-23,1350,SP,Cível - Execução,446396.83,Possível,0.36,223198.41,48890.89,Ativo
PROC-2026-01932,2016-05-05,2020-10-21,1630,SP,Cível - Execução,166590.38,Provável,0.9,150389.15,74228.16,Encerrado
PROC-2026-01933,2017-11-10,2019-07-13,610,SP,Cível - Execução,346883.12,Possível,0.61,173441.56,13910.78,Encerrado
PROC-2026-01934,2016-10-07,2026-06-05,3528,SP,Cível - Execução,206027.06,Provável,0.83,170425.09,180027.56,Ativo
PROC-2026-01935,2018-09-27,2020-03-05,525,SP,Cível - Execução,434458.56,Provável,0.93,402854.01,13500.28,Encerrado
PROC-2026-01936,2016-12-09,2021-11-11,1798,SP,Cível - Execução,227909.71,Possível,0.56,113954.86,38990.44,Encerrado
PROC-2026-01937,2018-02-07,2035-11-05,6480,SP,Cível - Execução,418340.96,Provável,0.73,303601.5,308650.15,Ativo
PROC-2026-01938,2016-07-24,2023-01-01,2352,SP,Cível - Execução,453682.64,Provável,0.91,412813.95,140976.36,Ativo
PROC-2026-01939,2016-12-03,2020-05-04,1248,SP,Cível - Execução,150957.51,Provável,0.78,118382.22,76618.36,Ativo
PROC-2026-01940,2016-06-04,2023-08-27,2640,SP,Cível - Execução,326860.51,Possível,0.7,163430.25,111572.04,Encerrado
PROC-2026-01941,2015-07-18,2034-01-17,6758,SP,Cível - Execução,493447.22,Possível,0.33,246723.61,268153.58,Ativo
PROC-2026-01942,2016-04-27,2023-04-23,2552,SP,Cível - Execução,419395.14,Provável,0.91,382562.38,156006.62,Ativo
PROC-2026-01943,2015-05-26,2022-07-24,2616,SP,Cível - Execução,466739.44,Provável,0.8,374465.01,61165.88,Ativo
PROC-2026-01944,2016-01-12,2022-08-26,2418,SP,Cível - Execução,124236.78,Possível,0.54,62118.39,128209.88,Encerrado
PROC-2026-01945,2016-07-25,2019-08-17,1118,SP,Cível - Execução,66984.14,Possível,0.64,33492.07,19492.42,Ativo
PROC-2026-01946,2018-08-10,2032-05-20,5032,SP,Cível - Execução,199642.74,Provável,0.76,151407.05,315276.42,Encerrado
PROC-2026-01947,2016-02-05,2020-12-08,1768,SP,Trabalhista,248513.49,Provável,0.93,231405.53,106017.75,Encerrado
PROC-2026-01948,2017-10-22,2024-05-18,2400,SP,Cível - Outros,51118.84,Possível,0.39,25559.42,129464.98,Ativo
PROC-2026-01949,2015-12-27,2019-05-02,1222,SP,Cível - Execução,217736.92,Possível,0.5,108868.46,58292.33,Ativo
PROC-2026-01950,2018-09-29,2021-12-02,1160,SP,Cível - Execução,363525.07,Possível,0.45,181762.54,32147.35,Ativo
PROC-2026-01951,2016-01-30,2019-04-22,1178,SP,Cível - Execução,148404.51,Possível,0.66,74202.25,75561.95,Encerrado
PROC-2026-01952,2019-08-31,2023-07-26,1425,SP,Cível - Execução,5879.04,Provável,0.74,4346.87,64817.27,Ativo
PROC-2026-01953,2019-06-15,2056-02-15,13394,SP,Cível - Outros,226144.83,Provável,0.88,198604.08,659620.62,Ativo
PROC-2026-01954,2019-02-06,2022-07-10,1250,SP,Cível - Execução,56062.25,Provável,0.78,43971.33,64362.24,Encerrado
PROC-2026-01955,2019-08-13,2023-07-13,1430,SP,Cível - Execução,487421.96,Provável,0.8,391232.08,78492.06,Ativo
PROC-2026-01956,2016-10-11,2032-05-20,5700,SP,Cível - Execução,265566.83,Provável,0.73,194069.8,257453.14,Encerrado
PROC-2026-01957,2018-07-15,2028-11-19,3780,SP,Cível - Execução,362782.54,Provável,0.74,267341.1,245552.21,Ativo
PROC-2026-01958,2017-08-17,2028-07-14,3984,SP,Cível - Execução,352656.58,Possível,0.65,176328.29,193915.86,Ativo
PROC-2026-01959,2015-08-16,2034-07-02,6895,SP,Cível - Indenizatória,62363.62,Possível,0.44,31181.81,349389.73,Ativo
PROC-2026-01960,2017-06-21,2038-07-04,7683,SP,Cível - Execução,6580.61,Possível,0.67,3290.31,302606.53,Ativo
PROC-2026-01961,2017-05-20,2040-07-09,8451,SP,Cível - Execução,141041.47,Provável,1.0,140748.38,185054.99,Ativo
PROC-2026-01962,2018-11-12,2019-07-25,255,SP,Cível - Execução,96764.57,Provável,0.88,84709.94,8535.89,Ativo
PROC-2026-01963,2017-12-02,2020-01-23,782,SP,Cível - Execução,405346.41,Provável,0.77,311470.63,42452.29,Ativo
PROC-2026-01964,2015-11-22,2019-04-17,1242,SP,Cível - Execução,393567.68,Provável,0.81,318187.32,79159.3,Ativo
PROC-2026-01965,2017-07-31,2018-03-12,224,SP,Cível - Execução,363317.37,Provável,0.85,307714.46,12855.24,Ativo
PROC-2026-01966,2019-02-23,2032-05-25,4840,SP,Cível - Indenizatória,123897.04,Provável,0.83,102418.39,242335.24,Encerrado
PROC-2026-01967,2019-06-11,2021-08-31,812,SP,Cível - Execução,377416.08,Provável,0.82,308562.69,51919.72,Ativo
PROC-2026-01968,2019-02-17,2033-07-09,5256,SP,Trabalhista,52410.16,Possível,0.5,26205.08,246331.33,Encerrado
PROC-2026-01969,2015-09-12,2030-05-20,5364,SP,Cível - Execução,473035.66,Provável,0.96,455884.28,165207.12,Ativo
PROC-2026-01970,2017-03-05,2019-05-17,803,SP,Cível - Execução,323289.87,Possível,0.54,161644.94,41851.9,Ativo
PROC-2026-01971,2018-02-19,2019-11-25,644,SP,Cível - Execução,197361.24,Provável,0.83,164246.37,26277.99,Ativo
PROC-2026-01972,2018-11-29,2022-05-27,1275,SP,Cível - Execução,23536.33,Possível,0.31,11768.16,66502.39,Ativo
PROC-2026-01973,2017-07-17,2028-07-25,4026,SP,Cível - Execução,484675.32,Provável,0.94,457955.66,259179.37,Encerrado
PROC-2026-01974,2018-09-12,2021-03-02,902,SP,Cível - Execução,48375.98,Possível,0.58,24187.99,53746.44,Ativo
PROC-2026-01975,2017-01-16,2027-08-22,3870,SP,Cível - Outros,395807.44,Provável,0.85,335528.67,81578.85,Encerrado
PROC-2026-01976,2017-12-06,2031-07-06,4960,SP,Cível - Execução,172700.65,Provável,0.75,128980.85,305097.65,Encerrado
PROC-2026-01977,2019-01-12,2021-06-23,893,SP,Cível - Execução,93067.58,Provável,0.72,66830.55,20142.44,Ativo
PROC-2026-01978,2016-06-04,2023-12-15,2750,SP,Cível - Execução,93706.13,Provável,0.94,88533.67,79353.17,Encerrado
PROC-2026-01979,2015-12-22,2028-02-08,4431,SP,Cível - Indenizatória,45079.33,Provável,0.97,43865.48,146024.21,Encerrado
PROC-2026-01980,2016-01-31,2018-09-14,957,SP,Cível - Execução,289887.1,Possível,0.38,144943.55,46300.74,Ativo
PROC-2026-01981,2015-12-30,2026-02-05,3690,SP,Cível - Execução,35681.59,Possível,0.62,17840.8,90175.74,Encerrado
PROC-2026-01982,2017-07-03,2019-05-09,675,SP,Cível - Execução,231620.22,Provável,1.0,231543.25,35347.62,Ativo
PROC-2026-01983,2018-06-10,2027-01-19,3145,SP,Cível - Outros,464992.87,Possível,0.55,232496.43,52675.64,Ativo
PROC-2026-01984,2015-03-29,2018-06-14,1173,SP,Cível - Execução,82780.68,Provável,0.85,70272.91,31416.16,Ativo
PROC-2026-01985,2015-10-16,2017-02-03,476,SP,Cível - Execução,286997.88,Provável,0.73,208911.03,18453.47,Ativo
PROC-2026-01986,2018-08-02,2048-04-02,10836,SP,Cível - Execução,295742.54,Provável,0.78,231495.4,308061.72,Ativo
PROC-2026-01987,2017-05-30,2029-05-17,4370,SP,Cível - Execução,431340.6,Provável,0.75,321487.83,98597.27,Ativo
PROC-2026-01988,2016-12-24,2020-03-15,1177,SP,Cível - Execução,108060.86,Provável,0.72,77413.98,54027.43,Ativo
PROC-2026-01989,2018-01-06,2020-04-05,820,SP,Cível - Execução,64381.86,Provável,0.77,49309.59,19442.95,Encerrado
PROC-2026-01990,2019-05-12,2027-10-05,3068,SP,Cível - Execução,119292.83,Provável,0.7,83727.17,181292.48,Encerrado
PROC-2026-01991,2015-08-08,2028-04-01,4620,SP,Cível - Outros,362657.25,Possível,0.34,181328.63,255380.53,Ativo
PROC-2026-01992,2019-07-25,2020-07-29,370,SP,Cível - Outros,350352.95,Possível,0.53,175176.48,22517.85,Encerrado
PROC-2026-01993,2017-05-26,2024-04-21,2522,SP,Cível - Indenizatória,128734.42,Provável,0.73,93698.06,104248.21,Ativo
PROC-2026-01994,2016-09-03,2035-04-19,6802,SP,Cível - Execução,35755.12,Provável,0.93,33230.74,212937.01,Ativo
PROC-2026-01995,2017-09-20,2021-12-22,1554,SP,Cível - Execução,431383.61,Possível,0.48,215691.8,81287.75,Ativo
PROC-2026-01996,2015-01-31,2024-08-31,3500,SP,Cível - Outros,488657.73,Possível,0.59,244328.87,211029.53,Ativo
PROC-2026-01997,2016-10-07,2023-07-27,2484,SP,Trabalhista,417036.4,Provável,0.97,405935.66,109327.81,Ativo
PROC-2026-01998,2019-04-28,2043-09-01,8892,SP,Cível - Execução,460838.51,Possível,0.65,230419.25,552657.98,Ativo
PROC-2026-01999,2015-01-06,2020-08-25,2058,SP,Cível - Execução,415372.26,Possível,0.69,207686.13,125512.94,Encerrado
PROC-2026-02000,2019-07-18,2027-06-16,2890,SP,Cível - Execução,150122.01,Provável,0.99,149262.17,97384.04,Encerrado
PROC-2026-02001,2017-06-29,2045-05-08,10175,SP,Cível - Outros,126166.31,Provável,0.77,96599.89,412294.42,Encerrado
PROC-2026-02002,2015-06-13,2019-09-20,1560,SP,Cível - Execução,399029.7,Provável,0.86,343327.99,54869.09,Ativo
PROC-2026-02003,2018-08-04,2028-10-16,3726,SP,Cível - Indenizatória,128068.89,Provável,0.71,91000.44,110141.75,Encerrado
PROC-2026-02004,2018-06-20,2026-11-11,3066,SP,Cível - Execução,193791.74,Provável,0.99,191414.96,190748.5,Ativo
PROC-2026-02005,2016-01-01,2024-11-08,3234,SP,Cível - Execução,403335.01,Possível,0.38,201667.51,203205.15,Ativo
PROC-2026-02006,2016-08-20,2022-04-08,2057,SP,Cível - Execução,48711.94,Provável,0.92,44673.95,125145.31,Ativo
PROC-2026-02007,2015-01-18,2017-07-24,918,SP,Cível - Outros,80501.3,Provável,0.75,60464.25,23976.32,Ativo
PROC-2026-02008,2018-04-20,2022-07-04,1536,SP,Cível - Execução,475762.04,Provável,0.86,410955.78,96337.13,Ativo
PROC-2026-02009,2017-06-13,2042-12-23,9324,SP,Cível - Execução,191125.51,Provável,0.74,141133.0,394735.5,Ativo
PROC-2026-02010,2018-10-12,2031-11-13,4780,SP,Cível - Execução,119773.51,Provável,0.97,115954.36,234451.5,Ativo
PROC-2026-02011,2016-02-22,2025-06-30,3416,SP,Cível - Execução,260254.58,Provável,0.82,212497.47,155761.07,Encerrado
PROC-2026-02012,2015-12-03,2016-07-10,220,SP,Cível - Outros,398016.01,Possível,0.33,199008.01,7202.79,Ativo
PROC-2026-02013,2015-09-07,2021-12-24,2300,SP,Cível - Execução,272542.88,Provável,0.98,266066.44,70143.94,Encerrado
PROC-2026-02014,2015-07-21,2031-06-21,5814,SP,Cível - Outros,366412.37,Possível,0.55,183206.19,343093.06,Encerrado
PROC-2026-02015,2019-09-13,2031-12-16,4477,SP,Cível - Execução,15507.58,Possível,0.55,7753.79,95022.92,Ativo
PROC-2026-02016,2019-05-05,2027-02-04,2832,SP,Cível - Execução,32918.19,Provável,0.97,32038.25,187540.79,Ativo
PROC-2026-02017,2019-02-26,2027-11-23,3192,SP,Cível - Execução,407870.39,Possível,0.44,203935.19,66181.51,Ativo
PROC-2026-02018,2017-01-20,2030-11-28,5060,SP,Cível - Outros,355367.59,Possível,0.65,177683.79,292803.48,Encerrado
PROC-2026-02019,2018-03-10,2029-03-12,4020,SP,Cível - Indenizatória,375699.93,Provável,0.79,297697.04,229031.25,Encerrado
PROC-2026-02020,2019-06-30,2024-06-03,1800,SP,Cível - Execução,180694.02,Possível,0.43,90347.01,76179.14,Ativo
PROC-2026-02021,2019-07-22,2022-07-14,1088,SP,Cível - Outros,95032.4,Provável,0.78,74054.01,61074.13,Encerrado
PROC-2026-02022,2016-01-19,2036-02-27,7344,SP,Cível - Execução,315180.49,Provável,1.0,313941.0,306032.6,Encerrado
PROC-2026-02023,2018-02-23,2025-10-18,2794,SP,Cível - Execução,345186.15,Possível,0.54,172593.08,129661.13,Encerrado
PROC-2026-02024,2018-03-26,2034-08-13,5984,SP,Cível - Outros,238493.65,Provável,0.77,183810.33,103798.04,Ativo
PROC-2026-02025,2016-06-16,2019-12-25,1287,SP,Cível - Execução,150548.47,Provável,0.79,119668.55,38308.45,Encerrado
PROC-2026-02026,2017-06-25,2024-06-12,2544,SP,Cível - Execução,181299.22,Provável,0.85,154488.04,161217.8,Ativo
PROC-2026-02027,2016-03-19,2036-06-07,7385,SP,Cível - Execução,58404.86,Provável,1.0,58130.89,288616.34,Encerrado
PROC-2026-02028,2017-06-29,2039-12-19,8208,SP,Cível - Execução,258882.21,Possível,0.38,129441.1,332149.03,Ativo
PROC-2026-02029,2017-01-03,2029-08-31,4623,SP,Cível - Execução,396494.24,Provável,0.79,312371.77,113398.95,Encerrado
PROC-2026-02030,2019-08-29,2022-09-22,1120,SP,Cível - Outros,267688.03,Provável,0.9,241450.93,51565.09,Encerrado
PROC-2026-02031,2016-12-22,2024-12-10,2910,SP,Cível - Execução,5370.63,Possível,0.47,2685.31,156739.55,Ativo
PROC-2026-02032,2018-11-06,2031-03-25,4522,SP,Cível - Execução,263117.75,Possível,0.5,131558.88,227689.08,Encerrado
PROC-2026-02033,2018-01-28,2035-08-07,6400,SP,Cível - Execução,63461.16,Provável,0.92,58311.8,275024.44,Ativo
PROC-2026-02034,2019-04-26,2034-04-07,5460,SP,Cível - Execução,394335.64,Provável,0.77,303195.75,317208.3,Encerrado
PROC-2026-02035,2019-10-03,2028-10-15,3300,SP,Cível - Execução,93791.55,Possível,0.42,46895.78,213123.95,Ativo
PROC-2026-02036,2017-07-04,2021-11-20,1600,SP,Cível - Execução,41227.43,Provável,0.87,35939.02,71567.22,Ativo
PROC-2026-02037,2018-05-06,2019-03-12,310,SP,Cível - Execução,57995.72,Possível,0.51,28997.86,9334.94,Encerrado
PROC-2026-02038,2017-01-31,2028-02-09,4026,SP,Cível - Execução,196088.54,Provável,0.87,169973.94,231763.77,Encerrado
PROC-2026-02039,2017-03-26,2036-06-12,7018,SP,Cível - Execução,197469.42,Provável,0.98,193402.46,456622.58,Ativo
PROC-2026-02040,2016-01-08,2035-09-25,7200,SP,Cível - Execução,240426.11,Provável,0.85,205519.22,135384.57,Encerrado
PROC-2026-02041,2018-03-06,2038-01-05,7245,SP,Cível - Execução,356629.7,Possível,0.31,178314.85,464623.77,Ativo
PROC-2026-02042,2016-02-27,2022-11-26,2464,SP,Cível - Execução,467674.59,Possível,0.53,233837.3,119653.71,Encerrado
PROC-2026-02043,2016-02-04,2044-09-16,10452,SP,Cível - Execução,435948.88,Provável,0.73,318767.7,175018.09,Ativo
PROC-2026-02044,2018-01-29,2023-03-16,1872,SP,Cível - Execução,354304.06,Possível,0.56,177152.03,86260.45,Encerrado
PROC-2026-02045,2015-02-28,2026-01-23,3982,SP,Cível - Execução,266241.13,Possível,0.65,133120.57,95537.72,Encerrado
PROC-2026-02046,2015-01-17,2019-06-22,1617,SP,Cível - Execução,374321.71,Provável,0.99,370231.59,36392.9,Encerrado
PROC-2026-02047,2018-10-18,2030-08-16,4320,SP,Cível - Execução,422468.92,Provável,0.84,353780.99,272203.03,Ativo
PROC-2026-02048,2018-07-10,2022-01-17,1287,SP,Cível - Indenizatória,158361.36,Provável,0.97,153058.2,27592.44,Encerrado
PROC-2026-02049,2019-01-22,2026-02-08,2574,SP,Cível - Execução,159761.0,Provável,0.92,147493.92,149531.86,Encerrado
PROC-2026-02050,2018-09-09,2025-11-04,2613,SP,Cível - Execução,377303.64,Provável,0.82,309210.63,106935.13,Ativo
PROC-2026-02051,2017-05-20,2021-02-04,1356,SP,Cível - Outros,399174.51,Possível,0.66,199587.25,89108.94,Encerrado
PROC-2026-02052,2017-10-19,2019-12-28,800,SP,Cível - Execução,39290.86,Possível,0.39,19645.43,24978.09,Ativo
PROC-2026-02053,2018-10-09,2026-10-15,2928,SP,Cível - Execução,481077.21,Provável,0.74,357729.44,95993.31,Encerrado
PROC-2026-02054,2016-05-28,2026-01-16,3520,SP,Cível - Outros,370091.17,Provável,0.94,348711.84,208402.66,Ativo
PROC-2026-02055,2016-05-05,2090-10-24,27200,SP,Trabalhista,214062.93,Provável,0.91,194632.35,941435.39,Encerrado
PROC-2026-02056,2018-06-18,2039-05-23,7644,SP,Cível - Execução,190652.03,Provável,0.91,174172.4,436092.5,Ativo
PROC-2026-02057,2015-02-22,2016-03-06,378,SP,Cível - Execução,411592.2,Possível,0.46,205796.1,18022.34,Ativo
PROC-2026-02058,2016-03-22,2022-07-19,2310,SP,Cível - Execução,91101.96,Provável,0.72,65587.12,94371.58,Ativo
PROC-2026-02059,2016-06-22,2027-09-13,4100,SP,Cível - Execução,436105.07,Provável,0.86,373406.23,69323.97,Ativo
PROC-2026-02060,2018-11-17,2023-10-24,1802,SP,Cível - Execução,17141.12,Possível,0.34,8570.56,81433.01,Ativo
PROC-2026-02061,2019-01-21,2026-03-23,2618,SP,Cível - Execução,316855.68,Possível,0.67,158427.84,139227.98,Encerrado
PROC-2026-02062,2015-12-14,2018-12-23,1105,SP,Cível - Outros,198861.58,Possível,0.55,99430.79,59381.34,Encerrado
PROC-2026-02063,2019-03-18,2031-11-10,4620,SP,Cível - Execução,168477.02,Provável,0.81,135955.76,88562.23,Encerrado
PROC-2026-02064,2019-02-01,2020-08-18,564,SP,Cível - Outros,31983.32,Provável,0.71,22720.6,35966.88,Encerrado
PROC-2026-02065,2015-02-26,2018-02-20,1090,SP,Cível - Execução,384594.09,Provável,0.88,338515.93,38452.15,Encerrado
PROC-2026-02066,2017-01-31,2031-10-01,5356,SP,Cível - Outros,10062.54,Provável,0.9,9037.06,237725.24,Encerrado
PROC-2026-02067,2018-06-27,2021-12-08,1260,SP,Cível - Execução,471574.32,Provável,0.92,433410.4,48637.11,Ativo
PROC-2026-02068,2018-11-05,2019-11-18,378,SP,Cível - Outros,425487.9,Provável,0.73,311143.71,12246.09,Ativo
PROC-2026-02069,2015-07-16,2020-09-17,1890,SP,Cível - Execução,86591.82,Provável,0.83,71843.8,32248.24,Encerrado
PROC-2026-02070,2017-12-29,2024-02-26,2250,SP,Cível - Execução,51412.18,Provável,0.96,49188.8,95572.96,Ativo
PROC-2026-02071,2016-08-19,2032-11-01,5918,SP,Cível - Execução,79206.31,Provável,0.83,65625.82,183631.92,Ativo
PROC-2026-02072,2018-10-26,2028-03-31,3444,SP,Cível - Execução,186949.73,Provável,0.92,171905.9,77018.68,Ativo
PROC-2026-02073,2016-01-12,2028-11-04,4680,SP,Cível - Execução,9118.58,Provável,0.84,7682.3,87354.47,Ativo
PROC-2026-02074,2018-03-14,2023-04-29,1872,SP,Cível - Outros,126720.7,Provável,0.89,112367.2,81289.53,Encerrado
PROC-2026-02075,2019-04-29,2045-03-25,9462,SP,Cível - Execução,182619.38,Possível,0.34,91309.69,582982.93,Encerrado
PROC-2026-02076,2018-10-22,2019-12-10,414,SP,Cível - Execução,433321.88,Possível,0.57,216660.94,19302.61,Encerrado
PROC-2026-02077,2018-04-16,2019-04-11,360,MG,Cível - Execução,180684.81,Possível,0.52,90342.41,7234.32,Encerrado
PROC-2026-02078,2016-02-20,2024-04-25,2987,SP,Cível - Execução,494151.39,Provável,0.94,465131.16,151905.49,Ativo
PROC-2026-02079,2018-05-19,2040-12-29,8260,SP,Trabalhista,122426.87,Provável,0.7,85932.93,499656.95,Ativo
PROC-2026-02080,2018-11-07,2028-07-12,3535,SP,Cível - Execução,380628.09,Possível,0.43,190314.05,219477.41,Encerrado
PROC-2026-02081,2015-03-26,2027-09-22,4563,SP,Cível - Execução,19410.43,Provável,0.97,18772.85,76499.69,Ativo
PROC-2026-02082,2016-10-15,2027-03-12,3800,SP,Cível - Execução,405004.66,Possível,0.51,202502.33,213539.99,Ativo
PROC-2026-02083,2019-06-12,2022-11-17,1254,SP,Cível - Execução,334041.56,Provável,0.97,324735.94,25000.59,Ativo
PROC-2026-02084,2019-01-04,2023-11-07,1768,SP,Cível - Execução,231118.5,Possível,0.53,115559.25,100701.77,Encerrado
PROC-2026-02085,2017-09-09,2021-04-27,1326,SP,Cível - Execução,403789.5,Provável,0.92,369870.5,81967.52,Encerrado
PROC-2026-02086,2019-05-30,2024-07-23,1881,SP,Cível - Execução,478567.36,Possível,0.37,239283.68,77922.47,Ativo
PROC-2026-02087,2018-04-26,2024-08-06,2294,SP,Cível - Execução,18031.21,Provável,0.75,13561.39,59626.85,Encerrado
PROC-2026-02088,2015-11-04,2029-09-05,5054,SP,Cível - Execução,308402.6,Possível,0.5,154201.3,180892.88,Ativo
PROC-2026-02089,2016-04-21,2022-11-01,2385,SP,Cível - Execução,487698.98,Possível,0.45,243849.49,111368.19,Encerrado
PROC-2026-02090,2016-11-08,2029-04-14,4540,SP,Cível - Execução,271585.08,Provável,0.97,264370.13,146890.71,Encerrado
PROC-2026-02091,2016-01-27,2017-08-01,552,SP,Cível - Execução,32223.88,Possível,0.57,16111.94,33559.73,Ativo
PROC-2026-02092,2015-05-03,2026-11-29,4228,SP,Cível - Execução,485938.89,Possível,0.6,242969.45,130232.32,Ativo
PROC-2026-02093,2016-01-29,2025-05-29,3408,SP,Cível - Execução,209967.36,Possível,0.49,104983.68,185827.86,Ativo
PROC-2026-02094,2015-10-11,2024-01-21,3024,SP,Cível - Execução,498931.84,Possível,0.31,249465.92,185971.48,Encerrado
PROC-2026-02095,2017-05-01,2020-04-13,1078,SP,Cível - Execução,19752.47,Provável,0.97,19108.1,29357.24,Ativo
PROC-2026-02096,2018-07-29,2022-02-02,1284,SP,Cível - Execução,287925.76,Possível,0.36,143962.88,35770.26,Ativo
PROC-2026-02097,2018-05-20,2022-07-16,1518,SP,Trabalhista,223821.71,Provável,0.88,196204.66,66674.17,Ativo
PROC-2026-02098,2017-12-21,2022-12-08,1813,SP,Cível - Outros,270475.92,Possível,0.45,135237.96,46181.06,Encerrado
PROC-2026-02099,2017-05-03,2037-10-27,7482,SP,Cível - Execução,413019.98,Provável,0.81,334474.22,140697.19,Encerrado
PROC-2026-02100,2017-05-02,2040-07-20,8480,SP,Trabalhista,177065.48,Provável,0.76,135149.44,215045.86,Ativo
PROC-2026-02101,2016-02-02,2021-12-12,2140,SP,Cível - Execução,50661.85,Possível,0.36,25330.92,116361.98,Ativo
PROC-2026-02102,2017-07-28,2023-12-09,2325,SP,Cível - Execução,352078.96,Provável,0.99,349496.16,125675.42,Encerrado
PROC-2026-02103,2018-09-07,2025-12-23,2664,SP,Cível - Execução,347425.3,Provável,0.88,304490.08,141789.93,Ativo
PROC-2026-02104,2016-07-22,2023-07-22,2556,SP,Cível - Execução,434127.1,Possível,0.44,217063.55,140067.06,Encerrado
PROC-2026-02105,2015-10-25,2018-05-06,924,SP,Cível - Execução,292918.72,Provável,0.73,213197.28,28310.61,Encerrado
PROC-2026-02106,2019-04-07,2028-06-22,3364,SP,Cível - Execução,139175.81,Provável,0.85,118621.79,195328.97,Ativo
PROC-2026-02107,2017-01-08,2018-01-06,363,SP,Cível - Execução,266368.1,Possível,0.42,133184.05,12749.34,Ativo
PROC-2026-02108,2019-07-03,2022-08-26,1150,SP,Cível - Execução,310036.91,Possível,0.33,155018.46,38854.09,Ativo
PROC-2026-02109,2017-02-22,2028-04-11,4066,SP,Cível - Execução,64758.04,Possível,0.49,32379.02,105616.76,Encerrado
PROC-2026-02110,2018-03-25,2021-05-23,1155,SP,Cível - Outros,444354.19,Possível,0.36,222177.09,50610.2,Encerrado
PROC-2026-02111,2016-11-01,2030-11-18,5130,SP,Cível - Execução,320083.9,Provável,0.72,229701.28,110600.59,Ativo
PROC-2026-02112,2018-10-24,2028-03-14,3429,SP,Cível - Execução,435454.21,Provável,0.92,399704.86,191148.05,Encerrado
PROC-2026-02113,2019-07-21,2022-02-19,944,SP,Cível - Outros,5341.25,Provável,0.84,4472.95,44581.22,Encerrado
PROC-2026-02114,2018-11-30,2028-02-18,3367,SP,Cível - Execução,339345.64,Provável,0.92,312577.19,194141.08,Encerrado
PROC-2026-02115,2016-01-16,2028-05-22,4510,SP,Cível - Outros,403976.92,Provável,0.91,367350.86,247307.86,Encerrado
PROC-2026-02116,2015-08-24,2025-10-06,3696,SP,Cível - Execução,390627.05,Provável,0.85,332933.28,138000.72,Encerrado
PROC-2026-02117,2016-01-27,2023-09-17,2790,SP,Cível - Outros,122988.22,Provável,0.89,109358.74,95512.46,Ativo
PROC-2026-02118,2019-09-06,2020-09-15,375,SP,Cível - Outros,104386.68,Provável,0.92,95885.96,17269.42,Encerrado
PROC-2026-02119,2015-02-28,2016-10-09,589,SP,Cível - Execução,14242.77,Possível,0.32,7121.38,13119.09,Encerrado
PROC-2026-02120,2019-06-05,2050-06-28,11346,SP,Cível - Execução,111826.05,Provável,0.74,82389.36,300028.91,Encerrado
PROC-2026-02121,2017-03-20,2022-12-12,2093,SP,Cível - Execução,106228.78,Provável,0.77,82239.0,36810.56,Encerrado
PROC-2026-02122,2017-10-26,2028-09-28,3990,SP,Cível - Execução,320410.11,Possível,0.66,160205.06,70895.95,Encerrado
PROC-2026-02123,2015-09-22,2029-10-26,5148,SP,Cível - Execução,172926.46,Possível,0.39,86463.23,331408.59,Ativo
PROC-2026-02124,2018-08-15,2036-04-02,6440,SP,Cível - Execução,374079.35,Possível,0.4,187039.68,355790.98,Ativo
PROC-2026-02125,2015-10-14,2019-04-10,1274,SP,Cível - Execução,112713.3,Provável,0.94,105488.45,30137.62,Encerrado
PROC-2026-02126,2015-12-03,2021-06-09,2015,SP,Cível - Execução,203641.08,Provável,0.74,150055.05,125918.44,Encerrado
PROC-2026-02127,2018-05-18,2028-07-12,3708,SP,Cível - Execução,374174.66,Possível,0.31,187087.33,149254.12,Encerrado
PROC-2026-02128,2018-07-16,2033-10-22,5577,SP,Cível - Execução,149116.22,Provável,0.78,115565.39,293733.92,Ativo
PROC-2026-02129,2019-12-04,2027-10-03,2860,SP,Cível - Execução,81331.19,Provável,0.82,66287.82,161984.23,Encerrado
PROC-2026-02130,2015-12-17,2040-09-06,9030,SP,Cível - Execução,390581.69,Possível,0.3,195290.85,210032.24,Encerrado
PROC-2026-02131,2016-03-23,2026-01-18,3588,SP,Cível - Execução,437715.34,Possível,0.63,218857.67,62873.96,Encerrado
PROC-2026-02132,2016-09-19,2025-07-31,3237,SP,Cível - Execução,202953.92,Provável,0.95,193564.44,54645.85,Ativo
PROC-2026-02133,2015-01-05,2026-08-03,4228,SP,Cível - Execução,325136.66,Possível,0.56,162568.33,266861.26,Ativo
PROC-2026-02134,2016-07-19,2026-01-23,3475,SP,Cível - Execução,60491.2,Possível,0.35,30245.6,58547.85,Encerrado
PROC-2026-02135,2015-11-09,2023-03-20,2688,SP,Cível - Execução,199024.0,Provável,0.79,157560.25,156371.53,Ativo
PROC-2026-02136,2018-05-18,2053-11-10,12960,SP,Cível - Execução,131954.8,Possível,0.37,65977.4,386264.33,Encerrado
PROC-2026-02137,2016-06-11,2019-03-16,1008,SP,Cível - Execução,56923.48,Possível,0.52,28461.74,43949.71,Encerrado
PROC-2026-02138,2017-10-20,2023-05-22,2040,SP,Cível - Indenizatória,137812.21,Provável,0.97,134251.14,58563.72,Encerrado
PROC-2026-02139,2018-01-10,2024-05-20,2322,SP,Cível - Execução,5151.66,Possível,0.52,2575.83,152228.02,Encerrado
PROC-2026-02140,2019-09-17,2025-10-09,2214,SP,Cível - Execução,46455.09,Provável,0.71,33149.09,89366.56,Encerrado
PROC-2026-02141,2016-05-22,2018-09-05,836,SP,Cível - Execução,272734.05,Provável,0.94,255085.82,37540.41,Ativo
PROC-2026-02142,2017-03-03,2019-12-01,1003,SP,Cível - Execução,398231.41,Possível,0.49,199115.71,42410.52,Encerrado
PROC-2026-02143,2015-12-03,2032-12-01,6208,SP,Cível - Execução,39085.83,Provável,0.98,38184.58,174793.04,Ativo
PROC-2026-02144,2015-09-19,2028-08-20,4719,SP,Cível - Execução,254524.29,Possível,0.35,127262.14,256146.12,Ativo
PROC-2026-02145,2018-04-20,2032-03-21,5084,SP,Cível - Execução,31837.18,Provável,0.88,27976.33,264635.27,Ativo
PROC-2026-02146,2017-01-12,2029-10-11,4655,SP,Cível - Execução,181665.95,Possível,0.58,90832.97,232822.37,Encerrado
PROC-2026-02147,2019-05-08,2023-12-05,1672,SP,Cível - Execução,477233.08,Possível,0.47,238616.54,91594.87,Encerrado
PROC-2026-02148,2015-02-02,2018-12-07,1404,SP,Cível - Execução,275920.97,Possível,0.59,137960.49,49703.21,Ativo
PROC-2026-02149,2019-02-12,2025-05-09,2278,SP,Cível - Execução,215988.2,Provável,0.71,153420.46,126091.54,Encerrado
PROC-2026-02150,2015-10-01,2035-02-06,7068,SP,Cível - Execução,159509.46,Possível,0.46,79754.73,392710.04,Ativo
PROC-2026-02151,2015-12-27,2033-07-07,6402,SP,Cível - Execução,84617.84,Provável,0.85,71852.07,264637.35,Encerrado
PROC-2026-02152,2018-08-22,2032-06-09,5040,SP,Cível - Execução,346220.06,Provável,0.96,332180.38,273077.43,Ativo
PROC-2026-02153,2019-10-28,2030-05-01,3838,SP,Cível - Execução,28722.37,Provável,0.7,20209.21,251389.64,Ativo
PROC-2026-02154,2016-03-17,2038-08-01,8172,SP,Cível - Execução,382763.08,Possível,0.55,191381.54,458583.15,Ativo
PROC-2026-02155,2018-11-09,2032-10-14,5088,SP,Cível - Execução,107845.01,Provável,0.97,104107.05,234815.86,Ativo
PROC-2026-02156,2019-08-14,2027-10-19,2988,SP,Cível - Execução,99397.47,Possível,0.37,49698.74,67742.07,Encerrado
PROC-2026-02157,2018-12-19,2025-07-09,2394,SP,Cível - Execução,183157.95,Possível,0.53,91578.98,74464.44,Ativo
PROC-2026-02158,2015-09-05,2029-08-10,5088,SP,Cível - Execução,456894.52,Provável,0.74,336941.15,321008.43,Encerrado
PROC-2026-02159,2016-09-25,2025-11-13,3336,SP,Cível - Execução,156623.98,Possível,0.56,78311.99,98711.06,Ativo
PROC-2026-02160,2017-12-23,2028-11-04,3969,SP,Cível - Execução,267518.55,Possível,0.38,133759.28,193370.45,Ativo
PROC-2026-02161,2016-07-15,2022-04-23,2108,SP,Cível - Outros,428549.65,Possível,0.63,214274.83,57823.05,Encerrado
PROC-2026-02162,2017-10-19,2025-06-03,2784,SP,Cível - Execução,315663.67,Possível,0.39,157831.84,123067.47,Ativo
PROC-2026-02163,2015-10-19,2021-12-23,2257,SP,Cível - Execução,433712.7,Possível,0.45,216856.35,145085.66,Ativo
PROC-2026-02164,2015-02-03,2025-05-12,3751,SP,Cível - Execução,290515.76,Possível,0.58,145257.88,65528.23,Ativo
PROC-2026-02165,2016-01-02,2023-11-12,2871,SP,Cível - Execução,366979.58,Provável,0.73,269328.6,181212.75,Ativo
PROC-2026-02166,2019-04-21,2026-04-05,2541,SP,Cível - Execução,179363.87,Possível,0.47,89681.94,133784.33,Encerrado
PROC-2026-02167,2017-04-27,2052-05-05,12792,SP,Cível - Execução,476410.18,Provável,0.78,371870.64,268412.12,Ativo
PROC-2026-02168,2015-08-19,2025-04-08,3520,SP,Cível - Execução,497735.42,Provável,0.72,359591.47,85026.06,Ativo
PROC-2026-02169,2017-05-18,2025-12-15,3133,SP,Cível - Execução,266794.88,Provável,0.97,257977.51,159127.08,Ativo
PROC-2026-02170,2017-12-10,2022-08-22,1716,SP,Cível - Execução,358466.22,Provável,0.96,342544.67,96340.48,Encerrado
PROC-2026-02171,2016-03-17,2035-04-28,6981,SP,Cível - Execução,153347.23,Possível,0.31,76673.61,464919.58,Ativo
PROC-2026-02172,2016-12-05,2021-03-22,1568,SP,Cível - Execução,398196.11,Possível,0.33,199098.05,35282.89,Ativo
PROC-2026-02173,2017-10-16,2027-02-12,3406,SP,Cível - Execução,51902.03,Possível,0.44,25951.02,80863.45,Encerrado
PROC-2026-02174,2016-02-12,2022-06-25,2325,SP,Cível - Execução,380521.51,Possível,0.6,190260.76,90476.93,Encerrado
PROC-2026-02175,2018-10-17,2019-05-15,210,SP,Cível - Outros,180469.55,Possível,0.44,90234.77,6928.87,Encerrado
PROC-2026-02176,2016-04-23,2018-03-28,704,SP,Cível - Outros,116354.83,Provável,0.96,111143.61,16423.74,Ativo
PROC-2026-02177,2019-01-04,2032-08-18,4975,SP,Cível - Execução,141510.26,Possível,0.59,70755.13,264240.58,Ativo
PROC-2026-02178,2015-04-13,2019-01-07,1365,SP,Cível - Execução,182334.89,Possível,0.64,91167.44,65632.41,Ativo
PROC-2026-02179,2019-06-30,2024-06-27,1824,SP,Cível - Execução,104383.18,Provável,0.74,77195.44,38053.18,Encerrado
PROC-2026-02180,2017-11-22,2040-02-13,8118,SP,Cível - Indenizatória,123389.7,Provável,0.97,119298.78,179401.0,Encerrado
PROC-2026-02181,2019-11-20,2039-10-26,7280,SP,Cível - Execução,306913.33,Possível,0.67,153456.67,255484.02,Ativo
PROC-2026-02182,2015-10-14,2023-02-18,2684,SP,Cível - Execução,257726.26,Possível,0.37,128863.13,76412.53,Encerrado
PROC-2026-02183,2017-02-05,2024-05-05,2646,SP,Cível - Execução,188535.97,Possível,0.5,94267.98,159931.75,Ativo
PROC-2026-02184,2015-11-19,2025-10-24,3627,SP,Cível - Indenizatória,374575.2,Provável,0.91,341114.14,224827.67,Ativo
PROC-2026-02185,2018-02-22,2030-05-12,4462,SP,Cível - Indenizatória,232136.62,Provável,0.74,171300.11,94933.15,Ativo
PROC-2026-02186,2015-06-24,2034-10-24,7062,SP,Cível - Execução,362515.45,Provável,0.75,272135.92,340378.12,Ativo
PROC-2026-02187,2019-05-27,2023-05-18,1452,SP,Cível - Outros,42372.68,Possível,0.54,21186.34,70402.31,Encerrado
PROC-2026-02188,2016-12-30,2021-12-28,1824,SP,Cível - Execução,408885.58,Provável,0.86,350682.62,61521.2,Encerrado
PROC-2026-02189,2016-03-15,2025-10-10,3496,SP,Cível - Execução,120825.35,Provável,0.9,108680.39,78763.31,Ativo
PROC-2026-02190,2019-09-30,2041-12-21,8118,SP,Cível - Execução,89448.47,Possível,0.52,44724.24,540013.71,Encerrado
PROC-2026-02191,2017-06-25,2027-09-21,3740,SP,Cível - Execução,245044.76,Provável,0.8,196584.19,220501.06,Ativo
PROC-2026-02192,2019-04-28,2024-07-10,1900,SP,Cível - Outros,293279.91,Possível,0.32,146639.95,70272.13,Ativo
PROC-2026-02193,2019-01-23,2032-05-04,4850,SP,Cível - Execução,266192.51,Provável,0.9,239410.58,252293.15,Encerrado
PROC-2026-02194,2019-08-10,2020-06-30,325,SP,Cível - Outros,51588.31,Possível,0.54,25794.16,5497.51,Ativo
PROC-2026-02195,2016-09-17,2026-04-16,3498,SP,Cível - Execução,306230.84,Possível,0.53,153115.42,96560.52,Ativo
PROC-2026-02196,2015-01-03,2062-12-03,17501,SP,Cível - Outros,281621.78,Possível,0.39,140810.89,843065.14,Encerrado
PROC-2026-02197,2015-07-05,2031-03-29,5746,SP,Cível - Execução,487169.5,Possível,0.37,243584.75,342813.44,Encerrado
PROC-2026-02198,2016-12-07,2028-07-01,4224,SP,Cível - Execução,336134.74,Possível,0.51,168067.37,244891.56,Encerrado
PROC-2026-02199,2018-07-17,2024-11-03,2301,SP,Cível - Execução,143800.82,Possível,0.7,71900.41,102795.85,Ativo
PROC-2026-02200,2017-02-12,2020-02-21,1104,SP,Cível - Outros,22671.03,Provável,0.93,21023.63,34742.93,Encerrado
PROC-2026-02201,2019-03-17,2023-12-29,1748,SP,Cível - Execução,456490.58,Possível,0.32,228245.29,74985.48,Ativo
PROC-2026-02202,2015-04-22,2052-05-10,13533,SP,Cível - Execução,388528.03,Provável,0.81,314526.45,632602.55,Ativo
PROC-2026-02203,2016-12-09,2019-11-29,1085,SP,Cível - Execução,361110.21,Possível,0.4,180555.11,23851.31,Encerrado
PROC-2026-02204,2019-11-19,2042-11-15,8397,SP,Cível - Outros,398771.77,Possível,0.57,199385.88,182597.17,Ativo
PROC-2026-02205,2019-07-19,2025-05-16,2128,SP,Cível - Outros,52630.49,Possível,0.47,26315.24,139255.95,Encerrado
PROC-2026-02206,2015-12-07,2030-04-22,5250,SP,Cível - Execução,315942.82,Provável,0.91,286249.98,321248.28,Ativo
PROC-2026-02207,2015-05-05,2019-08-14,1562,SP,Cível - Execução,322893.87,Possível,0.7,161446.93,33731.65,Encerrado
PROC-2026-02208,2018-10-02,2030-08-20,4340,SP,Cível - Execução,402136.62,Provável,0.73,293203.58,285578.3,Ativo
PROC-2026-02209,2016-03-17,2021-04-16,1856,SP,Cível - Execução,438261.46,Possível,0.6,219130.73,55810.26,Ativo
PROC-2026-02210,2016-03-24,2021-07-12,1936,SP,Cível - Execução,449888.76,Provável,0.94,422035.87,76122.29,Ativo
PROC-2026-02211,2017-07-30,2034-08-16,6226,SP,Cível - Execução,86454.68,Provável,0.9,77434.29,142982.83,Ativo
PROC-2026-02212,2017-05-13,2023-04-28,2176,SP,Cível - Execução,472989.0,Possível,0.47,236494.5,137102.98,Encerrado
PROC-2026-02213,2017-03-30,2021-04-22,1484,SP,Cível - Execução,167901.78,Provável,0.74,124633.9,67345.56,Encerrado
PROC-2026-02214,2017-09-13,2028-09-21,4026,SP,Cível - Execução,407312.3,Provável,0.79,320684.15,182997.07,Ativo
PROC-2026-02215,2017-10-01,2031-07-20,5040,SP,Cível - Execução,324551.95,Provável,0.93,303441.65,98233.04,Ativo
PROC-2026-02216,2017-03-14,2021-10-22,1683,SP,Cível - Execução,176820.24,Provável,0.91,161647.33,82792.44,Encerrado
PROC-2026-02217,2017-04-26,2024-06-08,2600,SP,Cível - Execução,177067.73,Provável,0.93,164710.36,75967.49,Ativo
PROC-2026-02218,2018-09-02,2022-11-14,1534,SP,Cível - Outros,483257.1,Possível,0.48,241628.55,56567.46,Encerrado
PROC-2026-02219,2017-02-16,2029-07-13,4530,SP,Cível - Execução,177560.81,Possível,0.55,88780.4,275688.54,Ativo
PROC-2026-02220,2018-03-03,2021-09-19,1296,SP,Cível - Outros,343959.43,Possível,0.36,171979.71,38495.18,Ativo
PROC-2026-02221,2015-08-31,2020-01-17,1600,SP,Cível - Execução,340874.74,Provável,0.88,300163.62,76639.85,Encerrado
PROC-2026-02222,2019-10-24,2026-10-15,2548,SP,Cível - Execução,387596.42,Provável,0.92,356675.63,167375.27,Ativo
PROC-2026-02223,2015-10-28,2017-10-17,720,SP,Cível - Execução,450284.93,Possível,0.6,225142.46,33070.75,Ativo
PROC-2026-02224,2017-10-12,2025-06-20,2808,SP,Cível - Execução,380190.43,Provável,0.89,337443.01,179883.35,Encerrado
PROC-2026-02225,2017-07-31,2029-11-10,4485,SP,Trabalhista,124051.2,Possível,0.48,62025.6,126000.11,Encerrado
PROC-2026-02226,2015-01-04,2025-06-22,3822,SP,Cível - Execução,157245.74,Provável,0.8,126434.93,68893.52,Encerrado
PROC-2026-02227,2017-02-23,2026-08-30,3475,SP,Cível - Outros,313057.79,Possível,0.68,156528.89,86942.47,Ativo
PROC-2026-02228,2016-03-23,2019-05-27,1160,SP,Cível - Execução,239037.47,Provável,0.84,199976.27,68329.68,Ativo
PROC-2026-02229,2019-04-05,2032-09-15,4912,SP,Cível - Execução,335081.7,Provável,0.86,287295.79,167801.87,Ativo
PROC-2026-02230,2015-07-24,2018-07-20,1092,SP,Cível - Execução,8243.57,Provável,0.83,6878.63,21043.41,Encerrado
PROC-2026-02231,2017-10-03,2031-02-16,4884,SP,Cível - Execução,394239.82,Provável,0.94,369863.14,254260.05,Ativo
PROC-2026-02232,2018-01-13,2032-07-22,5304,SP,Cível - Execução,451589.38,Provável,0.81,366548.65,94025.62,Ativo
PROC-2026-02233,2019-07-24,2022-07-28,1100,SP,Cível - Execução,418326.78,Possível,0.39,209163.39,39940.2,Ativo
PROC-2026-02234,2019-03-26,2031-09-15,4556,SP,Cível - Outros,94813.72,Possível,0.52,47406.86,136760.99,Ativo
PROC-2026-02235,2016-07-30,2017-10-13,440,SP,Cível - Outros,338666.25,Possível,0.58,169333.13,10397.36,Encerrado
PROC-2026-02236,2018-07-22,2037-09-10,6990,SP,Cível - Execução,225250.65,Provável,0.86,194027.61,428030.49,Ativo
PROC-2026-02237,2017-04-02,2026-12-23,3552,SP,Cível - Execução,94219.45,Provável,0.83,78582.28,81884.4,Ativo
PROC-2026-02238,2016-07-20,2020-12-23,1617,SP,Cível - Outros,272549.96,Possível,0.56,136274.98,72217.75,Encerrado
PROC-2026-02239,2018-04-05,2025-01-22,2484,SP,Cível - Execução,93232.65,Possível,0.4,46616.33,72974.19,Ativo
PROC-2026-02240,2019-09-06,2033-10-10,5148,SP,Cível - Execução,27753.48,Possível,0.37,13876.74,164544.88,Ativo
PROC-2026-02241,2015-08-12,2024-03-13,3136,SP,Cível - Execução,50751.22,Provável,0.97,49448.01,100672.8,Encerrado
PROC-2026-02242,2015-12-30,2022-12-23,2550,SP,Cível - Execução,166093.49,Provável,0.72,119317.9,103292.54,Ativo
PROC-2026-02243,2016-05-06,2020-12-11,1680,SP,Cível - Execução,443408.25,Provável,0.76,336898.37,78124.27,Ativo
PROC-2026-02244,2018-03-12,2027-07-03,3400,SP,Cível - Execução,497147.05,Provável,0.94,465017.16,166566.64,Ativo
PROC-2026-02245,2016-07-06,2022-08-20,2236,SP,Cível - Execução,68305.14,Possível,0.69,34152.57,47765.55,Ativo
PROC-2026-02246,2019-05-10,2033-03-11,5054,SP,Cível - Execução,295369.72,Provável,0.78,229697.88,144828.36,Ativo
PROC-2026-02247,2016-11-20,2024-07-05,2784,SP,Cível - Execução,274221.48,Provável,0.95,260839.44,130941.25,Ativo
PROC-2026-02248,2016-03-01,2029-02-13,4732,SP,Cível - Execução,51916.96,Provável,0.98,51125.57,217822.13,Ativo
PROC-2026-02249,2016-10-11,2029-01-08,4472,SP,Cível - Execução,463286.51,Provável,0.87,401628.86,254625.55,Ativo
PROC-2026-02250,2017-02-22,2018-07-02,495,SP,Cível - Execução,137049.9,Possível,0.69,68524.95,10454.99,Ativo
PROC-2026-02251,2018-02-08,2036-01-17,6552,SP,Cível - Execução,111197.24,Provável,0.81,90303.47,374397.95,Ativo
PROC-2026-02252,2017-05-30,2032-08-09,5550,SP,Cível - Execução,54931.97,Possível,0.49,27465.99,101622.17,Ativo
PROC-2026-02253,2018-01-18,2030-11-29,4698,SP,Cível - Execução,492690.11,Provável,1.0,491885.04,289973.95,Ativo
PROC-2026-02254,2016-08-26,2024-11-24,3012,SP,Cível - Execução,56437.95,Possível,0.42,28218.97,194204.17,Ativo
PROC-2026-02255,2015-09-17,2019-11-15,1520,SP,Cível - Outros,465131.38,Possível,0.37,232565.69,34651.0,Encerrado
PROC-2026-02256,2015-07-25,2037-07-07,8018,SP,Cível - Execução,199222.27,Provável,0.88,175393.66,463791.68,Ativo
PROC-2026-02257,2018-01-04,2030-08-11,4602,SP,Cível - Execução,37729.28,Possível,0.38,18864.64,173450.44,Ativo
PROC-2026-02258,2018-06-06,2035-07-17,6250,SP,Cível - Execução,202688.17,Provável,0.92,187140.81,375374.48,Ativo
PROC-2026-02259,2016-03-29,2019-06-30,1188,SP,Cível - Execução,181820.02,Provável,0.77,140363.66,51329.29,Ativo
PROC-2026-02260,2015-12-23,2024-09-22,3196,SP,Cível - Execução,297644.1,Provável,0.97,288251.97,210530.13,Encerrado
PROC-2026-02261,2016-06-13,2023-08-21,2625,SP,Cível - Execução,167986.45,Provável,0.71,119761.09,111325.84,Encerrado
PROC-2026-02262,2016-06-16,2034-09-19,6669,SP,Cível - Execução,446799.29,Provável,0.88,391879.79,323635.68,Ativo
PROC-2026-02263,2018-12-21,2025-12-29,2565,SP,Cível - Execução,400794.58,Provável,0.78,311056.65,49356.58,Ativo
PROC-2026-02264,2017-01-10,2022-08-04,2032,SP,Cível - Execução,325551.09,Possível,0.64,162775.55,133654.83,Encerrado
PROC-2026-02265,2016-01-25,2034-12-19,6903,SP,Cível - Execução,44516.65,Provável,0.95,42255.37,216861.92,Ativo
PROC-2026-02266,2015-08-11,2015-12-15,126,SP,Cível - Outros,155041.55,Possível,0.67,77520.78,4429.87,Ativo
PROC-2026-02267,2019-09-17,2021-12-09,814,SP,Cível - Execução,415289.0,Possível,0.49,207644.5,26261.19,Encerrado
PROC-2026-02268,2019-08-20,2020-01-07,140,SP,Cível - Execução,243192.11,Possível,0.38,121596.05,3749.68,Ativo
PROC-2026-02269,2017-09-14,2018-08-03,323,SP,Cível - Outros,326805.06,Provável,0.8,260856.93,6233.23,Encerrado
PROC-2026-02270,2017-06-02,2018-06-11,374,SP,Cível - Execução,330595.9,Provável,0.73,242524.07,17672.88,Ativo
PROC-2026-02271,2017-05-10,2018-01-29,264,SP,Cível - Outros,122334.18,Possível,0.68,61167.09,15638.65,Ativo
PROC-2026-02272,2018-06-14,2020-03-05,630,SP,Cível - Outros,464904.34,Possível,0.36,232452.17,12825.66,Ativo
PROC-2026-02273,2019-05-08,2021-07-08,792,SP,Cível - Outros,233266.0,Provável,0.83,193364.66,36402.27,Ativo
PROC-2026-02274,2019-03-26,2020-07-28,490,SP,Cível - Execução,335647.69,Provável,0.88,294456.96,27889.12,Ativo
PROC-2026-02275,2018-10-08,2021-07-18,1014,SP,Cível - Outros,271036.92,Provável,0.93,252871.67,20719.21,Ativo
PROC-2026-02276,2017-11-22,2024-03-10,2300,MG,Cível - Outros,86162.63,Possível,0.37,43081.32,53758.62,Ativo
PROC-2026-02277,2015-12-03,2019-11-15,1443,SP,Cível - Outros,251570.0,Provável,0.76,191325.79,82390.21,Ativo
PROC-2026-02278,2017-08-27,2019-08-01,704,SP,Cível - Outros,55554.5,Possível,0.37,27777.25,28802.07,Ativo
PROC-2026-02279,2019-03-10,2024-05-22,1900,SP,Cível - Outros,73878.3,Provável,0.93,68773.99,125388.74,Encerrado
PROC-2026-02280,2017-04-02,2020-03-10,1073,SP,Cível - Outros,26601.49,Possível,0.37,13300.74,30777.53,Ativo
PROC-2026-02281,2017-04-06,2020-07-03,1184,SP,Cível - Execução,374578.83,Provável,0.93,349871.94,62962.73,Ativo
PROC-2026-02282,2018-07-07,2020-06-19,713,SP,Cível - Execução,474510.34,Provável,0.92,435416.12,36776.38,Encerrado
PROC-2026-02283,2017-10-24,2019-01-23,456,SP,Cível - Execução,256736.63,Possível,0.42,128368.31,7832.82,Ativo
PROC-2026-02284,2018-03-25,2019-10-31,585,SP,Cível - Outros,363638.68,Provável,0.91,329365.79,20073.12,Ativo
PROC-2026-02285,2015-08-28,2018-06-18,1025,SP,Cível - Outros,205649.06,Possível,0.48,102824.53,17205.63,Ativo
PROC-2026-02286,2016-04-13,2019-09-07,1242,SP,Cível - Outros,319736.21,Provável,0.9,286230.65,27636.23,Ativo
PROC-2026-02287,2015-05-06,2015-10-23,170,SP,Cível - Execução,21881.73,Possível,0.61,10940.87,6221.4,Ativo
PROC-2026-02288,2017-09-18,2019-12-29,832,SP,Cível - Execução,325793.17,Provável,0.72,236056.66,41762.48,Ativo
PROC-2026-02289,2018-08-22,2019-10-12,416,SP,Cível - Outros,399241.17,Possível,0.38,199620.58,23452.55,Ativo
PROC-2026-02290,2019-09-13,2020-12-18,462,SP,Cível - Outros,413426.29,Provável,0.93,384709.33,11901.42,Ativo
PROC-2026-02291,2018-01-05,2020-07-29,936,SP,Cível - Outros,29620.25,Provável,0.74,21800.89,26890.03,Ativo
PROC-2026-02292,2018-07-05,2022-01-12,1287,SP,Cível - Execução,208126.53,Possível,0.69,104063.26,62259.17,Encerrado
PROC-2026-02293,2016-03-05,2019-05-05,1156,SP,Cível - Execução,254593.67,Provável,0.76,192242.32,51228.07,Ativo
PROC-2026-02294,2019-08-03,2021-08-26,754,SP,Cível - Outros,339988.71,Provável,0.76,258494.19,38148.07,Ativo
PROC-2026-02295,2016-10-17,2018-06-09,600,SP,Cível - Outros,333505.74,Possível,0.32,166752.87,12501.32,Ativo
PROC-2026-02296,2015-12-03,2017-11-16,714,SP,Cível - Execução,191059.71,Possível,0.36,95529.86,38053.02,Encerrado
PROC-2026-02297,2017-09-15,2018-04-23,220,SP,Cível - Outros,329007.76,Possível,0.62,164503.88,9701.02,Encerrado
PROC-2026-02298,2016-06-25,2019-03-12,990,SP,Cível - Execução,225971.67,Possível,0.53,112985.84,48032.72,Ativo
PROC-2026-02299,2019-06-07,2021-03-24,656,SP,Cível - Outros,309767.7,Possível,0.7,154883.85,12730.59,Ativo
PROC-2026-02300,2015-08-05,2018-01-31,910,SP,Cível - Outros,335540.78,Provável,1.0,335191.1,15581.14,Ativo
PROC-2026-02301,2017-08-09,2018-09-20,407,SP,Cível - Outros,187158.59,Possível,0.54,93579.29,11393.57,Encerrado
PROC-2026-02302,2016-07-12,2018-04-18,645,SP,Cível - Outros,310956.21,Possível,0.54,155478.1,20628.51,Encerrado
PROC-2026-02303,2017-12-22,2020-10-19,1032,SP,Cível - Outros,339872.94,Provável,0.91,308705.49,64733.69,Ativo
PROC-2026-02304,2017-05-28,2018-06-10,378,SP,Cível - Outros,490956.5,Possível,0.66,245478.25,17457.92,Ativo
PROC-2026-02305,2016-05-21,2020-09-21,1584,SP,Cível - Outros,466137.39,Provável,0.85,394587.75,61180.78,Ativo
PROC-2026-02306,2016-04-09,2018-06-24,806,SP,Cível - Outros,418804.78,Provável,0.77,321003.18,34950.47,Encerrado
PROC-2026-02307,2016-08-09,2020-03-27,1326,SP,Cível - Outros,192456.55,Provável,0.74,142133.37,23460.51,Ativo
PROC-2026-02308,2019-07-18,2021-05-11,663,SP,Cível - Execução,151004.75,Possível,0.4,75502.37,18884.68,Ativo
PROC-2026-02309,2018-05-04,2020-02-13,650,SP,Cível - Execução,216989.78,Provável,0.86,186965.12,35187.62,Encerrado
PROC-2026-02310,2015-11-23,2018-06-16,936,SP,Cível - Outros,442428.88,Possível,0.41,221214.44,58047.07,Ativo
PROC-2026-02311,2019-07-17,2021-09-16,792,SP,Cível - Execução,153654.9,Possível,0.42,76827.45,39570.15,Encerrado
PROC-2026-02312,2019-10-23,2021-03-10,504,SP,Cível - Outros,318558.84,Possível,0.46,159279.42,25171.04,Ativo
PROC-2026-02313,2015-03-08,2018-04-15,1134,SP,Cível - Outros,39633.85,Provável,0.98,38962.32,62020.78,Ativo
PROC-2026-02314,2016-06-05,2017-02-26,266,SP,Cível - Outros,122689.62,Provável,0.88,108343.31,5950.77,Encerrado
PROC-2026-02315,2018-08-24,2020-05-05,620,SP,Cível - Outros,413089.84,Provável,0.92,379324.81,13742.58,Encerrado
PROC-2026-02316,2017-11-19,2021-03-12,1209,SP,Cível - Outros,251653.91,Provável,0.82,205610.19,32601.62,Ativo
PROC-2026-02317,2017-10-23,2019-12-14,782,SP,Trabalhista,479170.56,Provável,0.83,399655.56,29430.97,Encerrado
PROC-2026-02318,2015-02-04,2017-06-04,851,SP,Cível - Outros,475602.54,Possível,0.57,237801.27,25486.12,Ativo
PROC-2026-02319,2019-12-05,2020-03-29,115,SP,Cível - Outros,430266.73,Possível,0.43,215133.36,3596.12,Ativo
PROC-2026-02320,2015-05-30,2016-12-05,555,SP,Cível - Indenizatória,372096.21,Provável,1.0,371647.12,30771.99,Ativo
PROC-2026-02321,2015-08-02,2018-11-02,1188,SP,Cível - Outros,440228.02,Provável,0.71,311761.42,41713.67,Ativo
PROC-2026-02322,2017-06-03,2020-02-04,976,SP,Cível - Execução,24286.91,Provável,0.88,21268.16,62176.05,Ativo
PROC-2026-02323,2017-04-26,2018-05-03,372,SP,Cível - Execução,138616.68,Possível,0.66,69308.34,9368.62,Ativo
PROC-2026-02324,2018-06-28,2019-04-09,285,SP,Cível - Outros,292539.7,Provável,0.83,241862.17,6786.38,Ativo
PROC-2026-02325,2016-12-19,2019-12-04,1080,SP,Cível - Outros,176933.82,Provável,0.73,128287.29,46829.6,Ativo
PROC-2026-02326,2018-02-07,2018-08-18,192,SP,Cível - Execução,193141.73,Provável,0.88,170305.31,10287.52,Ativo
PROC-2026-02327,2018-08-22,2020-01-29,525,SP,Cível - Execução,65791.46,Possível,0.63,32895.73,8945.61,Ativo
PROC-2026-02328,2017-01-01,2023-04-24,2304,SP,Cível - Execução,378743.56,Possível,0.55,189371.78,72839.74,Ativo
PROC-2026-02329,2016-06-13,2020-01-09,1305,SP,Cível - Outros,353750.7,Provável,0.81,285964.98,74847.02,Ativo
PROC-2026-02330,2017-02-21,2021-09-22,1674,SP,Cível - Outros,294203.53,Provável,0.77,226649.63,34307.91,Ativo
PROC-2026-02331,2019-11-28,2023-07-22,1332,SP,Cível - Outros,372333.71,Possível,0.47,186166.86,45541.26,Ativo
PROC-2026-02332,2015-06-10,2018-02-18,984,SP,Cível - Outros,311507.19,Provável,0.74,230650.71,32501.69,Ativo
PROC-2026-02333,2018-02-21,2020-06-28,858,SP,Cível - Execução,427961.37,Possível,0.46,213980.69,53799.53,Ativo
PROC-2026-02334,2017-06-27,2018-05-17,324,SP,Cível - Outros,305174.47,Provável,0.71,216471.1,16592.88,Ativo
PROC-2026-02335,2017-03-17,2018-05-25,434,SP,Cível - Execução,439134.18,Possível,0.43,219567.09,13670.76,Ativo
PROC-2026-02336,2018-07-29,2019-07-05,341,SP,Cível - Outros,496585.89,Provável,0.99,493978.06,9781.63,Ativo
PROC-2026-02337,2016-04-18,2016-07-04,77,SP,Cível - Outros,66440.27,Possível,0.45,33220.13,4094.81,Ativo
PROC-2026-02338,2015-10-04,2016-05-22,231,SP,Cível - Outros,485146.98,Possível,0.67,242573.49,8465.03,Ativo
PROC-2026-02339,2018-05-16,2020-06-08,754,SP,Cível - Outros,362725.96,Provável,0.84,306257.43,27042.48,Ativo
PROC-2026-02340,2015-06-23,2018-01-06,928,SP,Cível - Execução,85340.8,Provável,0.71,60226.3,51157.37,Encerrado
PROC-2026-02341,2017-04-02,2020-06-18,1173,SP,Cível - Execução,131908.77,Provável,0.72,95158.3,56650.42,Ativo
PROC-2026-02342,2015-11-03,2016-11-01,364,SP,Cível - Execução,442486.35,Possível,0.7,221243.17,11905.8,Ativo
PROC-2026-02343,2017-05-24,2020-07-19,1152,SP,Cível - Outros,39027.29,Provável,0.93,36116.09,65628.78,Ativo
PROC-2026-02344,2019-03-12,2024-05-05,1881,SP,Cível - Outros,451258.97,Possível,0.61,225629.48,41472.91,Ativo
PROC-2026-02345,2015-03-22,2016-05-20,425,SP,Cível - Execução,129275.47,Possível,0.66,64637.74,20645.52,Ativo
PROC-2026-02346,2018-04-05,2019-11-06,580,SP,Cível - Outros,106113.85,Provável,0.74,78058.35,16267.54,Ativo
PROC-2026-02347,2019-05-05,2020-11-30,575,SP,Cível - Outros,45226.69,Possível,0.47,22613.35,21227.61,Ativo
PROC-2026-02348,2016-02-22,2028-04-25,4446,SP,Cível - Outros,80418.95,Provável,0.87,69666.12,125986.7,Encerrado
PROC-2026-02349,2019-03-17,2021-05-17,792,SP,Cível - Execução,373388.96,Provável,0.86,322741.26,49470.98,Encerrado
PROC-2026-02350,2019-10-02,2020-04-23,204,SP,Cível - Outros,141442.54,Possível,0.56,70721.27,5541.83,Ativo
PROC-2026-02351,2017-12-02,2019-02-04,429,SP,Cível - Outros,498354.89,Possível,0.53,249177.44,19058.46,Ativo
PROC-2026-02352,2017-06-06,2018-02-03,242,SP,Cível - Outros,173900.58,Possível,0.66,86950.29,5854.04,Ativo
PROC-2026-02353,2016-03-28,2018-05-17,780,SP,Cível - Outros,219362.81,Provável,0.91,199255.91,41756.71,Ativo
PROC-2026-02354,2018-01-09,2019-08-07,575,SP,Cível - Execução,430253.19,Possível,0.69,215126.6,26735.89,Ativo
PROC-2026-02355,2017-09-06,2019-07-28,690,SP,Cível - Outros,495198.35,Possível,0.43,247599.17,30429.69,Ativo
PROC-2026-02356,2018-01-02,2019-07-07,551,SP,Cível - Outros,460486.36,Possível,0.38,230243.18,23841.93,Ativo
PROC-2026-02357,2018-12-27,2020-02-16,416,SP,Cível - Outros,39120.49,Provável,0.75,29277.33,12628.97,Ativo
PROC-2026-02358,2016-11-22,2024-06-25,2772,SP,Cível - Outros,414204.06,Provável,0.81,334723.55,120943.94,Ativo
PROC-2026-02359,2019-01-12,2020-10-22,649,SP,Cível - Execução,412371.22,Provável,0.75,310938.88,28847.14,Encerrado
PROC-2026-02360,2018-03-03,2019-05-17,440,SP,Cível - Outros,242765.8,Possível,0.52,121382.9,9639.64,Encerrado
PROC-2026-02361,2018-12-02,2024-01-15,1870,SP,Cível - Execução,286212.84,Possível,0.36,143106.42,47509.2,Ativo
PROC-2026-02362,2015-11-07,2017-08-14,646,SP,Cível - Outros,280180.01,Possível,0.42,140090.0,15984.58,Ativo
PROC-2026-02363,2017-07-14,2018-07-23,374,SP,Cível - Execução,236461.67,Possível,0.42,118230.84,8695.33,Ativo
PROC-2026-02364,2015-04-29,2015-10-22,176,SP,Cível - Outros,49025.73,Possível,0.63,24512.87,7533.39,Encerrado
PROC-2026-02365,2017-01-31,2027-06-28,3800,SP,Cível - Outros,353917.12,Possível,0.66,176958.56,147963.86,Ativo
PROC-2026-02366,2015-09-04,2018-06-08,1008,SP,Cível - Outros,88123.92,Provável,0.95,83833.87,66101.41,Ativo
PROC-2026-02367,2015-06-14,2017-02-15,612,SP,Cível - Outros,37932.76,Possível,0.52,18966.38,20593.1,Ativo
PROC-2026-02368,2018-08-16,2022-01-25,1258,SP,Cível - Execução,459791.71,Possível,0.54,229895.86,66763.18,Ativo
PROC-2026-02369,2018-06-29,2019-12-27,546,SP,Cível - Outros,130810.78,Provável,0.76,99977.28,11326.75,Ativo
PROC-2026-02370,2017-01-27,2021-04-27,1551,SP,Cível - Outros,481088.51,Provável,0.72,348254.81,33292.38,Encerrado
PROC-2026-02371,2015-08-27,2017-12-26,852,SP,Cível - Execução,86448.11,Possível,0.34,43224.06,26970.23,Encerrado
PROC-2026-02372,2015-01-16,2016-09-15,608,SP,Cível - Outros,169565.9,Provável,0.83,141289.86,18534.05,Ativo
PROC-2026-02373,2015-04-20,2017-10-06,900,SP,Cível - Outros,208441.4,Provável,0.79,165099.8,48268.87,Encerrado
PROC-2026-02374,2018-12-02,2021-04-10,860,SP,Cível - Outros,141495.16,Possível,0.68,70747.58,17200.95,Encerrado
PROC-2026-02375,2015-05-29,2016-11-12,533,SP,Cível - Execução,145160.02,Provável,0.78,112507.67,19403.29,Ativo
PROC-2026-02376,2017-02-21,2019-05-18,816,SP,Cível - Execução,177447.64,Possível,0.48,88723.82,26904.38,Encerrado
PROC-2026-02377,2017-02-26,2020-07-04,1224,SP,Cível - Indenizatória,100394.52,Provável,0.81,81652.8,77149.12,Encerrado
PROC-2026-02378,2017-02-18,2017-11-25,280,SP,Cível - Outros,357851.36,Possível,0.33,178925.68,16056.36,Encerrado
PROC-2026-02379,2016-04-06,2017-09-13,525,SP,Cível - Outros,132923.11,Provável,0.88,116668.04,23410.61,Ativo
PROC-2026-02380,2016-12-31,2018-10-18,656,SP,Cível - Outros,459539.75,Possível,0.41,229769.88,38552.66,Encerrado
PROC-2026-02381,2016-10-12,2018-06-24,620,SP,Cível - Execução,338464.94,Possível,0.4,169232.47,27593.2,Encerrado
PROC-2026-02382,2018-03-02,2021-12-31,1400,SP,Cível - Outros,207609.59,Provável,0.71,147585.87,87275.28,Ativo
PROC-2026-02383,2016-02-26,2018-08-11,897,SP,Cível - Execução,479365.48,Possível,0.38,239682.74,38242.91,Ativo
PROC-2026-02384,2017-03-09,2021-12-07,1734,SP,Cível - Outros,45182.82,Provável,0.81,36660.2,74464.04,Encerrado
PROC-2026-02385,2016-02-23,2017-10-27,612,SP,Cível - Outros,436301.53,Possível,0.49,218150.77,34399.9,Encerrado
PROC-2026-02386,2015-08-19,2020-10-19,1888,SP,Cível - Execução,485751.98,Possível,0.47,242875.99,62952.0,Encerrado
PROC-2026-02387,2016-05-22,2018-03-25,672,SP,Cível - Execução,247414.4,Possível,0.38,123707.2,19482.26,Encerrado
PROC-2026-02388,2016-06-14,2018-04-20,675,SP,Cível - Indenizatória,225368.02,Provável,0.92,208017.51,38985.03,Encerrado
PROC-2026-02389,2016-02-21,2018-09-24,946,SP,Cível - Outros,128808.58,Provável,0.81,103902.85,35001.8,Encerrado
PROC-2026-02390,2016-06-10,2017-10-23,500,SP,Cível - Outros,256609.08,Possível,0.58,128304.54,29305.35,Ativo
PROC-2026-02391,2016-10-25,2019-06-02,950,SP,Cível - Execução,61191.36,Provável,0.97,59574.46,17435.11,Encerrado
PROC-2026-02392,2015-10-12,2016-10-20,374,SP,Cível - Outros,187927.0,Provável,0.93,175353.58,17322.06,Encerrado
PROC-2026-02393,2016-01-13,2020-04-19,1558,SP,Cível - Execução,23095.85,Possível,0.3,11547.93,73746.28,Ativo
PROC-2026-02394,2019-07-22,2022-11-21,1218,SP,Cível - Execução,52521.0,Possível,0.34,26260.5,36327.94,Ativo
PROC-2026-02395,2017-01-06,2020-07-17,1288,SP,Cível - Outros,118144.13,Provável,0.8,94583.5,28093.91,Ativo
PROC-2026-02396,2019-11-20,2023-07-02,1320,SP,Cível - Execução,113614.43,Provável,0.96,108597.81,73979.38,Encerrado
PROC-2026-02397,2018-12-21,2022-05-04,1230,SP,Cível - Outros,161892.96,Possível,0.66,80946.48,61778.48,Ativo
PROC-2026-02398,2018-07-28,2035-04-12,6102,SP,Cível - Execução,147960.93,Provável,0.89,131234.31,242180.37,Ativo
PROC-2026-02399,2015-06-24,2017-12-06,896,SP,Cível - Outros,494822.24,Provável,0.98,485585.03,17637.78,Encerrado
PROC-2026-02400,2018-11-08,2022-05-02,1271,SP,Cível - Execução,301337.89,Possível,0.51,150668.94,76343.55,Ativo
PROC-2026-02401,2017-05-06,2019-09-14,861,SP,Cível - Execução,21389.76,Provável,0.98,20883.94,44812.76,Encerrado
PROC-2026-02402,2019-02-26,2019-08-25,180,SP,Cível - Outros,188641.4,Provável,1.0,188521.0,6761.62,Encerrado
PROC-2026-02403,2017-10-02,2018-08-28,330,SP,Cível - Execução,89183.03,Possível,0.56,44591.52,8341.25,Ativo
PROC-2026-02404,2017-10-29,2020-07-15,990,SP,Cível - Outros,74524.31,Provável,0.74,54979.65,57686.46,Encerrado
PROC-2026-02405,2019-02-08,2021-05-28,840,SP,Cível - Outros,291845.4,Provável,0.95,278692.14,24454.31,Encerrado
PROC-2026-02406,2015-01-10,2016-07-07,544,SP,Cível - Outros,5024.53,Possível,0.56,2512.26,33674.81,Encerrado
PROC-2026-02407,2015-11-08,2016-04-16,160,SP,Cível - Outros,320840.46,Possível,0.33,160420.23,6293.0,Encerrado
PROC-2026-02408,2016-02-25,2024-02-19,2916,SP,Cível - Outros,119321.06,Provável,0.89,106649.76,102714.21,Ativo
PROC-2026-02409,2018-09-16,2019-09-11,360,SP,Cível - Outros,53129.34,Provável,0.85,45401.99,21060.39,Ativo
PROC-2026-02410,2018-03-29,2019-05-19,416,SP,Cível - Outros,456969.61,Possível,0.42,228484.81,21949.91,Ativo
PROC-2026-02411,2018-05-07,2021-04-22,1081,SP,Cível - Outros,19411.14,Provável,0.84,16339.49,28370.63,Encerrado
PROC-2026-02412,2015-06-06,2019-01-01,1305,SP,Cível - Execução,400853.71,Possível,0.36,200426.85,76139.13,Encerrado
PROC-2026-02413,2017-11-30,2021-04-04,1221,SP,Cível - Outros,423540.09,Possível,0.56,211770.05,78491.08,Encerrado
PROC-2026-02414,2019-07-27,2022-11-04,1196,SP,Cível - Outros,340908.64,Possível,0.63,170454.32,42310.0,Ativo
PROC-2026-02415,2015-07-06,2022-12-26,2730,SP,Cível - Outros,222360.5,Provável,0.9,200897.28,176338.47,Ativo
PROC-2026-02416,2016-04-16,2019-06-12,1152,SP,Cível - Outros,128182.72,Provável,0.93,119227.34,20705.59,Encerrado
PROC-2026-02417,2018-11-17,2021-12-27,1136,SP,Cível - Execução,316729.66,Provável,0.94,296779.82,68776.57,Encerrado
PROC-2026-02418,2019-07-16,2021-10-09,816,SP,Cível - Outros,426116.93,Possível,0.54,213058.47,52522.27,Encerrado
PROC-2026-02419,2019-03-08,2021-01-25,689,SP,Cível - Outros,320841.81,Provável,0.93,298241.94,36101.22,Ativo
PROC-2026-02420,2019-06-08,2024-08-05,1885,SP,Cível - Execução,455512.59,Possível,0.35,227756.29,64543.71,Ativo
PROC-2026-02421,2015-08-15,2021-11-19,2288,SP,Cível - Outros,291531.57,Possível,0.49,145765.78,41092.55,Ativo
PROC-2026-02422,2019-06-19,2023-02-08,1330,SP,Cível - Execução,320069.08,Provável,0.73,235160.47,39892.01,Encerrado
PROC-2026-02423,2015-07-17,2020-12-21,1984,SP,Cível - Outros,129155.84,Provável,0.77,99858.76,87210.86,Ativo
PROC-2026-02424,2018-08-08,2025-10-14,2624,SP,Cível - Execução,6974.62,Possível,0.35,3487.31,85127.41,Ativo
PROC-2026-02425,2018-10-31,2020-02-19,476,SP,Cível - Outros,14460.34,Possível,0.37,7230.17,24155.65,Encerrado
PROC-2026-02426,2018-08-19,2019-08-26,372,SP,Cível - Outros,291915.28,Possível,0.65,145957.64,11910.44,Encerrado
PROC-2026-02427,2018-03-31,2019-01-05,280,SP,Cível - Outros,383669.94,Provável,0.71,271956.97,12797.38,Ativo
PROC-2026-02428,2015-06-29,2016-12-26,546,SP,Cível - Outros,331918.58,Provável,0.99,329726.49,33119.17,Encerrado
PROC-2026-02429,2019-06-02,2020-01-19,231,SP,Cível - Execução,180220.99,Provável,1.0,179524.28,7015.8,Encerrado
PROC-2026-02430,2015-06-12,2020-04-01,1755,SP,Cível - Outros,447958.82,Provável,0.99,441654.25,105522.22,Encerrado
PROC-2026-02431,2019-03-22,2020-05-15,420,SP,Cível - Outros,211306.66,Possível,0.65,105653.33,9418.26,Ativo
PROC-2026-02432,2017-12-15,2022-03-28,1564,SP,Cível - Outros,498221.71,Provável,0.96,476060.84,32711.83,Ativo
PROC-2026-02433,2015-02-07,2016-07-19,528,SP,Cível - Outros,326228.03,Provável,0.7,228720.16,29200.3,Encerrado
PROC-2026-02434,2018-04-11,2020-02-12,672,SP,Cível - Outros,128899.01,Provável,0.98,125726.54,18109.64,Encerrado
PROC-2026-02435,2017-11-18,2020-01-27,800,SP,Cível - Execução,304237.59,Provável,0.95,289858.22,42086.52,Encerrado
PROC-2026-02436,2018-07-19,2019-03-26,250,SP,Cível - Outros,325064.45,Possível,0.64,162532.23,12843.37,Encerrado
PROC-2026-02437,2019-06-23,2023-11-21,1612,SP,Cível - Outros,224426.17,Provável,0.98,220479.48,70348.08,Ativo
PROC-2026-02438,2018-04-15,2018-11-17,216,SP,Cível - Outros,155211.75,Possível,0.31,77605.88,6973.02,Ativo
PROC-2026-02439,2018-10-20,2020-06-23,612,SP,Cível - Execução,303445.02,Possível,0.67,151722.51,20624.36,Ativo
PROC-2026-02440,2019-02-18,2020-06-26,494,SP,Cível - Execução,267380.08,Possível,0.5,133690.04,9131.35,Ativo
PROC-2026-02441,2017-04-18,2018-04-27,374,SP,Cível - Execução,314704.89,Provável,0.88,276988.17,7882.74,Encerrado
PROC-2026-02442,2019-10-20,2022-01-03,806,SP,Cível - Execução,335314.92,Possível,0.62,167657.46,46618.21,Ativo
PROC-2026-02443,2015-02-26,2019-02-22,1457,SP,Cível - Execução,200221.24,Provável,0.95,189803.21,41013.1,Ativo
PROC-2026-02444,2016-10-27,2021-04-04,1620,SP,Cível - Outros,131430.29,Provável,0.89,116574.39,42244.06,Ativo
PROC-2026-02445,2015-10-26,2016-12-28,429,SP,Cível - Outros,50318.71,Possível,0.44,25159.36,15294.11,Encerrado
PROC-2026-02446,2018-06-12,2022-09-13,1554,SP,Cível - Execução,9715.69,Possível,0.43,4857.84,82561.8,Ativo
PROC-2026-02447,2017-04-26,2018-11-11,564,SP,Cível - Execução,61180.15,Provável,0.79,48402.4,20316.55,Ativo
PROC-2026-02448,2015-01-01,2019-05-01,1581,SP,Cível - Outros,448413.8,Provável,0.76,342901.27,83698.69,Ativo
PROC-2026-02449,2018-01-25,2023-10-14,2088,SP,Cível - Outros,482883.21,Provável,0.74,355230.12,104862.17,Ativo
PROC-2026-02450,2015-02-26,2018-02-18,1088,SP,Cível - Execução,117593.09,Provável,0.83,97883.43,31569.66,Encerrado
PROC-2026-02451,2015-01-03,2016-05-23,506,SP,Cível - Outros,172253.89,Possível,0.47,86126.94,17960.87,Ativo
PROC-2026-02452,2015-12-10,2020-08-06,1701,SP,Cível - Execução,81655.86,Provável,0.76,61869.95,94119.54,Ativo
PROC-2026-02453,2017-05-27,2018-05-03,341,SP,Cível - Outros,320957.06,Possível,0.4,160478.53,21528.68,Encerrado
PROC-2026-02454,2018-12-14,2021-11-28,1080,SP,Cível - Execução,313192.74,Provável,0.89,279046.19,37589.29,Encerrado
PROC-2026-02455,2016-04-20,2016-08-30,132,SP,Cível - Outros,265661.14,Possível,0.39,132830.57,6078.11,Ativo
PROC-2026-02456,2015-09-01,2016-05-10,252,SP,Cível - Outros,134375.09,Possível,0.33,67187.55,6013.4,Encerrado
PROC-2026-02457,2019-10-17,2024-07-22,1740,SP,Cível - Execução,360832.39,Possível,0.44,180416.19,35581.81,Ativo
PROC-2026-02458,2017-01-10,2021-09-10,1704,SP,Cível - Execução,497940.99,Possível,0.44,248970.5,98438.96,Encerrado
PROC-2026-02459,2019-03-13,2021-02-24,714,SP,Cível - Execução,169937.65,Provável,0.8,135430.28,31590.38,Encerrado
PROC-2026-02460,2015-06-23,2017-09-16,816,SP,Cível - Execução,459039.9,Possível,0.39,229519.95,49635.8,Ativo
PROC-2026-02461,2019-11-01,2025-09-09,2139,SP,Cível - Outros,40627.2,Provável,0.8,32640.04,99627.35,Ativo
PROC-2026-02462,2017-05-30,2018-01-10,225,SP,Cível - Outros,204363.1,Possível,0.64,102181.55,9714.34,Encerrado
PROC-2026-02463,2018-08-26,2019-05-12,259,SP,Cível - Execução,243387.18,Possível,0.52,121693.59,15538.58,Encerrado
PROC-2026-02464,2017-04-03,2019-07-08,826,SP,Cível - Execução,212260.99,Possível,0.43,106130.49,48534.72,Ativo
PROC-2026-02465,2018-02-11,2024-02-24,2204,SP,Cível - Execução,451529.25,Possível,0.51,225764.62,55390.86,Ativo
PROC-2026-02466,2017-07-14,2022-01-22,1653,SP,Cível - Outros,377926.28,Possível,0.6,188963.14,29722.65,Ativo
PROC-2026-02467,2015-07-07,2019-04-05,1368,SP,Cível - Outros,112671.33,Provável,0.71,79958.48,24327.4,Ativo
PROC-2026-02468,2019-07-13,2020-08-06,390,SP,Cível - Outros,434948.23,Possível,0.3,217474.11,21258.27,Encerrado
PROC-2026-02469,2016-09-05,2019-10-30,1150,SP,Cível - Execução,184347.24,Provável,0.8,147051.56,50588.21,Ativo
PROC-2026-02470,2019-04-10,2021-04-20,741,SP,Cível - Outros,469200.18,Possível,0.56,234600.09,44288.21,Ativo
PROC-2026-02471,2017-08-12,2019-06-15,672,SP,Cível - Execução,491203.58,Provável,0.78,382835.43,31938.61,Encerrado
PROC-2026-02472,2019-07-10,2023-11-10,1584,SP,Cível - Outros,386276.98,Provável,0.98,378672.96,75536.43,Encerrado
PROC-2026-02473,2019-01-06,2019-12-17,345,SP,Cível - Outros,192112.47,Possível,0.33,96056.23,12749.4,Encerrado
PROC-2026-02474,2017-01-21,2020-01-15,1089,SP,Cível - Outros,174948.41,Provável,0.92,161753.66,26770.77,Ativo
PROC-2026-02475,2019-07-12,2023-03-17,1344,SP,Cível - Outros,76499.12,Possível,0.34,38249.56,22693.51,Ativo
PROC-2026-02476,2015-02-17,2019-04-05,1508,SP,Cível - Outros,170280.97,Provável,0.84,143200.41,47550.63,Encerrado
PROC-2026-02477,2017-05-04,2022-01-14,1716,SP,Cível - Outros,352748.69,Provável,0.84,296608.84,92278.18,Ativo
PROC-2026-02478,2019-05-04,2022-01-08,980,SP,Cível - Outros,422027.6,Provável,0.81,340261.15,36381.88,Encerrado
PROC-2026-02479,2017-03-23,2018-09-14,540,SP,Cível - Execução,163481.38,Provável,0.91,148172.18,25246.17,Encerrado
PROC-2026-02480,2018-08-15,2023-02-08,1638,SP,Cível - Execução,175409.78,Possível,0.57,87704.89,52536.41,Ativo
PROC-2026-02481,2019-05-14,2022-08-14,1188,SP,Cível - Outros,361135.47,Possível,0.65,180567.73,50348.98,Ativo
PROC-2026-02482,2017-02-19,2017-11-10,264,SP,Cível - Outros,302643.89,Possível,0.37,151321.95,5740.07,Encerrado
PROC-2026-02483,2017-09-13,2036-08-20,6916,SP,Cível - Execução,264813.57,Provável,0.96,254218.41,387331.98,Ativo
PROC-2026-02484,2016-01-28,2022-01-20,2184,SP,Cível - Execução,405296.86,Possível,0.43,202648.43,68052.94,Ativo
PROC-2026-02485,2018-08-27,2019-03-05,190,SP,Cível - Outros,84362.17,Possível,0.7,42181.09,12441.96,Ativo
PROC-2026-02486,2018-09-10,2021-02-17,891,SP,Cível - Outros,497395.16,Provável,0.86,428563.2,37494.03,Encerrado
PROC-2026-02487,2019-05-19,2022-08-09,1178,SP,Cível - Execução,404123.85,Provável,0.93,375179.99,47220.36,Encerrado
PROC-2026-02488,2017-05-22,2018-09-18,484,SP,Cível - Execução,427716.84,Provável,0.92,392130.41,9173.94,Encerrado
PROC-2026-02489,2015-01-07,2018-09-21,1353,SP,Cível - Execução,89211.84,Provável,0.96,85480.9,49715.22,Ativo
PROC-2026-02490,2015-10-23,2018-07-31,1012,SP,Cível - Execução,344763.9,Provável,0.89,306789.35,27545.17,Ativo
PROC-2026-02491,2015-12-22,2017-05-01,496,SP,Cível - Execução,292330.41,Possível,0.59,146165.2,15098.28,Ativo
PROC-2026-02492,2016-05-13,2016-12-20,221,SP,Cível - Outros,287330.95,Possível,0.41,143665.47,11418.16,Encerrado
PROC-2026-02493,2019-04-21,2020-02-01,286,SP,Cível - Outros,121429.89,Possível,0.41,60714.94,18829.42,Ativo
PROC-2026-02494,2017-11-06,2020-11-23,1113,SP,Cível - Execução,474186.6,Provável,0.94,447330.53,52800.7,Encerrado
PROC-2026-02495,2018-09-10,2024-03-08,2006,SP,Cível - Execução,495252.62,Possível,0.45,247626.31,122694.4,Encerrado
PROC-2026-02496,2019-07-30,2023-04-25,1365,SP,Cível - Outros,277667.33,Possível,0.58,138833.66,34574.82,Ativo
PROC-2026-02497,2017-10-03,2021-01-15,1200,SP,Cível - Outros,24496.24,Provável,0.87,21213.34,42532.08,Encerrado
PROC-2026-02498,2019-04-24,2028-07-12,3367,SP,Cível - Execução,112466.48,Provável,0.9,100758.38,129163.91,Encerrado
PROC-2026-02499,2019-06-09,2020-08-17,435,SP,Cível - Indenizatória,142915.8,Possível,0.69,71457.9,25324.03,Encerrado
PROC-2026-02500,2017-10-19,2020-03-01,864,SP,Cível - Outros,79217.57,Provável,0.77,61064.19,48588.28,Encerrado
PROC-2026-02501,2019-01-09,2019-10-06,270,SP,Cível - Execução,232227.54,Provável,0.74,172845.84,7525.09,Encerrado
PROC-2026-02502,2018-03-09,2020-04-03,756,SP,Cível - Outros,496786.96,Provável,0.84,418148.28,25686.74,Encerrado
PROC-2026-02503,2017-02-27,2019-08-28,912,SP,Cível - Execução,283805.78,Possível,0.41,141902.89,36204.08,Ativo
PROC-2026-02504,2017-05-06,2020-02-20,1020,SP,Cível - Outros,244593.23,Provável,0.82,200596.19,60391.23,Encerrado
PROC-2026-02505,2019-10-15,2021-03-10,512,SP,Cível - Execução,62226.18,Possível,0.45,31113.09,16256.41,Encerrado
PROC-2026-02506,2019-06-30,2019-09-28,90,SP,Cível - Outros,190914.2,Possível,0.36,95457.1,1949.09,Encerrado
PROC-2026-02507,2016-09-05,2017-08-22,351,SP,Cível - Outros,368246.11,Possível,0.59,184123.06,7746.24,Encerrado
PROC-2026-02508,2015-03-08,2016-06-18,468,SP,Cível - Execução,344317.83,Possível,0.5,172158.91,29215.28,Ativo
PROC-2026-02509,2017-05-07,2018-08-18,468,SP,Cível - Outros,440897.83,Possível,0.32,220448.92,30636.04,Encerrado
PROC-2026-02510,2015-12-14,2021-11-22,2170,SP,Cível - Execução,40889.29,Possível,0.66,20444.64,70148.8,Ativo
PROC-2026-02511,2016-11-06,2018-02-13,464,SP,Cível - Outros,12728.32,Possível,0.4,6364.16,12050.21,Encerrado
PROC-2026-02512,2015-04-13,2016-07-18,462,SP,Cível - Execução,128688.4,Possível,0.56,64344.2,15660.53,Encerrado
PROC-2026-02513,2015-07-26,2016-05-18,297,SP,Cível - Outros,477460.52,Provável,0.79,375471.51,14614.86,Encerrado
PROC-2026-02514,2015-09-10,2016-06-16,280,SP,Cível - Outros,376155.09,Possível,0.46,188077.54,9590.26,Ativo
PROC-2026-02515,2016-03-13,2017-08-27,532,SP,Cível - Outros,183261.72,Possível,0.59,91630.86,27840.44,Encerrado
PROC-2026-02516,2015-01-26,2018-01-22,1092,SP,Cível - Execução,44579.39,Possível,0.31,22289.7,19882.54,Ativo
PROC-2026-02517,2017-07-31,2019-08-05,735,SP,Cível - Outros,88506.4,Possível,0.42,44253.2,45571.42,Encerrado
PROC-2026-02518,2015-06-13,2018-03-17,1008,SP,Cível - Indenizatória,398142.67,Provável,0.84,335032.74,31036.34,Ativo
PROC-2026-02519,2017-11-07,2023-05-13,2013,SP,Cível - Outros,376178.79,Possível,0.46,188089.4,62093.23,Ativo
PROC-2026-02520,2019-06-27,2022-02-23,972,SP,Cível - Execução,78869.59,Provável,0.81,63677.29,42369.93,Ativo
PROC-2026-02521,2015-07-08,2016-01-10,186,SP,Cível - Outros,447845.95,Possível,0.58,223922.98,7781.26,Ativo
PROC-2026-02522,2019-08-27,2021-04-12,594,SP,Cível - Outros,98078.64,Provável,0.74,72580.31,24616.81,Ativo
PROC-2026-02523,2018-10-24,2020-04-04,528,SP,Cível - Execução,98221.17,Provável,0.94,92813.84,17706.97,Encerrado
PROC-2026-02524,2015-02-04,2020-12-24,2150,SP,Cível - Outros,110974.67,Provável,0.95,105256.8,43306.21,Ativo
PROC-2026-02525,2017-07-15,2018-11-07,480,SP,Cível - Outros,135289.09,Possível,0.7,67644.55,16718.22,Ativo
PROC-2026-02526,2018-10-15,2019-03-16,152,SP,Cível - Outros,400038.4,Possível,0.45,200019.2,8921.17,Ativo
PROC-2026-02527,2017-10-27,2023-06-08,2050,SP,Cível - Execução,407885.1,Provável,0.73,299274.29,100606.95,Encerrado
PROC-2026-02528,2017-04-29,2017-10-02,156,SP,Cível - Execução,422298.12,Possível,0.38,211149.06,2621.68,Encerrado
PROC-2026-02529,2017-04-25,2019-09-26,884,SP,Cível - Outros,467674.38,Provável,0.77,359208.41,35334.73,Ativo
PROC-2026-02530,2016-04-08,2022-05-31,2244,SP,Cível - Outros,486222.79,Provável,0.8,388850.14,115277.85,Encerrado
PROC-2026-02531,2016-12-01,2018-01-05,400,SP,Cível - Execução,332996.05,Provável,0.93,309066.96,16947.84,Ativo
PROC-2026-02532,2015-02-14,2015-06-02,108,SP,Cível - Outros,314226.61,Provável,0.93,293131.77,2634.82,Encerrado
PROC-2026-02533,2018-10-08,2022-12-04,1518,SP,Cível - Execução,82991.74,Provável,0.88,73308.37,28351.41,Encerrado
PROC-2026-02534,2015-09-07,2020-07-18,1776,SP,Cível - Execução,34725.26,Possível,0.42,17362.63,63367.29,Ativo
PROC-2026-02535,2016-11-09,2021-08-03,1728,SP,Cível - Outros,289256.01,Provável,0.96,278565.08,79267.91,Encerrado
PROC-2026-02536,2016-09-20,2018-02-12,510,SP,Cível - Outros,127865.82,Provável,0.95,121300.52,32457.22,Ativo
PROC-2026-02537,2018-08-08,2021-12-06,1216,SP,Cível - Indenizatória,376180.19,Provável,0.89,336134.88,72919.46,Encerrado
PROC-2026-02538,2015-11-03,2020-08-17,1749,SP,Cível - Outros,393775.73,Possível,0.7,196887.86,63176.24,Ativo
PROC-2026-02539,2017-03-15,2019-11-09,969,SP,Cível - Execução,251931.26,Possível,0.5,125965.63,45103.9,Ativo
PROC-2026-02540,2016-02-17,2022-10-13,2430,SP,Cível - Execução,148770.99,Provável,0.89,132329.37,87375.65,Encerrado
PROC-2026-02541,2018-05-04,2022-03-14,1410,SP,Cível - Execução,222954.44,Possível,0.48,111477.22,54987.61,Encerrado
PROC-2026-02542,2019-09-01,2022-06-19,1022,SP,Cível - Outros,493652.51,Possível,0.67,246826.26,50068.15,Ativo
PROC-2026-02543,2018-05-29,2018-09-25,119,SP,Cível - Outros,250060.74,Provável,0.76,190469.08,4924.63,Ativo
PROC-2026-02544,2018-09-17,2019-07-26,312,SP,Cível - Outros,326051.39,Possível,0.67,163025.7,15681.56,Ativo
PROC-2026-02545,2015-07-25,2016-03-15,234,SP,Cível - Outros,89527.68,Possível,0.33,44763.84,11472.99,Ativo
PROC-2026-02546,2019-05-20,2019-07-14,55,SP,Cível - Outros,498533.35,Provável,0.98,488115.71,2199.39,Ativo
PROC-2026-02547,2019-10-05,2023-03-31,1273,SP,Cível - Execução,450181.99,Possível,0.59,225091.0,65977.33,Ativo
PROC-2026-02548,2016-12-15,2018-05-24,525,SP,Cível - Outros,208464.1,Provável,0.87,182203.35,23112.3,Encerrado
PROC-2026-02549,2019-09-10,2023-01-24,1232,SP,Cível - Outros,259981.42,Provável,0.81,211786.72,35563.21,Ativo
PROC-2026-02550,2018-10-14,2021-01-07,816,SP,Cível - Outros,94455.91,Provável,0.84,79322.25,51293.88,Ativo
PROC-2026-02551,2018-03-06,2018-04-29,54,MG,Cível - Execução,461101.86,Possível,0.3,230550.93,1938.06,Encerrado
PROC-2026-02552,2017-10-02,2019-08-05,672,SP,Cível - Outros,207499.72,Possível,0.32,103749.86,37926.79,Ativo
PROC-2026-02553,2017-11-14,2019-02-17,460,SP,Cível - Outros,315200.06,Possível,0.69,157600.03,9219.66,Ativo
PROC-2026-02554,2018-07-11,2019-01-09,182,SP,Cível - Outros,332809.47,Possível,0.43,166404.74,6894.62,Ativo
PROC-2026-02555,2016-03-06,2018-08-23,900,SP,Cível - Execução,69425.25,Provável,0.85,59096.07,55777.83,Ativo
PROC-2026-02556,2017-12-13,2019-05-03,506,SP,Cível - Outros,194399.43,Provável,0.82,159125.85,11288.77,Ativo
PROC-2026-02557,2016-07-26,2018-04-11,624,SP,Trabalhista,180467.4,Provável,0.82,147352.47,15554.55,Encerrado
PROC-2026-02558,2019-01-02,2023-04-15,1564,SP,Cível - Execução,43531.67,Possível,0.54,21765.83,32369.19,Ativo
PROC-2026-02559,2015-02-16,2016-11-17,640,SP,Cível - Execução,91155.0,Possível,0.68,45577.5,17055.7,Ativo
PROC-2026-02560,2018-03-25,2021-04-02,1104,SP,Cível - Execução,480839.97,Provável,0.89,429889.77,25616.62,Ativo
PROC-2026-02561,2016-09-15,2018-05-06,598,SP,Cível - Outros,458446.03,Possível,0.34,229223.01,22648.94,Encerrado
PROC-2026-02562,2015-05-17,2018-10-16,1248,SP,Cível - Outros,480541.39,Possível,0.36,240270.7,77608.0,Ativo
PROC-2026-02563,2019-09-25,2025-01-26,1950,SP,Cível - Execução,63534.08,Provável,0.98,62570.12,74683.19,Ativo
PROC-2026-02564,2017-05-09,2019-06-30,782,SP,Cível - Outros,98547.56,Provável,0.97,95153.31,15671.47,Encerrado
PROC-2026-02565,2016-11-26,2021-02-09,1536,SP,Cível - Execução,391599.96,Possível,0.46,195799.98,48488.52,Ativo
PROC-2026-02566,2017-06-24,2018-01-31,221,SP,Cível - Outros,332280.49,Possível,0.63,166140.24,8291.11,Encerrado
PROC-2026-02567,2018-01-21,2020-11-18,1032,SP,Cível - Execução,165732.05,Possível,0.69,82866.02,49101.47,Ativo
PROC-2026-02568,2018-06-03,2026-02-13,2812,SP,Cível - Execução,496077.13,Provável,0.77,382008.13,160184.34,Encerrado
PROC-2026-02569,2018-08-28,2019-06-10,286,SP,Cível - Outros,145769.86,Possível,0.48,72884.93,5745.42,Encerrado
PROC-2026-02570,2016-06-18,2016-10-16,120,SP,Cível - Outros,158167.04,Possível,0.56,79083.52,6263.95,Ativo
PROC-2026-02571,2017-06-26,2020-10-29,1221,SP,Cível - Execução,123540.11,Provável,0.78,96697.77,36081.94,Encerrado
PROC-2026-02572,2015-04-05,2016-12-16,621,SP,Cível - Indenizatória,499221.95,Provável,0.92,459238.15,21392.66,Encerrado
PROC-2026-02573,2015-10-18,2018-06-30,986,SP,Cível - Execução,117582.15,Provável,0.71,83651.27,37784.25,Ativo
PROC-2026-02574,2017-08-22,2022-01-04,1596,SP,Cível - Outros,269828.87,Provável,0.77,208262.49,54903.01,Ativo
PROC-2026-02575,2018-04-28,2022-11-12,1659,SP,Cível - Execução,159664.07,Possível,0.7,79832.04,49821.61,Ativo
PROC-2026-02576,2015-08-21,2018-07-12,1056,SP,Cível - Outros,115488.52,Possível,0.64,57744.26,34779.13,Ativo
PROC-2026-02577,2017-05-14,2023-05-07,2184,SP,Cível - Outros,268731.64,Provável,0.76,203519.02,61036.3,Ativo
PROC-2026-02578,2016-02-22,2016-11-08,260,SP,Cível - Execução,198192.04,Provável,0.9,178907.96,11586.0,Encerrado
PROC-2026-02579,2016-12-22,2020-03-09,1173,SP,Cível - Outros,358618.01,Provável,0.87,313724.31,28980.8,Ativo
PROC-2026-02580,2017-01-24,2019-06-25,882,SP,Cível - Outros,63985.09,Provável,0.88,56389.17,55818.47,Ativo
PROC-2026-02581,2016-01-25,2018-06-27,884,SP,Cível - Outros,401883.28,Possível,0.55,200941.64,35771.06,Encerrado
PROC-2026-02582,2017-10-17,2019-05-16,576,SP,Cível - Outros,397921.18,Possível,0.34,198960.59,22904.68,Ativo
PROC-2026-02583,2018-06-15,2020-08-23,800,SP,Cível - Outros,74145.41,Possível,0.59,37072.71,48822.39,Encerrado
PROC-2026-02584,2018-06-10,2019-06-05,360,SP,Cível - Execução,347595.16,Possível,0.43,173797.58,18033.35,Encerrado
PROC-2026-02585,2016-09-15,2017-07-11,299,SP,Cível - Execução,174686.6,Possível,0.34,87343.3,18777.98,Encerrado
PROC-2026-02586,2017-07-10,2021-08-22,1504,SP,Cível - Execução,344423.53,Possível,0.54,172211.77,74626.05,Ativo
PROC-2026-02587,2016-09-16,2021-05-14,1701,SP,Cível - Execução,330576.27,Possível,0.33,165288.14,55938.97,Ativo
PROC-2026-02588,2016-05-24,2018-02-19,636,SP,Cível - Execução,138003.89,Possível,0.47,69001.95,23961.45,Ativo
PROC-2026-02589,2016-11-08,2018-03-18,495,SP,Cível - Execução,111715.1,Possível,0.64,55857.55,30789.05,Encerrado
PROC-2026-02590,2019-04-23,2024-10-08,1995,SP,Cível - Execução,469061.0,Possível,0.66,234530.5,50453.48,Ativo
PROC-2026-02591,2016-11-30,2020-05-11,1258,SP,Cível - Outros,266649.09,Provável,0.99,264509.92,68879.79,Encerrado
PROC-2026-02592,2018-08-27,2019-12-08,468,SP,Cível - Outros,282259.94,Provável,0.74,209612.35,18101.38,Encerrado
PROC-2026-02593,2019-06-06,2020-09-23,475,SP,Cível - Outros,157934.4,Possível,0.4,78967.2,26634.78,Encerrado
PROC-2026-02594,2016-03-09,2016-10-05,210,SP,Cível - Outros,40100.45,Possível,0.48,20050.23,10649.49,Ativo
PROC-2026-02595,2019-07-25,2023-04-23,1368,SP,Cível - Execução,321540.08,Possível,0.38,160770.04,44321.71,Ativo
PROC-2026-02596,2018-09-14,2019-05-12,240,SP,Cível - Execução,316534.44,Provável,0.9,285900.89,4932.06,Encerrado
PROC-2026-02597,2019-03-01,2025-08-01,2345,SP,Cível - Outros,391279.31,Possível,0.55,195639.66,146420.82,Ativo
PROC-2026-02598,2015-03-09,2017-03-03,725,SP,Cível - Execução,86847.07,Provável,0.79,68630.78,17124.74,Encerrado
PROC-2026-02599,2016-10-02,2019-04-14,924,SP,Cível - Execução,142030.53,Provável,0.78,110899.15,35622.77,Ativo
PROC-2026-02600,2016-10-15,2017-07-28,286,SP,Cível - Outros,88653.07,Provável,0.91,80336.19,6534.36,Ativo
PROC-2026-02601,2018-03-10,2022-12-14,1740,SP,Cível - Execução,108841.79,Provável,0.92,100620.74,77245.64,Encerrado
PROC-2026-02602,2016-11-16,2017-06-25,221,SP,Cível - Outros,383632.85,Possível,0.45,191816.43,14372.32,Encerrado
PROC-2026-02603,2017-01-07,2017-06-08,152,SP,Cível - Outros,383381.51,Possível,0.34,191690.75,7473.31,Encerrado
PROC-2026-02604,2019-07-10,2021-10-27,840,SP,Cível - Execução,425493.46,Possível,0.63,212746.73,20064.14,Ativo
PROC-2026-02605,2016-04-11,2018-02-03,663,SP,Cível - Execução,403250.21,Possível,0.31,201625.11,31952.14,Ativo
PROC-2026-02606,2018-01-25,2020-06-18,875,SP,Cível - Outros,292027.57,Possível,0.53,146013.79,17629.91,Ativo
PROC-2026-02607,2017-02-27,2022-09-19,2030,SP,Cível - Execução,418753.59,Possível,0.56,209376.79,73327.18,Encerrado
PROC-2026-02608,2016-06-03,2018-07-02,759,SP,Cível - Outros,215879.27,Provável,0.75,161004.38,48554.5,Ativo
PROC-2026-02609,2016-03-12,2017-02-23,348,MG,Cível - Outros,355595.9,Provável,0.84,299130.6,5930.84,Encerrado
PROC-2026-02610,2017-02-17,2019-09-24,949,SP,Cível - Execução,398038.29,Provável,0.72,286346.78,26783.78,Encerrado
PROC-2026-02611,2018-01-06,2025-04-23,2664,SP,Cível - Outros,358140.39,Possível,0.43,179070.2,154457.59,Ativo
PROC-2026-02612,2015-04-30,2016-01-21,266,SP,Cível - Execução,481577.68,Possível,0.44,240788.84,10292.99,Encerrado
PROC-2026-02613,2018-01-06,2019-06-19,529,SP,Cível - Indenizatória,111643.83,Possível,0.63,55821.91,13272.93,Encerrado
PROC-2026-02614,2015-08-04,2016-11-14,468,SP,Cível - Execução,269913.54,Possível,0.42,134956.77,30740.03,Encerrado
PROC-2026-02615,2019-03-16,2022-06-03,1175,SP,Cível - Execução,301133.84,Provável,1.0,299705.99,72784.26,Encerrado
PROC-2026-02616,2016-05-15,2017-07-29,440,SP,Cível - Outros,78601.19,Provável,0.99,77479.81,14597.51,Ativo
PROC-2026-02617,2016-05-26,2034-06-21,6600,SP,Cível - Execução,314854.22,Provável,0.73,229072.82,378189.58,Ativo
PROC-2026-02618,2019-05-16,2020-05-10,360,SP,Cível - Execução,327422.36,Possível,0.46,163711.18,16849.94,Ativo
PROC-2026-02619,2019-05-06,2020-03-21,320,SP,Cível - Execução,443209.02,Provável,0.74,329776.99,17098.29,Encerrado
PROC-2026-02620,2019-12-05,2022-02-28,816,SP,Cível - Outros,44901.21,Possível,0.37,22450.6,30572.76,Encerrado
PROC-2026-02621,2019-01-30,2029-10-26,3922,SP,Cível - Outros,154136.85,Provável,0.73,112439.51,110241.63,Ativo
PROC-2026-02622,2019-06-29,2027-02-01,2774,SP,Cível - Outros,269429.79,Provável,0.88,238218.5,119799.55,Ativo
PROC-2026-02623,2015-07-03,2022-02-04,2408,SP,Cível - Outros,87579.91,Provável,0.95,83356.42,60513.91,Ativo
PROC-2026-02624,2015-03-29,2015-10-07,192,SP,Cível - Outros,477605.13,Provável,0.99,473603.89,5678.55,Encerrado
PROC-2026-02625,2019-08-10,2020-10-03,420,SP,Cível - Outros,235196.89,Possível,0.34,117598.44,20071.42,Ativo
PROC-2026-02626,2018-11-18,2019-12-15,392,SP,Cível - Execução,368010.6,Possível,0.69,184005.3,17011.32,Encerrado
PROC-2026-02627,2019-10-28,2021-12-28,792,SP,Cível - Execução,474470.32,Provável,0.78,368610.97,35600.53,Ativo
PROC-2026-02628,2016-07-10,2031-02-25,5343,SP,Cível - Execução,378855.57,Provável,0.9,342575.75,334360.14,Encerrado
PROC-2026-02629,2019-03-15,2019-07-05,112,SP,Cível - Outros,137182.96,Possível,0.3,68591.48,4677.41,Ativo
PROC-2026-02630,2018-01-17,2019-06-14,513,SP,Cível - Outros,360895.31,Provável,0.83,300397.86,17073.03,Encerrado
PROC-2026-02631,2016-03-05,2016-12-18,288,SP,Cível - Outros,360769.8,Possível,0.68,180384.9,17660.71,Ativo
PROC-2026-02632,2015-09-27,2017-12-11,806,SP,Cível - Execução,440808.48,Possível,0.55,220404.24,32263.9,Ativo
PROC-2026-02633,2019-03-23,2025-10-01,2384,SP,Cível - Execução,40827.88,Provável,0.82,33611.79,123430.35,Ativo
PROC-2026-02634,2016-07-06,2021-03-13,1711,SP,Cível - Outros,370716.83,Provável,0.95,351806.53,67569.79,Ativo
PROC-2026-02635,2017-07-16,2018-07-31,380,SP,Cível - Execução,253456.42,Provável,0.94,239129.62,10122.08,Encerrado
PROC-2026-02636,2018-02-21,2020-05-11,810,SP,Cível - Execução,147236.5,Provável,0.8,118441.9,38166.8,Ativo
PROC-2026-02637,2018-07-09,2025-08-31,2610,SP,Cível - Indenizatória,117689.45,Provável,0.72,85158.05,124521.28,Encerrado
PROC-2026-02638,2016-08-23,2017-11-30,464,SP,Cível - Outros,195111.2,Possível,0.34,97555.6,21807.96,Encerrado
PROC-2026-02639,2019-03-05,2019-09-29,208,SP,Cível - Execução,406250.68,Possível,0.4,203125.34,8926.35,Ativo
PROC-2026-02640,2015-02-18,2015-11-15,270,SP,Cível - Outros,453615.11,Possível,0.37,226807.56,16071.19,Encerrado
PROC-2026-02641,2018-11-22,2021-06-09,930,SP,Cível - Execução,126436.07,Provável,0.91,115658.39,32943.35,Encerrado
PROC-2026-02642,2015-01-04,2017-04-23,840,SP,Cível - Outros,327577.52,Provável,0.95,312217.12,18864.81,Ativo
PROC-2026-02643,2019-03-15,2032-08-27,4914,SP,Cível - Execução,295883.39,Possível,0.36,147941.7,218740.24,Ativo
PROC-2026-02644,2019-10-02,2020-02-22,143,SP,Cível - Outros,360112.7,Provável,0.9,324862.66,7696.88,Encerrado
PROC-2026-02645,2017-01-26,2019-03-19,782,SP,Cível - Execução,332628.31,Possível,0.46,166314.16,16555.17,Encerrado
PROC-2026-02646,2018-11-21,2021-02-10,812,SP,Cível - Execução,176618.59,Possível,0.34,88309.3,27863.96,Encerrado
PROC-2026-02647,2017-08-14,2026-07-06,3248,SP,Cível - Execução,80892.34,Possível,0.33,40446.17,154103.31,Encerrado
PROC-2026-02648,2016-03-23,2022-04-21,2220,SP,Cível - Outros,210707.33,Provável,0.74,154871.25,44668.07,Ativo
PROC-2026-02649,2016-12-07,2018-08-23,624,SP,Cível - Execução,233788.84,Possível,0.59,116894.42,32532.99,Ativo
PROC-2026-02650,2016-10-25,2018-09-21,696,SP,Cível - Outros,417301.6,Provável,0.88,365201.99,34589.62,Ativo
PROC-2026-02651,2015-06-29,2016-02-18,234,SP,Cível - Execução,360054.64,Provável,0.91,327550.69,4408.67,Encerrado
PROC-2026-02652,2017-03-17,2019-03-22,735,SP,Cível - Outros,258217.19,Provável,0.71,184382.03,38566.42,Encerrado
PROC-2026-02653,2018-01-22,2018-08-30,220,SP,Cível - Outros,50220.14,Possível,0.4,25110.07,5121.62,Encerrado
PROC-2026-02654,2018-08-24,2022-03-18,1302,SP,Cível - Execução,461106.18,Possível,0.37,230553.09,45517.75,Ativo
PROC-2026-02655,2015-10-29,2019-06-20,1330,SP,Cível - Outros,50904.12,Provável,0.88,44783.07,34771.89,Ativo
PROC-2026-02656,2015-02-11,2037-08-09,8215,SP,Cível - Execução,118978.0,Provável,0.91,108175.61,533385.93,Ativo
PROC-2026-02657,2019-03-10,2021-02-07,700,SP,Cível - Outros,147429.68,Possível,0.32,73714.84,31892.31,Ativo
PROC-2026-02658,2017-03-19,2019-06-02,805,SP,Cível - Outros,188343.37,Provável,0.77,144678.76,51524.04,Encerrado
PROC-2026-02659,2017-05-11,2018-01-06,240,SP,Cível - Execução,477506.95,Possível,0.3,238753.47,13865.72,Encerrado
PROC-2026-02660,2019-11-20,2022-03-05,836,SP,Cível - Outros,91126.52,Provável,0.92,83672.04,21005.89,Ativo
PROC-2026-02661,2017-04-12,2022-10-31,2028,SP,Cível - Outros,69074.26,Possível,0.68,34537.13,91547.39,Ativo
PROC-2026-02662,2018-10-02,2021-04-09,920,SP,Cível - Outros,139398.96,Provável,0.92,127687.94,28525.45,Ativo
PROC-2026-02663,2015-03-02,2016-10-07,585,SP,Cível - Execução,183901.77,Provável,0.73,133545.22,23733.28,Encerrado
PROC-2026-02664,2017-10-08,2019-01-07,456,SP,Cível - Execução,424440.99,Provável,0.81,344245.9,15114.99,Encerrado
PROC-2026-02665,2017-05-18,2019-05-28,740,SP,Cível - Execução,62746.24,Provável,0.86,54225.13,16360.29,Encerrado
PROC-2026-02666,2015-08-04,2016-10-25,448,SP,Cível - Outros,334931.38,Provável,0.98,327004.15,10110.02,Encerrado
PROC-2026-02667,2018-06-25,2019-03-07,255,SP,Cível - Outros,216776.2,Possível,0.46,108388.1,9801.42,Encerrado
PROC-2026-02668,2019-11-02,2022-10-29,1092,SP,Cível - Execução,401028.85,Possível,0.54,200514.42,54903.08,Ativo
PROC-2026-02669,2016-02-23,2019-09-11,1296,SP,Cível - Execução,134074.87,Provável,0.88,117670.91,23160.76,Encerrado
PROC-2026-02670,2016-11-30,2017-05-05,156,SP,Cível - Outros,480707.17,Provável,0.96,463879.05,8458.42,Encerrado
PROC-2026-02671,2019-06-07,2021-12-23,930,SP,Cível - Execução,20802.67,Possível,0.57,10401.34,44542.08,Ativo
PROC-2026-02672,2016-08-24,2019-04-03,952,SP,Cível - Outros,341892.4,Provável,0.92,313585.62,23928.39,Encerrado
PROC-2026-02673,2018-12-21,2020-09-11,630,SP,Cível - Outros,195943.39,Provável,0.73,142539.19,12207.73,Encerrado
PROC-2026-02674,2018-12-26,2019-09-08,256,SP,Cível - Outros,279740.81,Provável,0.99,277821.27,5560.72,Encerrado
PROC-2026-02675,2018-04-17,2020-12-22,980,SP,Cível - Outros,141836.79,Provável,0.95,134733.11,20744.12,Ativo
PROC-2026-02676,2018-02-26,2027-01-10,3240,SP,Cível - Execução,363733.78,Possível,0.49,181866.89,132865.01,Ativo
PROC-2026-02677,2016-08-18,2021-12-14,1944,SP,Cível - Outros,455987.86,Provável,0.97,443728.55,106664.08,Ativo
PROC-2026-02678,2016-11-26,2019-04-20,875,SP,Cível - Outros,383290.88,Provável,0.9,343596.5,49833.54,Ativo
PROC-2026-02679,2017-07-24,2023-12-23,2343,SP,Cível - Outros,111328.92,Provável,0.92,102950.14,54882.37,Encerrado
PROC-2026-02680,2015-10-05,2016-04-14,192,SP,Cível - Outros,173814.73,Possível,0.34,86907.36,4968.52,Ativo
PROC-2026-02681,2018-06-27,2022-11-04,1591,SP,Cível - Execução,494913.05,Possível,0.37,247456.52,86674.55,Encerrado
PROC-2026-02682,2017-06-07,2027-04-05,3589,SP,Cível - Execução,171217.37,Possível,0.45,85608.68,115590.06,Encerrado
PROC-2026-02683,2018-06-23,2023-12-28,2014,SP,Cível - Execução,455051.16,Possível,0.33,227525.58,48894.09,Ativo
PROC-2026-02684,2018-08-06,2023-05-27,1755,SP,Cível - Outros,381086.07,Provável,0.77,292679.39,77929.32,Encerrado
PROC-2026-02685,2016-06-09,2018-04-30,690,SP,Cível - Execução,295968.11,Provável,0.77,227083.1,15528.57,Encerrado
PROC-2026-02686,2017-07-16,2018-08-16,396,SP,Cível - Outros,454538.61,Possível,0.48,227269.3,10642.88,Ativo
PROC-2026-02687,2016-06-12,2018-06-23,741,SP,Cível - Execução,187478.55,Provável,0.77,145244.86,43332.56,Ativo
PROC-2026-02688,2015-10-27,2017-02-03,465,SP,Cível - Outros,129712.99,Possível,0.49,64856.5,9133.5,Encerrado
PROC-2026-02689,2019-04-27,2024-09-27,1980,SP,Cível - Execução,17402.13,Possível,0.48,8701.07,47402.29,Ativo
PROC-2026-02690,2015-04-01,2016-07-12,468,SP,Cível - Outros,241228.05,Possível,0.61,120614.02,11278.54,Encerrado
PROC-2026-02691,2018-07-20,2023-11-21,1950,SP,Cível - Outros,423779.17,Possível,0.62,211889.58,76226.89,Ativo
PROC-2026-02692,2019-12-03,2020-11-07,340,SP,Cível - Execução,191327.96,Provável,0.92,176905.02,12337.34,Ativo
PROC-2026-02693,2017-08-29,2020-11-02,1161,SP,Cível - Indenizatória,449123.83,Provável,0.84,377416.76,26460.95,Encerrado
PROC-2026-02694,2018-08-07,2020-02-18,560,SP,Cível - Execução,222342.12,Possível,0.36,111171.06,28784.51,Ativo
PROC-2026-02695,2018-05-12,2019-10-26,532,SP,Cível - Outros,13206.86,Possível,0.43,6603.43,13198.69,Ativo
PROC-2026-02696,2018-10-25,2023-11-18,1850,SP,Cível - Outros,119807.71,Provável,0.8,96259.47,42097.23,Encerrado
PROC-2026-02697,2015-08-24,2026-02-02,3815,SP,Cível - Execução,20387.71,Provável,0.96,19583.04,64112.0,Encerrado
PROC-2026-02698,2016-03-10,2018-05-17,798,SP,Cível - Execução,275646.67,Possível,0.69,137823.34,45427.36,Ativo
PROC-2026-02699,2019-04-30,2020-03-10,315,SP,Cível - Outros,152504.42,Provável,0.74,112680.69,10334.17,Encerrado
PROC-2026-02700,2017-12-16,2019-04-20,490,SP,Cível - Outros,52350.65,Provável,0.88,45884.83,27602.04,Encerrado
PROC-2026-02701,2018-04-24,2020-07-18,816,SP,Cível - Outros,315962.48,Possível,0.53,157981.24,17673.21,Encerrado
PROC-2026-02702,2015-09-30,2018-08-18,1053,SP,Cível - Execução,144753.3,Possível,0.61,72376.65,61619.15,Encerrado
PROC-2026-02703,2018-03-04,2020-06-06,825,SP,Cível - Execução,312774.0,Possível,0.54,156387.0,36285.96,Encerrado
PROC-2026-02704,2017-05-09,2019-05-05,726,SP,Cível - Outros,363725.93,Provável,0.75,273085.22,42512.51,Ativo
PROC-2026-02705,2019-10-08,2023-12-06,1520,SP,Cível - Execução,287502.35,Possível,0.51,143751.17,67136.55,Ativo
PROC-2026-02706,2015-07-25,2016-06-11,322,SP,Cível - Outros,403163.58,Possível,0.65,201581.79,8828.48,Encerrado
PROC-2026-02707,2015-03-11,2017-01-21,682,SP,Cível - Execução,138456.22,Possível,0.55,69228.11,15453.76,Ativo
PROC-2026-02708,2016-06-24,2021-01-13,1664,SP,Cível - Execução,9284.87,Provável,0.91,8465.31,92164.52,Ativo
PROC-2026-02709,2018-12-18,2019-11-23,340,SP,Cível - Outros,183859.04,Possível,0.69,91929.52,20951.05,Encerrado
PROC-2026-02710,2017-08-31,2020-05-11,984,SP,Cível - Outros,177588.79,Provável,0.95,168888.08,36862.06,Encerrado
PROC-2026-02711,2019-11-05,2026-08-24,2484,SP,Cível - Execução,453662.29,Provável,0.95,432059.28,118744.56,Encerrado
PROC-2026-02712,2018-08-16,2020-03-13,575,SP,Cível - Execução,484190.07,Possível,0.67,242095.03,26398.42,Encerrado
PROC-2026-02713,2016-06-09,2018-01-30,600,SP,Cível - Outros,127457.56,Possível,0.67,63728.78,16593.81,Ativo
PROC-2026-02714,2017-01-10,2017-10-03,266,SP,Cível - Execução,346709.03,Possível,0.32,173354.52,6200.39,Ativo
PROC-2026-02715,2015-10-01,2022-05-11,2414,SP,Cível - Indenizatória,321882.51,Provável,0.78,251324.7,77456.19,Ativo
PROC-2026-02716,2015-03-15,2019-03-26,1472,SP,Cível - Outros,428133.69,Provável,0.71,304500.91,54542.39,Ativo
PROC-2026-02717,2016-05-07,2019-03-18,1045,SP,Cível - Execução,212133.46,Provável,0.8,169141.07,59833.51,Encerrado
PROC-2026-02718,2016-09-21,2024-07-11,2850,SP,Cível - Execução,371314.34,Provável,0.73,271809.15,107303.52,Ativo
PROC-2026-02719,2018-03-03,2019-07-08,492,SP,Cível - Execução,9786.33,Provável,0.99,9696.01,31984.28,Ativo
PROC-2026-02720,2017-09-05,2021-12-13,1560,SP,Cível - Execução,345082.21,Provável,0.93,321262.46,58873.42,Encerrado
PROC-2026-02721,2018-12-29,2020-04-26,484,SP,Cível - Execução,369105.54,Possível,0.67,184552.77,31961.86,Ativo
PROC-2026-02722,2018-03-26,2028-12-25,3927,SP,Cível - Execução,131644.32,Possível,0.34,65822.16,125033.25,Ativo
PROC-2026-02723,2015-04-16,2018-07-19,1190,SP,Cível - Outros,70485.28,Provável,0.99,69727.06,29463.63,Ativo
PROC-2026-02724,2015-07-16,2018-03-22,980,SP,Cível - Outros,335755.6,Provável,0.98,328343.54,45844.26,Encerrado
PROC-2026-02725,2015-04-25,2016-10-31,555,SP,Cível - Execução,279233.79,Provável,0.75,210775.06,33412.18,Encerrado
PROC-2026-02726,2018-05-17,2022-03-12,1395,SP,Cível - Execução,161498.54,Possível,0.67,80749.27,35998.58,Encerrado
PROC-2026-02727,2016-08-20,2021-04-26,1710,SP,Cível - Outros,138529.15,Provável,0.74,101883.7,85228.48,Encerrado
PROC-2026-02728,2015-09-04,2017-02-25,540,SP,Cível - Execução,238709.36,Possível,0.47,119354.68,27342.75,Ativo
PROC-2026-02729,2018-01-14,2018-12-31,351,SP,Cível - Execução,410819.21,Possível,0.51,205409.61,16725.3,Encerrado
PROC-2026-02730,2016-06-09,2020-09-06,1550,SP,Cível - Outros,295844.08,Provável,0.88,259139.48,62673.33,Ativo
PROC-2026-02731,2018-01-20,2020-02-11,752,SP,Cível - Outros,172493.55,Provável,0.92,158629.67,20839.92,Encerrado
PROC-2026-02732,2018-10-03,2024-10-16,2205,SP,Cível - Outros,237415.98,Provável,0.92,219228.7,138101.24,Ativo
PROC-2026-02733,2019-05-13,2023-03-08,1395,SP,Cível - Outros,136824.7,Provável,0.82,111583.16,30717.94,Encerrado
PROC-2026-02734,2019-03-11,2020-06-08,455,SP,Cível - Outros,137091.82,Possível,0.5,68545.91,11944.32,Encerrado
PROC-2026-02735,2018-02-27,2019-10-29,609,SP,Cível - Execução,421707.47,Possível,0.4,210853.74,18392.83,Ativo
PROC-2026-02736,2016-04-02,2017-07-02,456,SP,Cível - Outros,405936.06,Provável,0.71,286282.88,20905.06,Encerrado
PROC-2026-02737,2017-10-01,2019-10-21,750,SP,Cível - Execução,436557.13,Possível,0.53,218278.57,18817.37,Ativo
PROC-2026-02738,2015-06-09,2016-05-04,330,SP,Cível - Outros,382171.29,Possível,0.46,191085.64,19160.63,Encerrado
PROC-2026-02739,2016-10-15,2018-12-22,798,SP,Cível - Execução,472304.91,Possível,0.55,236152.45,33197.79,Ativo
PROC-2026-02740,2016-05-10,2017-09-05,483,SP,Cível - Execução,220081.76,Provável,0.86,188710.69,22837.33,Encerrado
PROC-2026-02741,2018-08-29,2021-02-24,910,SP,Cível - Outros,97156.74,Provável,0.75,72620.56,33654.6,Ativo
PROC-2026-02742,2018-07-05,2022-06-02,1428,SP,Cível - Execução,175549.86,Possível,0.54,87774.93,35935.56,Ativo
PROC-2026-02743,2019-04-04,2020-12-14,620,SP,Cível - Outros,336168.25,Provável,0.98,329329.72,35389.99,Ativo
PROC-2026-02744,2015-10-24,2023-02-17,2673,SP,Cível - Outros,180307.74,Provável,0.88,159143.13,91268.88,Ativo
PROC-2026-02745,2018-03-17,2023-11-26,2080,SP,Cível - Outros,187238.15,Provável,0.91,170129.18,41987.28,Ativo
PROC-2026-02746,2019-09-15,2029-03-24,3478,SP,Cível - Execução,393435.9,Provável,0.85,335564.86,190438.71,Ativo
PROC-2026-02747,2017-06-01,2019-01-11,589,SP,Cível - Outros,214503.55,Provável,1.0,213870.59,21648.55,Ativo
PROC-2026-02748,2018-11-23,2022-10-19,1426,SP,Cível - Outros,420611.9,Provável,0.98,411647.13,91085.32,Ativo
PROC-2026-02749,2017-04-20,2018-12-19,608,SP,Cível - Indenizatória,231658.12,Provável,0.95,220252.31,36303.83,Ativo
PROC-2026-02750,2015-01-18,2019-05-18,1581,SP,Cível - Execução,488449.71,Provável,0.72,352139.3,91174.88,Ativo
PROC-2026-02751,2016-10-11,2017-04-29,200,SP,Cível - Outros,388190.33,Possível,0.59,194095.17,3932.34,Encerrado
PROC-2026-02752,2017-12-31,2018-06-17,168,SP,Cível - Outros,101770.04,Possível,0.66,50885.02,6552.37,Encerrado
PROC-2026-02753,2018-03-09,2023-09-15,2016,SP,Cível - Outros,161853.85,Provável,0.8,129499.53,37024.85,Ativo
PROC-2026-02754,2018-02-17,2022-12-21,1768,SP,Cível - Outros,329806.83,Provável,0.92,304210.88,71008.62,Encerrado
PROC-2026-02755,2017-01-30,2023-10-15,2449,SP,Cível - Execução,450489.93,Provável,1.0,448872.96,152307.75,Encerrado
PROC-2026-02756,2015-09-12,2018-01-17,858,SP,Cível - Outros,291768.3,Provável,0.83,241569.91,49465.21,Ativo
PROC-2026-02757,2016-09-27,2018-01-24,484,SP,Cível - Outros,36014.36,Possível,0.38,18007.18,20303.45,Ativo
PROC-2026-02758,2018-09-22,2020-08-02,680,SP,Cível - Outros,392231.56,Possível,0.47,196115.78,18733.38,Ativo
PROC-2026-02759,2016-04-11,2018-01-31,660,SP,Cível - Outros,279784.69,Provável,0.81,226581.31,42428.77,Encerrado
PROC-2026-02760,2018-08-09,2020-10-17,800,SP,Cível - Outros,335236.69,Provável,0.92,308868.72,25880.05,Ativo
PROC-2026-02761,2018-11-03,2020-02-19,473,SP,Cível - Outros,389649.84,Possível,0.61,194824.92,9388.03,Encerrado
PROC-2026-02762,2019-07-21,2020-12-20,518,SP,Cível - Outros,320158.11,Possível,0.39,160079.06,33103.12,Encerrado
PROC-2026-02763,2017-09-20,2021-05-02,1320,SP,Cível - Outros,230237.74,Possível,0.44,115118.87,59982.44,Ativo
PROC-2026-02764,2018-07-25,2022-01-05,1260,SP,Cível - Outros,213547.17,Provável,0.88,187563.26,49359.77,Ativo
PROC-2026-02765,2017-12-29,2021-08-16,1326,SP,Cível - Execução,342962.17,Possível,0.46,171481.09,36667.29,Ativo
PROC-2026-02766,2018-01-29,2019-03-15,410,SP,Cível - Execução,121620.97,Possível,0.37,60810.48,7382.91,Ativo
PROC-2026-02767,2019-01-16,2022-08-20,1312,SP,Cível - Execução,173690.14,Provável,0.86,148647.01,86047.47,Ativo
PROC-2026-02768,2019-08-04,2024-09-18,1872,SP,Cível - Execução,268742.66,Provável,0.7,189278.88,51479.99,Ativo
PROC-2026-02769,2018-07-04,2022-12-02,1612,SP,Cível - Execução,63011.06,Provável,0.73,45804.85,85049.79,Ativo
PROC-2026-02770,2016-03-11,2021-05-14,1890,SP,Cível - Execução,171552.67,Possível,0.57,85776.34,43787.69,Ativo
PROC-2026-02771,2016-02-10,2016-11-24,288,SP,Cível - Execução,435282.69,Possível,0.5,217641.35,16323.43,Encerrado
PROC-2026-02772,2019-10-12,2024-04-08,1640,SP,Cível - Execução,440722.82,Possível,0.3,220361.41,30006.54,Ativo
PROC-2026-02773,2017-11-10,2018-12-21,406,SP,Cível - Outros,412207.32,Provável,0.89,365280.72,23654.18,Encerrado
PROC-2026-02774,2015-01-16,2017-12-31,1080,SP,Cível - Outros,236750.63,Possível,0.64,118375.32,51422.47,Ativo
PROC-2026-02775,2016-10-19,2018-03-10,507,SP,Cível - Outros,98321.42,Provável,0.7,69181.28,14937.63,Encerrado
PROC-2026-02776,2019-07-15,2019-12-06,144,SP,Cível - Outros,239594.79,Possível,0.55,119797.4,7638.03,Encerrado
PROC-2026-02777,2018-04-07,2022-04-21,1475,SP,Cível - Execução,173020.46,Possível,0.47,86510.23,46968.78,Ativo
PROC-2026-02778,2019-09-27,2024-05-03,1680,SP,Cível - Execução,416390.23,Possível,0.53,208195.12,98025.72,Ativo
PROC-2026-02779,2016-09-12,2017-10-23,406,SP,Trabalhista,125977.56,Provável,0.82,103885.13,7918.19,Encerrado
PROC-2026-02780,2015-07-28,2017-03-11,592,SP,Cível - Execução,339378.02,Possível,0.66,169689.01,20473.64,Ativo
PROC-2026-02781,2017-11-22,2023-01-26,1891,SP,Cível - Execução,91787.94,Possível,0.53,45893.97,64877.58,Ativo
PROC-2026-02782,2016-10-12,2019-11-06,1120,SP,Cível - Outros,26429.7,Provável,0.95,25180.81,61094.17,Ativo
PROC-2026-02783,2015-12-04,2016-04-12,130,SP,Cível - Outros,278605.39,Possível,0.68,139302.7,6530.86,Encerrado
PROC-2026-02784,2019-04-09,2024-08-04,1944,SP,Cível - Outros,96433.34,Provável,0.94,90721.88,89723.49,Encerrado
PROC-2026-02785,2017-12-31,2019-11-11,680,SP,Cível - Outros,149047.47,Provável,0.75,111228.21,39063.77,Encerrado
PROC-2026-02786,2017-01-05,2020-05-13,1224,SP,Cível - Execução,379383.67,Provável,0.84,319155.21,36362.7,Encerrado
PROC-2026-02787,2018-10-25,2021-08-04,1014,SP,Cível - Execução,197665.7,Provável,0.94,185605.9,47459.31,Encerrado
PROC-2026-02788,2019-06-24,2022-06-13,1085,SP,Cível - Outros,286944.7,Provável,0.94,268912.45,57448.71,Ativo
PROC-2026-02789,2018-03-01,2021-01-08,1044,SP,Cível - Outros,206990.73,Provável,0.96,199105.57,24898.16,Ativo
PROC-2026-02790,2015-07-27,2017-04-14,627,SP,Cível - Outros,367200.36,Possível,0.42,183600.18,33390.07,Ativo
PROC-2026-02791,2018-01-28,2021-06-13,1232,SP,Cível - Outros,396039.08,Provável,0.89,354414.2,34012.15,Encerrado
PROC-2026-02792,2017-12-28,2020-06-25,910,SP,Cível - Execução,273617.05,Provável,0.92,252742.33,27577.22,Encerrado
PROC-2026-02793,2018-04-28,2019-11-27,578,SP,Cível - Outros,330125.54,Possível,0.42,165062.77,16761.52,Ativo
PROC-2026-02794,2017-02-21,2018-02-13,357,SP,Cível - Outros,63300.45,Possível,0.39,31650.23,21562.21,Encerrado
PROC-2026-02795,2016-05-08,2019-05-02,1089,SP,Cível - Indenizatória,72815.55,Provável,0.71,51824.65,57037.0,Encerrado
PROC-2026-02796,2016-05-13,2021-04-17,1800,SP,Cível - Outros,356333.25,Possível,0.65,178166.63,73538.85,Ativo
PROC-2026-02797,2019-05-11,2030-01-07,3894,SP,Cível - Outros,357289.76,Provável,0.89,316265.22,68917.1,Encerrado
PROC-2026-02798,2018-11-16,2027-12-24,3325,SP,Cível - Execução,318686.72,Possível,0.44,159343.36,75549.6,Ativo
PROC-2026-02799,2017-02-18,2018-07-13,510,SP,Cível - Outros,460293.22,Possível,0.37,230146.61,27793.03,Encerrado
PROC-2026-02800,2019-07-11,2020-10-08,455,SP,Cível - Outros,447194.83,Provável,0.8,358422.96,20170.88,Encerrado
PROC-2026-02801,2016-08-27,2017-06-11,288,SP,Cível - Outros,83617.11,Possível,0.38,41808.55,9487.98,Encerrado
PROC-2026-02802,2017-10-30,2023-08-09,2109,SP,Cível - Execução,177588.55,Provável,0.86,152986.58,89711.19,Ativo
PROC-2026-02803,2015-10-22,2018-01-19,820,SP,Cível - Execução,300204.05,Provável,0.75,226541.32,28603.69,Encerrado
PROC-2026-02804,2017-05-18,2021-05-09,1452,SP,Cível - Outros,406563.53,Provável,0.95,386883.02,54494.39,Ativo
PROC-2026-02805,2017-05-16,2028-11-30,4216,SP,Cível - Execução,135413.24,Provável,0.79,106596.93,261476.95,Encerrado
PROC-2026-02806,2018-02-07,2025-02-05,2555,SP,Cível - Indenizatória,365215.19,Provável,0.89,326055.02,97551.8,Encerrado
PROC-2026-02807,2019-08-14,2022-05-25,1015,SP,Cível - Outros,89997.11,Provável,0.75,67839.05,62751.18,Ativo
PROC-2026-02808,2015-09-30,2016-08-25,330,SP,Cível - Execução,229945.35,Provável,0.98,224805.25,15283.7,Encerrado
PROC-2026-02809,2019-01-08,2024-12-22,2175,SP,Cível - Indenizatória,391733.54,Provável,0.72,282324.61,104964.33,Encerrado
PROC-2026-02810,2017-09-04,2023-09-14,2201,SP,Cível - Execução,57072.57,Possível,0.32,28536.28,108076.21,Encerrado
PROC-2026-02811,2015-12-02,2018-04-24,874,SP,Cível - Execução,214739.42,Provável,0.92,198399.15,28193.11,Encerrado
PROC-2026-02812,2016-08-23,2017-12-12,476,SP,Cível - Execução,479435.34,Possível,0.35,239717.67,11088.2,Encerrado
PROC-2026-02813,2016-11-19,2020-06-03,1292,SP,Cível - Outros,439005.26,Provável,0.99,433595.17,60716.21,Encerrado
PROC-2026-02814,2016-05-26,2019-06-05,1105,SP,Cível - Execução,234702.72,Provável,0.86,201221.43,50307.32,Ativo
PROC-2026-02815,2015-09-22,2026-12-02,4089,SP,Cível - Execução,116316.28,Provável,0.93,108514.53,229021.03,Encerrado
PROC-2026-02816,2015-01-31,2016-12-15,684,SP,Cível - Outros,351180.49,Possível,0.33,175590.24,22387.44,Ativo
PROC-2026-02817,2019-03-09,2021-06-14,828,SP,Cível - Execução,332781.56,Provável,0.88,294236.8,27164.15,Encerrado
PROC-2026-02818,2017-01-27,2019-02-07,741,SP,Cível - Outros,418037.01,Possível,0.67,209018.5,13839.4,Encerrado
PROC-2026-02819,2016-12-20,2017-11-05,320,SP,Cível - Outros,67450.08,Provável,0.98,66319.56,15771.86,Encerrado
PROC-2026-02820,2015-05-22,2022-03-22,2496,SP,Cível - Outros,305914.5,Possível,0.52,152957.25,98676.0,Ativo
PROC-2026-02821,2018-08-17,2020-08-27,741,SP,Cível - Execução,44386.81,Provável,0.93,41301.08,20895.88,Encerrado
PROC-2026-02822,2015-10-28,2022-10-21,2550,SP,Cível - Outros,443424.8,Possível,0.4,221712.4,150007.81,Ativo
PROC-2026-02823,2018-11-01,2022-11-10,1470,SP,Cível - Outros,16939.26,Possível,0.32,8469.63,26305.4,Ativo
PROC-2026-02824,2016-11-30,2019-02-22,814,SP,Cível - Outros,26173.83,Provável,0.79,20750.09,47446.11,Encerrado
PROC-2026-02825,2017-12-13,2018-09-03,264,SP,Cível - Outros,444691.12,Possível,0.54,222345.56,8872.65,Encerrado
PROC-2026-02826,2015-11-27,2020-05-08,1624,SP,Cível - Execução,329697.19,Possível,0.59,164848.59,61292.57,Encerrado
PROC-2026-02827,2015-03-01,2016-07-20,507,SP,Cível - Outros,326829.69,Possível,0.37,163414.85,12933.45,Encerrado
PROC-2026-02828,2016-03-29,2025-12-02,3535,SP,Cível - Outros,185583.66,Provável,0.87,161184.04,166271.17,Ativo
PROC-2026-02829,2015-05-06,2015-09-23,140,SP,Cível - Outros,284172.93,Possível,0.53,142086.46,2755.49,Ativo
PROC-2026-02830,2016-07-19,2017-01-03,168,SP,Cível - Outros,82091.99,Possível,0.54,41046.0,11157.34,Encerrado
PROC-2026-02831,2015-07-12,2016-02-07,210,SP,Cível - Execução,433697.85,Possível,0.59,216848.93,6733.58,Encerrado
PROC-2026-02832,2019-08-05,2028-02-03,3104,SP,Cível - Execução,198455.14,Provável,0.77,152329.56,178343.14,Encerrado
PROC-2026-02833,2016-04-19,2020-12-24,1710,SP,Cível - Outros,459329.26,Possível,0.37,229664.63,33947.27,Encerrado
PROC-2026-02834,2018-05-26,2021-05-10,1080,SP,Cível - Outros,75473.28,Provável,0.91,69047.91,30885.41,Ativo
PROC-2026-02835,2017-08-10,2019-07-31,720,SP,Cível - Execução,340169.57,Possível,0.5,170084.78,20892.65,Encerrado
PROC-2026-02836,2016-05-16,2020-11-16,1645,SP,Cível - Execução,53289.79,Provável,0.81,43084.17,48251.35,Encerrado
PROC-2026-02837,2017-09-13,2018-06-12,272,SP,Cível - Outros,248088.59,Possível,0.41,124044.29,13711.09,Ativo
PROC-2026-02838,2017-05-16,2018-08-21,462,SP,Cível - Outros,235538.58,Provável,0.91,213959.8,30259.43,Encerrado
PROC-2026-02839,2016-07-16,2018-03-24,616,SP,Cível - Outros,35343.51,Possível,0.35,17671.76,16458.06,Encerrado
PROC-2026-02840,2018-07-03,2035-02-20,6076,SP,Cível - Execução,309058.08,Provável,0.84,259344.68,367781.44,Ativo
PROC-2026-02841,2019-08-01,2029-01-18,3458,SP,Cível - Execução,461007.93,Provável,0.99,457155.77,221109.19,Encerrado
PROC-2026-02842,2015-09-04,2018-09-30,1122,SP,Cível - Execução,124935.42,Possível,0.53,62467.71,42280.78,Ativo
PROC-2026-02843,2015-04-23,2019-01-17,1365,SP,Cível - Outros,496251.58,Provável,0.96,477789.67,60834.07,Encerrado
PROC-2026-02844,2016-08-18,2018-02-24,555,SP,Cível - Execução,79393.17,Possível,0.62,39696.58,14214.55,Encerrado
PROC-2026-02845,2019-10-22,2021-04-04,530,SP,Cível - Execução,221752.62,Provável,0.75,165546.19,32265.07,Encerrado
PROC-2026-02846,2017-12-02,2019-07-01,576,SP,Cível - Outros,183591.1,Possível,0.44,91795.55,38273.92,Encerrado
PROC-2026-02847,2019-03-25,2021-09-28,918,SP,Cível - Execução,123810.37,Provável,0.7,86752.86,15515.99,Encerrado
PROC-2026-02848,2017-07-03,2019-06-03,700,SP,Cível - Outros,219210.88,Provável,0.76,166967.57,25131.81,Encerrado
PROC-2026-02849,2019-06-30,2021-04-10,650,SP,Cível - Execução,308771.92,Provável,0.81,250143.57,25655.76,Encerrado
PROC-2026-02850,2018-07-21,2019-09-29,435,SP,Cível - Execução,490249.45,Possível,0.59,245124.72,26056.56,Encerrado
PROC-2026-02851,2019-04-25,2027-10-14,3094,SP,Cível - Execução,333400.18,Provável,0.74,247848.04,59921.54,Encerrado
PROC-2026-02852,2016-04-12,2027-08-23,4150,SP,Cível - Execução,94372.6,Provável,0.78,73590.27,227816.47,Encerrado
PROC-2026-02853,2018-07-25,2026-12-18,3068,SP,Cível - Outros,202754.24,Provável,0.89,180398.81,52842.82,Ativo
PROC-2026-02854,2017-10-04,2025-06-04,2800,SP,Cível - Execução,392595.07,Possível,0.61,196297.53,118555.97,Ativo
PROC-2026-02855,2019-01-27,2024-07-07,1988,SP,Cível - Execução,205926.45,Provável,0.8,164642.33,111569.74,Encerrado
PROC-2026-02856,2019-11-19,2026-07-17,2432,SP,Cível - Execução,97571.86,Possível,0.47,48785.93,141010.88,Ativo
PROC-2026-02857,2019-09-12,2023-01-18,1224,SP,Cível - Execução,441861.27,Provável,0.87,383575.64,57492.9,Ativo
PROC-2026-02858,2016-06-18,2019-02-11,968,SP,Cível - Outros,153997.14,Provável,0.99,152698.56,35470.21,Encerrado
PROC-2026-02859,2017-05-12,2019-08-09,819,SP,Cível - Execução,263638.44,Possível,0.57,131819.22,14825.3,Encerrado
PROC-2026-02860,2018-03-05,2018-06-21,108,SP,Cível - Execução,178816.07,Possível,0.44,89408.03,5552.59,Encerrado
PROC-2026-02861,2016-11-29,2018-02-12,440,SP,Cível - Execução,385627.44,Provável,0.81,311109.05,18012.36,Encerrado
PROC-2026-02862,2018-07-17,2023-06-23,1802,SP,Cível - Outros,86144.35,Provável,0.77,66015.13,98899.34,Ativo
PROC-2026-02863,2016-06-11,2019-06-04,1088,SP,Cível - Execução,290075.86,Possível,0.39,145037.93,61590.97,Ativo
PROC-2026-02864,2019-04-17,2023-01-24,1378,SP,Cível - Execução,243955.37,Provável,0.74,180739.24,29381.83,Ativo
PROC-2026-02865,2018-02-27,2020-12-13,1020,SP,Cível - Execução,33609.21,Possível,0.68,16804.61,51547.27,Encerrado
PROC-2026-02866,2017-11-08,2018-12-09,396,SP,Cível - Execução,106292.11,Possível,0.49,53146.06,13631.55,Ativo
PROC-2026-02867,2015-04-21,2016-09-09,507,SP,Cível - Outros,379550.18,Provável,0.82,311701.13,23132.76,Encerrado
PROC-2026-02868,2015-11-25,2016-10-26,336,SP,Cível - Outros,308463.35,Possível,0.43,154231.67,6134.41,Encerrado
PROC-2026-02869,2017-01-15,2017-08-01,198,SP,Cível - Outros,358075.93,Possível,0.31,179037.96,10265.82,Encerrado
PROC-2026-02870,2015-09-16,2018-07-19,1037,SP,Cível - Execução,208308.99,Possível,0.31,104154.49,40329.82,Ativo
PROC-2026-02871,2015-12-29,2018-06-07,891,SP,Cível - Outros,66268.77,Provável,0.75,49486.02,58064.17,Encerrado
PROC-2026-02872,2017-12-06,2024-09-24,2484,SP,Cível - Execução,48319.66,Provável,0.89,42970.55,119747.93,Ativo
PROC-2026-02873,2016-02-04,2019-06-08,1220,SP,Cível - Execução,288275.96,Provável,0.85,245434.94,59993.6,Encerrado
PROC-2026-02874,2018-06-22,2021-06-28,1102,SP,Cível - Outros,371678.06,Possível,0.46,185839.03,29024.63,Ativo
PROC-2026-02875,2017-03-07,2020-12-16,1380,SP,Cível - Execução,19211.65,Provável,0.94,18009.24,76764.03,Encerrado
PROC-2026-02876,2015-06-19,2020-11-19,1980,SP,Cível - Execução,26913.97,Provável,0.78,20942.8,40354.01,Ativo
PROC-2026-02877,2017-12-01,2018-10-20,323,SP,Cível - Outros,223876.94,Provável,0.87,195132.65,8977.91,Encerrado
PROC-2026-02878,2019-02-04,2019-12-13,312,SP,Cível - Execução,317414.69,Possível,0.43,158707.35,10588.54,Encerrado
PROC-2026-02879,2015-03-11,2018-10-27,1326,SP,Cível - Execução,119604.37,Possível,0.56,59802.18,41722.06,Encerrado
PROC-2026-02880,2019-07-14,2021-04-30,656,SP,Cível - Outros,355099.82,Provável,0.74,262721.85,14641.52,Encerrado
PROC-2026-02881,2018-02-22,2028-07-27,3808,SP,Cível - Execução,447110.67,Possível,0.44,223555.33,210163.56,Ativo
PROC-2026-02882,2017-02-12,2021-04-28,1536,SP,Cível - Outros,18904.38,Provável,0.75,14108.61,57472.33,Ativo
PROC-2026-02883,2016-03-20,2019-05-16,1152,SP,Cível - Execução,398822.23,Possível,0.36,199411.12,75067.96,Encerrado
PROC-2026-02884,2017-07-10,2019-09-02,784,SP,Cível - Outros,293809.96,Provável,0.73,213551.73,17990.27,Encerrado
PROC-2026-02885,2018-04-13,2018-09-10,150,SP,Cível - Outros,154919.08,Provável,0.97,150226.97,6822.23,Ativo
PROC-2026-02886,2016-09-09,2019-03-23,925,SP,Cível - Indenizatória,311061.73,Provável,0.8,249165.29,53888.45,Encerrado
PROC-2026-02887,2015-02-13,2017-02-17,735,SP,Cível - Execução,471617.11,Provável,0.76,357742.59,24769.46,Ativo
PROC-2026-02888,2018-02-05,2021-06-07,1218,SP,Cível - Execução,395281.44,Possível,0.41,197640.72,34593.97,Encerrado
PROC-2026-02889,2019-11-23,2027-11-27,2926,SP,Cível - Outros,20283.53,Possível,0.44,10141.76,133887.2,Ativo
PROC-2026-02890,2016-12-08,2018-05-02,510,SP,Cível - Outros,64851.91,Possível,0.5,32425.95,33067.15,Encerrado
PROC-2026-02891,2019-06-18,2022-04-07,1024,SP,Cível - Outros,405822.38,Provável,0.71,287285.18,32507.06,Encerrado
PROC-2026-02892,2018-06-12,2018-11-19,160,SP,Cível - Execução,100980.87,Possível,0.41,50490.43,10515.59,Ativo
PROC-2026-02893,2018-08-19,2033-10-04,5525,SP,Cível - Execução,211914.13,Possível,0.54,105957.06,115427.34,Ativo
PROC-2026-02894,2015-08-10,2019-11-21,1564,SP,Cível - Outros,295671.48,Provável,0.9,265553.38,42405.31,Ativo
PROC-2026-02895,2016-03-13,2019-08-29,1264,SP,Cível - Execução,113967.97,Provável,0.87,98998.1,73072.47,Encerrado
PROC-2026-02896,2019-03-20,2022-06-02,1170,SP,Cível - Outros,335825.32,Possível,0.48,167912.66,22732.57,Encerrado
PROC-2026-02897,2016-10-27,2019-07-14,990,SP,Cível - Outros,347153.7,Provável,0.97,335637.53,42319.79,Encerrado
PROC-2026-02898,2019-03-22,2020-07-14,480,SP,Cível - Outros,231614.92,Provável,0.78,180782.32,27621.25,Ativo
PROC-2026-02899,2018-11-19,2024-07-30,2080,SP,Cível - Indenizatória,289492.31,Provável,0.76,219544.74,65155.97,Encerrado
PROC-2026-02900,2019-06-15,2026-02-10,2432,SP,Cível - Execução,19744.96,Provável,0.92,18082.12,107320.21,Encerrado
PROC-2026-02901,2016-04-06,2026-05-10,3686,SP,Cível - Execução,250160.32,Provável,0.96,240334.56,195144.7,Encerrado
PROC-2026-02902,2015-09-02,2018-05-17,988,SP,Cível - Outros,306699.13,Provável,0.92,282123.27,32510.63,Encerrado
PROC-2026-02903,2016-11-03,2018-12-11,768,SP,Cível - Execução,72694.84,Provável,0.84,61130.16,32562.88,Ativo
PROC-2026-02904,2017-07-13,2025-05-01,2849,SP,Cível - Execução,388149.61,Possível,0.67,194074.81,77420.69,Ativo
PROC-2026-02905,2017-12-11,2023-08-16,2074,SP,Cível - Outros,277216.91,Provável,0.97,267805.77,35404.29,Ativo
PROC-2026-02906,2019-07-07,2022-05-08,1036,SP,Cível - Outros,279400.26,Provável,0.7,196314.76,68772.17,Encerrado
PROC-2026-02907,2015-12-11,2021-04-13,1950,SP,Cível - Execução,36195.34,Provável,0.9,32424.45,105021.35,Ativo
PROC-2026-02908,2016-11-15,2022-03-07,1938,SP,Cível - Outros,302522.57,Possível,0.65,151261.29,38026.14,Ativo
PROC-2026-02909,2018-04-10,2024-02-24,2146,SP,Cível - Execução,351074.13,Provável,0.75,263635.11,98239.32,Encerrado
PROC-2026-02910,2016-03-11,2017-04-06,391,SP,Cível - Outros,153372.66,Possível,0.47,76686.33,19987.36,Encerrado
PROC-2026-02911,2018-01-27,2019-09-30,611,SP,Cível - Outros,422282.25,Provável,0.98,413799.27,11906.94,Encerrado
PROC-2026-02912,2015-05-04,2016-05-12,374,SP,Cível - Execução,107570.53,Possível,0.65,53785.26,19594.34,Ativo
PROC-2026-02913,2015-10-05,2019-07-16,1380,SP,Cível - Execução,200148.5,Possível,0.66,100074.25,36963.21,Ativo
PROC-2026-02914,2018-04-03,2045-09-20,10032,SP,Cível - Outros,141401.82,Possível,0.59,70700.91,482396.74,Ativo
PROC-2026-02915,2017-03-25,2017-11-20,240,SP,Cível - Outros,331624.26,Provável,0.94,310964.56,7940.74,Encerrado
PROC-2026-02916,2016-12-01,2021-08-05,1708,SP,Cível - Execução,114205.35,Provável,0.93,106182.81,55339.04,Ativo
PROC-2026-02917,2019-01-21,2020-09-24,612,SP,Cível - Outros,357240.61,Possível,0.53,178620.31,13618.09,Encerrado
PROC-2026-02918,2017-10-20,2023-06-25,2074,SP,Cível - Outros,442352.22,Provável,0.84,371355.11,77154.39,Encerrado
PROC-2026-02919,2016-04-01,2017-01-02,276,SP,Cível - Execução,85008.26,Provável,0.8,67939.37,10249.57,Ativo
PROC-2026-02920,2015-04-09,2017-04-26,748,SP,Cível - Outros,251570.75,Possível,0.6,125785.38,27058.23,Encerrado
PROC-2026-02921,2016-03-13,2017-02-28,352,SP,Cível - Indenizatória,178523.96,Provável,0.88,156407.69,12284.36,Encerrado
PROC-2026-02922,2018-07-01,2026-01-14,2754,SP,Cível - Outros,62458.0,Possível,0.52,31229.0,161181.63,Ativo
PROC-2026-02923,2019-01-31,2021-09-03,946,SP,Cível - Outros,103048.14,Provável,0.94,97269.87,39523.09,Encerrado
PROC-2026-02924,2018-04-09,2019-11-10,580,SP,Cível - Outros,93718.32,Possível,0.47,46859.16,15194.18,Encerrado
PROC-2026-02925,2016-04-08,2016-10-05,180,SP,Cível - Outros,91016.29,Possível,0.57,45508.15,8964.52,Encerrado
PROC-2026-02926,2019-07-19,2023-05-23,1404,SP,Cível - Execução,400989.47,Possível,0.59,200494.73,71294.74,Encerrado
PROC-2026-02927,2017-06-18,2023-03-19,2100,SP,Cível - Execução,58041.34,Provável,0.95,55046.47,92465.78,Ativo
PROC-2026-02928,2017-06-05,2019-09-23,840,SP,Cível - Execução,467175.59,Provável,0.95,444063.5,19731.81,Encerrado
PROC-2026-02929,2019-04-24,2019-11-02,192,SP,Cível - Outros,20011.17,Possível,0.48,10005.58,6582.53,Ativo
PROC-2026-02930,2018-05-20,2024-05-18,2190,SP,Cível - Execução,337729.13,Provável,0.94,317534.83,67874.99,Ativo
PROC-2026-02931,2017-12-16,2021-09-15,1369,SP,Cível - Outros,93519.58,Provável,0.99,92615.56,37745.32,Encerrado
PROC-2026-02932,2018-08-02,2022-12-15,1596,SP,Cível - Execução,374306.15,Provável,0.99,371081.55,87225.23,Encerrado
PROC-2026-02933,2015-03-16,2019-10-15,1674,SP,Cível - Outros,487076.2,Provável,0.84,410754.35,51898.86,Encerrado
PROC-2026-02934,2018-07-24,2022-02-24,1311,SP,Cível - Execução,482281.19,Provável,0.98,470803.61,36632.01,Encerrado
PROC-2026-02935,2015-10-02,2017-03-13,528,SP,Cível - Execução,256785.86,Possível,0.38,128392.93,33251.38,Ativo
PROC-2026-02936,2017-08-28,2023-04-11,2052,SP,Cível - Outros,471934.12,Possível,0.64,235967.06,95170.91,Encerrado
PROC-2026-02937,2019-04-24,2023-03-01,1407,SP,Cível - Execução,396441.43,Provável,0.93,369861.23,75957.25,Ativo
PROC-2026-02938,2019-07-24,2026-04-06,2448,SP,Cível - Execução,43801.82,Possível,0.49,21900.91,111372.43,Encerrado
PROC-2026-02939,2016-12-01,2020-10-04,1403,SP,Cível - Execução,453327.9,Possível,0.56,226663.95,52389.16,Ativo
PROC-2026-02940,2015-02-16,2015-11-03,260,SP,Cível - Execução,71776.65,Possível,0.42,35888.33,16774.02,Encerrado
PROC-2026-02941,2015-04-14,2018-11-30,1326,SP,Cível - Outros,179485.59,Provável,0.84,151383.83,31887.05,Ativo
PROC-2026-02942,2018-03-09,2022-02-26,1450,SP,Cível - Indenizatória,431101.78,Provável,0.71,306041.15,45009.04,Encerrado
PROC-2026-02943,2015-02-02,2016-09-13,589,SP,Cível - Outros,67849.18,Provável,0.94,63622.01,15627.95,Encerrado
PROC-2026-02944,2015-06-21,2017-11-28,891,SP,Cível - Execução,250520.13,Provável,0.73,182905.65,15945.75,Ativo
PROC-2026-02945,2017-03-26,2021-04-16,1482,SP,Cível - Outros,470813.74,Provável,0.88,414588.93,92704.67,Encerrado
PROC-2026-02946,2015-09-09,2016-07-24,319,SP,Cível - Outros,194620.33,Possível,0.7,97310.16,17780.96,Ativo
PROC-2026-02947,2018-01-23,2027-06-29,3444,SP,Cível - Outros,39212.23,Possível,0.38,19606.11,170870.18,Ativo
PROC-2026-02948,2018-04-01,2019-03-07,340,SP,Cível - Outros,156582.32,Provável,0.93,146350.86,10023.57,Ativo
PROC-2026-02949,2015-09-17,2016-11-10,420,SP,Cível - Outros,424573.48,Possível,0.63,212286.74,9966.77,Ativo
PROC-2026-02950,2018-09-14,2021-08-03,1054,SP,Cível - Execução,462931.51,Possível,0.58,231465.76,58383.63,Encerrado
PROC-2026-02951,2015-03-15,2015-10-29,228,SP,Cível - Outros,15848.13,Possível,0.62,7924.06,4137.96,Encerrado
PROC-2026-02952,2016-01-08,2020-06-07,1612,SP,Cível - Outros,235192.05,Provável,0.82,193629.21,57660.02,Encerrado
PROC-2026-02953,2015-01-02,2016-05-16,500,SP,Cível - Execução,185928.04,Provável,0.77,143415.45,29500.31,Encerrado
PROC-2026-02954,2019-03-24,2022-09-20,1276,SP,Cível - Execução,317765.41,Possível,0.39,158882.7,27256.69,Ativo
PROC-2026-02955,2016-07-31,2018-08-18,748,SP,Cível - Execução,195071.33,Provável,0.93,182018.87,19895.38,Encerrado
PROC-2026-02956,2019-09-26,2021-05-12,594,SP,Cível - Execução,405183.71,Possível,0.41,202591.86,37070.3,Encerrado
PROC-2026-02957,2018-08-15,2022-04-10,1334,SP,Cível - Outros,164539.98,Possível,0.33,82269.99,35299.65,Ativo
PROC-2026-02958,2017-08-18,2023-03-05,2025,SP,Cível - Outros,188068.71,Possível,0.46,94034.35,88414.52,Ativo
PROC-2026-02959,2016-08-31,2017-05-22,264,SP,Cível - Outros,154892.16,Provável,0.99,153037.76,9810.6,Ativo
PROC-2026-02960,2019-03-29,2020-06-06,435,SP,Cível - Execução,496117.28,Provável,0.75,372313.17,13433.74,Encerrado
PROC-2026-02961,2016-04-30,2017-01-21,266,SP,Cível - Outros,177927.55,Possível,0.63,88963.78,10903.83,Encerrado
PROC-2026-02962,2015-10-28,2022-07-20,2457,SP,Cível - Outros,196401.3,Provável,0.71,139092.3,145636.44,Encerrado
PROC-2026-02963,2017-12-13,2022-08-11,1702,SP,Cível - Outros,336684.47,Provável,0.91,306084.29,53703.46,Ativo
PROC-2026-02964,2015-04-27,2026-07-12,4094,SP,Cível - Execução,417526.96,Provável,0.73,303793.71,272759.61,Encerrado
PROC-2026-02965,2017-01-30,2022-09-20,2059,SP,Cível - Execução,59167.96,Possível,0.68,29583.98,136505.13,Ativo
PROC-2026-02966,2016-06-20,2022-02-26,2077,SP,Cível - Execução,236071.57,Provável,0.96,226123.81,83809.56,Encerrado
PROC-2026-02967,2015-04-29,2017-09-09,864,SP,Cível - Execução,121886.18,Possível,0.51,60943.09,33237.99,Ativo
PROC-2026-02968,2018-10-26,2024-02-23,1946,SP,Cível - Execução,276232.23,Possível,0.54,138116.12,103202.13,Ativo
PROC-2026-02969,2015-05-22,2020-05-04,1809,SP,Cível - Outros,27822.78,Provável,0.76,21140.11,82693.29,Ativo
PROC-2026-02970,2018-01-26,2024-03-15,2240,SP,Cível - Execução,179391.48,Provável,0.9,162337.72,70157.02,Encerrado
PROC-2026-02971,2018-04-22,2019-12-05,592,SP,Cível - Outros,428264.99,Possível,0.41,214132.49,14956.47,Encerrado
PROC-2026-02972,2018-10-15,2024-10-19,2196,SP,Cível - Outros,336018.1,Provável,0.77,260264.04,42165.63,Encerrado
PROC-2026-02973,2017-12-05,2019-11-08,703,SP,Cível - Execução,141030.61,Possível,0.47,70515.31,16841.61,Encerrado
PROC-2026-02974,2019-07-08,2020-05-23,320,SP,Cível - Outros,28844.22,Provável,0.86,24826.42,21149.93,Encerrado
PROC-2026-02975,2016-10-08,2022-08-13,2135,SP,Cível - Execução,193310.82,Possível,0.65,96655.41,49082.14,Encerrado
PROC-2026-02976,2017-07-07,2017-12-24,170,SP,Cível - Execução,479983.38,Possível,0.37,239991.69,4030.11,Ativo
PROC-2026-02977,2015-02-21,2018-11-04,1352,SP,Cível - Execução,145230.68,Provável,0.77,112257.51,56468.49,Ativo
PROC-2026-02978,2017-06-11,2018-11-21,528,SP,Cível - Outros,345978.17,Provável,0.95,327799.57,25477.47,Encerrado
PROC-2026-02979,2018-05-24,2023-02-15,1728,SP,Cível - Execução,37597.39,Provável,0.83,31112.67,112440.87,Encerrado
PROC-2026-02980,2015-03-20,2017-10-11,936,SP,Cível - Outros,96385.46,Provável,0.9,86952.78,31832.18,Encerrado
PROC-2026-02981,2015-02-02,2016-01-04,336,SP,Cível - Outros,494077.76,Provável,0.98,483739.41,15487.6,Encerrado
PROC-2026-02982,2019-01-10,2022-06-13,1250,SP,Cível - Outros,78612.08,Provável,0.92,72681.63,36902.99,Encerrado
PROC-2026-02983,2019-08-22,2020-06-07,290,SP,Cível - Outros,146867.07,Provável,0.8,117965.29,13952.0,Encerrado
PROC-2026-02984,2015-07-27,2017-08-25,760,SP,Cível - Outros,70194.86,Possível,0.39,35097.43,25296.94,Ativo
PROC-2026-02985,2016-12-17,2023-02-04,2240,SP,Cível - Execução,462560.13,Possível,0.69,231280.06,92791.02,Encerrado
PROC-2026-02986,2016-11-28,2020-04-27,1246,SP,Cível - Execução,239861.54,Provável,0.8,192576.43,48080.34,Ativo
PROC-2026-02987,2019-05-27,2020-01-06,224,SP,Cível - Execução,307673.65,Possível,0.51,153836.83,13720.4,Encerrado
PROC-2026-02988,2017-02-17,2021-01-30,1443,SP,Cível - Execução,56962.53,Provável,0.73,41626.76,84008.72,Encerrado
PROC-2026-02989,2019-10-02,2020-12-10,435,SP,Cível - Outros,143637.25,Provável,0.87,125614.29,10606.99,Ativo
PROC-2026-02990,2019-07-26,2025-05-23,2128,SP,Cível - Execução,495219.31,Provável,0.95,469030.98,74976.08,Ativo
PROC-2026-02991,2019-03-05,2020-06-30,483,SP,Cível - Outros,434351.28,Possível,0.48,217175.64,13988.24,Encerrado
PROC-2026-02992,2018-08-18,2023-05-27,1743,SP,Cível - Outros,289213.98,Provável,0.83,239685.87,91649.96,Ativo
PROC-2026-02993,2016-11-02,2025-03-20,3060,SP,Cível - Execução,9752.9,Possível,0.32,4876.45,149008.38,Ativo
PROC-2026-02994,2019-01-24,2019-11-19,299,SP,Cível - Outros,19715.58,Possível,0.42,9857.79,7655.3,Encerrado
PROC-2026-02995,2018-01-09,2020-09-21,986,SP,Cível - Execução,66919.39,Provável,0.78,52306.55,29214.67,Encerrado
PROC-2026-02996,2015-05-05,2020-07-21,1904,SP,Cível - Execução,474986.55,Possível,0.63,237493.28,50473.55,Ativo
PROC-2026-02997,2019-04-24,2020-11-04,560,SP,Cível - Outros,431583.45,Provável,0.88,379674.36,20746.55,Ativo
PROC-2026-02998,2019-03-30,2020-12-19,630,SP,Cível - Execução,264182.31,Provável,0.94,249099.35,17710.39,Ativo
PROC-2026-02999,2016-12-17,2020-03-09,1178,SP,Cível - Execução,204090.3,Possível,0.6,102045.15,22666.16,Encerrado
PROC-2026-03000,2017-05-24,2020-05-28,1100,SP,Cível - Execução,333092.95,Provável,0.77,256309.37,62684.62,Ativo
PROC-2026-03001,2015-05-08,2017-07-19,803,SP,Cível - Execução,26707.49,Possível,0.52,13353.75,31594.79,Encerrado
PROC-2026-03002,2015-09-23,2017-12-26,825,SP,Trabalhista,47748.26,Possível,0.55,23874.13,49763.79,Ativo
PROC-2026-03003,2015-10-26,2022-07-18,2457,SP,Cível - Outros,364780.95,Provável,0.97,354281.22,83169.16,Ativo
PROC-2026-03004,2018-10-28,2022-06-19,1330,SP,Cível - Outros,71199.21,Possível,0.65,35599.61,61437.44,Encerrado
PROC-2026-03005,2016-07-20,2018-12-30,893,SP,Cível - Execução,134709.6,Provável,0.74,99551.46,53310.08,Encerrado
PROC-2026-03006,2015-07-13,2023-03-21,2808,SP,Cível - Execução,350124.68,Provável,0.91,318270.42,147454.06,Encerrado
PROC-2026-03007,2016-09-02,2026-09-13,3663,SP,Cível - Execução,234541.91,Provável,0.83,194103.52,169834.14,Encerrado
PROC-2026-03008,2015-04-03,2016-07-22,476,SP,Cível - Outros,233334.36,Provável,0.97,225928.92,9960.31,Encerrado
PROC-2026-03009,2016-05-15,2017-04-03,323,SP,Cível - Outros,374120.93,Possível,0.49,187060.47,9357.46,Encerrado
PROC-2026-03010,2016-09-22,2022-08-24,2162,SP,Cível - Execução,71341.06,Possível,0.36,35670.53,87468.01,Ativo
PROC-2026-03011,2016-10-11,2018-06-30,627,SP,Cível - Execução,34220.95,Possível,0.4,17110.48,32354.27,Ativo
PROC-2026-03012,2017-03-28,2018-03-23,360,SP,Cível - Outros,134781.06,Possível,0.37,67390.53,20306.61,Encerrado
PROC-2026-03013,2016-06-16,2018-04-13,666,SP,Cível - Execução,304492.05,Provável,0.92,281067.12,28286.69,Encerrado
PROC-2026-03014,2015-10-24,2018-01-26,825,SP,Cível - Execução,100570.16,Provável,0.98,99049.32,47890.17,Ativo
PROC-2026-03015,2015-08-09,2017-06-11,672,SP,Cível - Execução,479789.01,Provável,0.93,446332.09,43513.96,Encerrado
PROC-2026-03016,2019-04-02,2023-02-28,1428,SP,Cível - Outros,400422.16,Provável,0.77,309431.56,69635.95,Ativo
PROC-2026-03017,2015-07-26,2021-12-21,2340,SP,Cível - Execução,416458.57,Provável,0.93,385731.89,60689.87,Ativo
PROC-2026-03018,2016-08-04,2018-03-15,588,SP,Cível - Outros,248055.76,Possível,0.7,124027.88,35480.26,Encerrado
PROC-2026-03019,2019-10-29,2022-11-15,1113,SP,Cível - Execução,353391.58,Possível,0.68,176695.79,52379.63,Encerrado
PROC-2026-03020,2017-09-23,2018-07-20,300,SP,Cível - Execução,289537.55,Possível,0.5,144768.78,18733.86,Encerrado
PROC-2026-03021,2017-02-24,2019-04-14,779,SP,Cível - Outros,372466.22,Provável,0.75,278618.58,41231.0,Encerrado
PROC-2026-03022,2019-03-25,2022-10-07,1292,SP,Cível - Execução,480923.07,Possível,0.31,240461.53,55945.8,Encerrado
PROC-2026-03023,2016-11-14,2020-08-23,1378,SP,Cível - Outros,190965.82,Provável,0.7,134569.55,90736.42,Ativo
PROC-2026-03024,2016-06-03,2019-05-19,1080,SP,Cível - Indenizatória,298356.21,Provável,1.0,297849.76,39281.02,Encerrado
PROC-2026-03025,2019-01-19,2020-02-01,378,SP,Cível - Outros,307525.66,Possível,0.55,153762.83,17400.72,Encerrado
PROC-2026-03026,2016-05-01,2017-08-12,468,SP,Cível - Outros,350904.78,Possível,0.59,175452.39,13133.0,Encerrado
PROC-2026-03027,2015-08-13,2021-09-22,2232,SP,Cível - Execução,29148.74,Possível,0.42,14574.37,40419.02,Ativo
PROC-2026-03028,2016-07-29,2017-02-22,208,SP,Cível - Outros,352379.59,Possível,0.34,176189.79,12807.94,Encerrado
PROC-2026-03029,2019-10-01,2022-12-22,1178,SP,Cível - Execução,114554.59,Provável,0.9,103545.12,24893.82,Encerrado
PROC-2026-03030,2015-09-05,2025-09-15,3663,SP,Cível - Outros,360636.44,Provável,0.85,305031.46,198967.22,Ativo
PROC-2026-03031,2017-04-25,2019-06-24,790,SP,Cível - Execução,60260.99,Provável,0.83,49736.18,20236.35,Ativo
PROC-2026-03032,2015-03-13,2019-12-27,1750,SP,Cível - Execução,62624.01,Possível,0.54,31312.01,72504.04,Ativo
PROC-2026-03033,2015-09-08,2017-07-05,666,SP,Cível - Outros,86334.57,Provável,0.92,79016.81,17652.34,Encerrado
PROC-2026-03034,2015-05-30,2018-03-31,1036,SP,Cível - Outros,389761.16,Possível,0.42,194880.58,47993.89,Encerrado
PROC-2026-03035,2016-10-06,2018-12-15,800,SP,Cível - Outros,471854.94,Provável,0.95,447966.5,49423.96,Ativo
PROC-2026-03036,2015-05-27,2019-12-17,1665,SP,Cível - Outros,226833.03,Provável,0.7,158848.61,43089.0,Ativo
PROC-2026-03037,2019-07-26,2022-11-28,1221,SP,Cível - Execução,338015.42,Possível,0.39,169007.71,32238.65,Ativo
PROC-2026-03038,2016-09-24,2019-11-08,1140,SP,Cível - Execução,239885.9,Provável,0.91,218153.99,72803.59,Encerrado
PROC-2026-03039,2016-06-24,2020-09-19,1548,SP,Cível - Outros,193155.08,Provável,0.9,173635.33,56020.41,Encerrado
PROC-2026-03040,2016-07-16,2019-10-25,1196,SP,Cível - Execução,31442.72,Provável,0.97,30357.36,34190.23,Ativo
PROC-2026-03041,2018-08-12,2020-10-20,800,SP,Cível - Outros,404118.07,Provável,0.76,308818.82,45500.34,Encerrado
PROC-2026-03042,2019-12-02,2024-09-05,1739,SP,Cível - Outros,252906.52,Provável,0.88,222755.39,72202.65,Encerrado
PROC-2026-03043,2016-02-02,2018-02-23,752,SP,Cível - Execução,155007.17,Provável,0.81,125981.78,30562.16,Encerrado
PROC-2026-03044,2016-06-05,2017-08-27,448,SP,Cível - Execução,293304.07,Provável,0.83,243758.76,18990.08,Encerrado
PROC-2026-03045,2015-09-02,2015-12-11,100,SP,Cível - Execução,430806.66,Possível,0.4,215403.33,2778.43,Ativo
PROC-2026-03046,2015-05-20,2025-02-20,3564,SP,Cível - Indenizatória,224159.31,Provável,0.98,220147.67,166332.55,Encerrado
PROC-2026-03047,2019-10-22,2022-07-06,988,SP,Cível - Execução,452877.97,Possível,0.66,226438.99,65824.67,Encerrado
PROC-2026-03048,2016-10-25,2019-07-29,1007,SP,Cível - Execução,249025.7,Possível,0.35,124512.85,61016.34,Encerrado
PROC-2026-03049,2019-04-26,2022-07-09,1170,SP,Cível - Indenizatória,76118.92,Provável,0.75,57261.58,22763.47,Encerrado
PROC-2026-03050,2018-06-09,2023-12-02,2002,SP,Cível - Execução,425171.2,Possível,0.32,212585.6,80485.62,Encerrado
PROC-2026-03051,2019-02-13,2022-07-21,1254,SP,Cível - Outros,413843.53,Provável,0.97,399466.9,39944.95,Encerrado
PROC-2026-03052,2018-01-30,2019-07-24,540,SP,Cível - Outros,274123.82,Possível,0.65,137061.91,25400.15,Encerrado
PROC-2026-03053,2019-02-24,2033-05-27,5206,SP,Cível - Execução,314124.91,Provável,0.99,312404.85,264726.57,Encerrado
PROC-2026-03054,2019-02-04,2021-03-27,782,SP,Cível - Execução,83777.54,Provável,0.76,63438.32,49737.96,Encerrado
PROC-2026-03055,2017-05-06,2029-02-13,4301,SP,Cível - Execução,414622.1,Possível,0.33,207311.05,164434.48,Ativo
PROC-2026-03056,2018-02-23,2020-01-12,688,SP,Cível - Indenizatória,236032.59,Provável,0.93,219206.84,33510.39,Encerrado
PROC-2026-03057,2016-12-21,2020-03-11,1176,SP,Cível - Execução,169639.15,Possível,0.41,84819.58,59138.3,Ativo
PROC-2026-03058,2015-12-13,2019-11-22,1440,SP,Cível - Outros,400871.24,Provável,0.9,362725.26,29223.42,Encerrado
PROC-2026-03059,2016-12-02,2018-01-14,408,SP,Cível - Outros,90892.03,Possível,0.5,45446.01,16278.81,Encerrado
PROC-2026-03060,2016-07-01,2022-01-07,2016,SP,Cível - Execução,472457.79,Provável,0.89,420955.02,108578.37,Encerrado
PROC-2026-03061,2015-05-16,2018-05-24,1104,SP,Cível - Outros,49117.81,Provável,0.79,38647.52,52902.63,Ativo
PROC-2026-03062,2015-08-19,2019-06-13,1394,SP,Cível - Execução,296121.08,Provável,0.99,294634.64,77387.13,Encerrado
PROC-2026-03063,2019-03-20,2024-03-08,1815,SP,Cível - Outros,367348.82,Provável,0.7,258005.87,103608.53,Ativo
PROC-2026-03064,2015-08-12,2019-03-30,1326,SP,Cível - Outros,254533.12,Provável,0.87,221722.11,86399.41,Encerrado
PROC-2026-03065,2017-06-25,2020-03-29,1008,SP,Cível - Execução,330875.29,Possível,0.46,165437.64,60578.81,Encerrado
PROC-2026-03066,2016-09-09,2020-07-14,1404,SP,Cível - Indenizatória,452426.5,Provável,0.83,374295.77,26360.08,Ativo
PROC-2026-03067,2016-10-11,2019-07-22,1014,SP,Cível - Outros,269791.05,Provável,0.73,197511.08,48838.4,Ativo
PROC-2026-03068,2019-12-04,2025-08-14,2080,SP,Cível - Outros,376328.58,Provável,0.88,331364.43,55417.83,Ativo
PROC-2026-03069,2017-02-14,2019-02-06,722,SP,Cível - Execução,136552.06,Possível,0.53,68276.03,40776.47,Encerrado
PROC-2026-03070,2015-01-12,2019-05-18,1587,SP,Cível - Outros,112616.88,Provável,0.81,90904.65,88029.68,Encerrado
PROC-2026-03071,2017-12-25,2020-04-06,833,SP,Cível - Execução,326461.9,Possível,0.58,163230.95,46182.58,Encerrado
PROC-2026-03072,2016-01-29,2018-10-21,996,SP,Cível - Execução,164229.72,Provável,1.0,163417.81,65498.58,Encerrado
PROC-2026-03073,2019-02-04,2025-07-02,2340,SP,Cível - Execução,472939.4,Provável,0.96,453992.75,104254.25,Ativo
PROC-2026-03074,2017-03-07,2020-08-18,1260,SP,Cível - Execução,222341.73,Possível,0.37,111170.87,34382.56,Ativo
PROC-2026-03075,2018-03-29,2021-11-14,1326,SP,Cível - Execução,278177.11,Provável,0.9,251186.27,34952.89,Encerrado
PROC-2026-03076,2018-02-28,2018-11-02,247,SP,Cível - Outros,497478.11,Possível,0.56,248739.06,10792.63,Encerrado
PROC-2026-03077,2015-01-19,2016-10-10,630,SP,Cível - Execução,146136.63,Provável,0.75,109714.24,21941.89,Encerrado
PROC-2026-03078,2017-03-08,2023-09-13,2380,SP,Cível - Outros,73598.57,Possível,0.43,36799.28,74193.25,Encerrado
PROC-2026-03079,2018-12-29,2021-09-12,988,SP,Cível - Execução,120185.36,Provável,0.98,118102.76,54798.33,Ativo
PROC-2026-03080,2017-09-03,2018-06-05,275,SP,Cível - Indenizatória,77809.48,Provável,0.93,72210.99,16985.25,Encerrado
PROC-2026-03081,2017-05-18,2019-05-08,720,SP,Cível - Outros,472108.62,Possível,0.57,236054.31,42297.88,Encerrado
PROC-2026-03082,2016-11-12,2017-05-07,176,SP,Cível - Outros,359276.76,Possível,0.56,179638.38,3976.82,Encerrado
PROC-2026-03083,2017-02-10,2021-07-19,1620,SP,Cível - Outros,212330.53,Provável,0.85,179845.93,27849.77,Encerrado
PROC-2026-03084,2018-02-27,2019-10-29,609,SP,Cível - Outros,413260.25,Provável,0.94,387015.36,22541.83,Ativo
PROC-2026-03085,2017-06-05,2020-05-11,1071,SP,Cível - Execução,451588.48,Provável,0.8,359118.05,28082.96,Encerrado
PROC-2026-03086,2019-03-10,2020-04-21,408,SP,Cível - Outros,61202.94,Possível,0.59,30601.47,18644.65,Encerrado
PROC-2026-03087,2016-03-03,2017-07-12,496,SP,Cível - Outros,108944.35,Possível,0.43,54472.17,14262.49,Encerrado
PROC-2026-03088,2016-11-04,2019-06-19,957,SP,Cível - Execução,488915.54,Possível,0.35,244457.77,61805.07,Ativo
PROC-2026-03089,2015-01-16,2015-11-08,296,SP,Cível - Outros,365961.72,Possível,0.36,182980.86,11389.89,Ativo
PROC-2026-03090,2018-10-05,2022-10-26,1482,SP,Cível - Execução,9060.97,Provável,0.77,7009.87,33144.03,Encerrado
PROC-2026-03091,2019-02-13,2023-03-28,1504,SP,Cível - Execução,407433.98,Provável,0.74,299687.65,89432.88,Encerrado
PROC-2026-03092,2017-06-20,2031-12-04,5280,SP,Cível - Execução,481413.93,Provável,0.85,410536.71,293346.67,Encerrado
PROC-2026-03093,2015-04-20,2016-11-29,589,SP,Cível - Execução,182559.13,Provável,0.71,130113.46,38479.98,Ativo
PROC-2026-03094,2017-09-01,2019-09-15,744,SP,Cível - Execução,68526.36,Provável,0.71,48616.54,45077.2,Encerrado
PROC-2026-03095,2016-06-05,2034-03-17,6494,SP,Cível - Execução,490616.38,Provável,0.89,437124.97,419210.65,Ativo
PROC-2026-03096,2016-03-10,2019-09-21,1290,SP,Cível - Execução,42536.97,Possível,0.65,21268.48,76888.87,Encerrado
PROC-2026-03097,2018-11-02,2020-09-12,680,SP,Cível - Outros,432679.52,Provável,0.76,329265.67,17719.6,Encerrado
PROC-2026-03098,2018-05-27,2020-01-07,590,SP,Cível - Execução,346943.26,Provável,0.89,308048.18,33505.85,Encerrado
PROC-2026-03099,2019-11-03,2023-02-24,1209,SP,Cível - Outros,290842.1,Possível,0.37,145421.05,63566.57,Encerrado
PROC-2026-03100,2018-08-14,2019-08-09,360,SP,Cível - Outros,355433.4,Possível,0.41,177716.7,17985.52,Encerrado
PROC-2026-03101,2017-09-23,2019-04-07,561,SP,Cível - Outros,42968.08,Provável,0.75,32269.14,32910.23,Encerrado
PROC-2026-03102,2015-09-24,2016-04-21,210,SP,Cível - Outros,395402.54,Possível,0.38,197701.27,11653.62,Encerrado
PROC-2026-03103,2019-11-22,2021-04-25,520,SP,Cível - Execução,154297.7,Provável,0.96,147407.03,8673.74,Encerrado
PROC-2026-03104,2015-08-01,2017-05-02,640,SP,Cível - Outros,288885.02,Possível,0.64,144442.51,30328.88,Encerrado
PROC-2026-03105,2019-05-31,2020-12-29,578,SP,Cível - Outros,330897.35,Possível,0.64,165448.68,35121.68,Ativo
PROC-2026-03106,2017-12-24,2021-12-20,1457,SP,Cível - Execução,38879.54,Possível,0.36,19439.77,80284.63,Ativo
PROC-2026-03107,2017-12-31,2021-05-08,1224,SP,Cível - Execução,49901.31,Possível,0.33,24950.66,33668.22,Encerrado
PROC-2026-03108,2017-05-15,2019-03-06,660,SP,Cível - Execução,102213.93,Provável,0.78,79907.61,35559.56,Ativo
PROC-2026-03109,2018-01-26,2018-12-16,324,SP,Cível - Outros,222676.81,Possível,0.36,111338.4,19221.13,Encerrado
PROC-2026-03110,2018-08-10,2019-12-27,504,SP,Cível - Outros,458902.63,Provável,0.84,385394.98,17947.39,Encerrado
PROC-2026-03111,2018-04-07,2019-12-10,612,SP,Cível - Outros,495668.46,Possível,0.59,247834.23,12593.48,Encerrado
PROC-2026-03112,2016-09-30,2017-11-24,420,SP,Cível - Execução,294641.54,Possível,0.52,147320.77,11708.33,Encerrado
PROC-2026-03113,2015-08-14,2019-01-25,1260,SP,Cível - Outros,337339.08,Provável,0.85,286274.3,44233.01,Encerrado
PROC-2026-03114,2017-06-12,2018-08-06,420,SP,Cível - Outros,53660.63,Provável,0.98,52482.44,11915.09,Encerrado
PROC-2026-03115,2016-06-01,2035-11-07,7098,SP,Cível - Execução,264563.48,Possível,0.64,132281.74,419638.71,Ativo
PROC-2026-03116,2017-10-22,2023-12-10,2240,SP,Cível - Execução,170589.78,Provável,0.83,141884.44,130536.06,Encerrado
PROC-2026-03117,2016-11-03,2027-03-05,3774,SP,Cível - Execução,397515.36,Provável,0.92,365539.23,225267.14,Ativo
PROC-2026-03118,2015-06-17,2019-02-06,1330,SP,Cível - Outros,495474.25,Possível,0.3,247737.13,74961.48,Encerrado
PROC-2026-03119,2015-09-23,2020-09-09,1813,SP,Cível - Outros,415005.48,Possível,0.35,207502.74,97420.19,Ativo
PROC-2026-03120,2015-04-13,2018-03-02,1054,SP,Cível - Outros,22257.38,Provável,0.72,15989.65,24358.33,Ativo
PROC-2026-03121,2017-11-09,2021-09-09,1400,SP,Cível - Outros,264568.22,Provável,0.78,205790.12,31312.65,Ativo
PROC-2026-03122,2019-09-14,2020-01-09,117,SP,Cível - Outros,47327.02,Possível,0.58,23663.51,5644.95,Encerrado
PROC-2026-03123,2019-09-07,2020-03-25,200,SP,Cível - Execução,463040.49,Possível,0.69,231520.25,6213.27,Encerrado
PROC-2026-03124,2016-05-02,2021-04-19,1813,SP,Cível - Execução,35908.12,Provável,1.0,35793.03,113135.6,Encerrado
PROC-2026-03125,2019-01-02,2025-03-23,2272,SP,Cível - Execução,270950.48,Possível,0.56,135475.24,142986.59,Ativo
PROC-2026-03126,2016-08-17,2018-08-01,714,SP,Cível - Execução,271179.51,Provável,0.99,269051.15,25346.28,Encerrado
PROC-2026-03127,2016-10-14,2019-07-19,1008,SP,Cível - Outros,472229.87,Provável,0.74,351302.33,41661.58,Encerrado
PROC-2026-03128,2017-06-14,2020-01-20,950,SP,Cível - Outros,84005.14,Provável,0.83,69376.98,31709.2,Encerrado
PROC-2026-03129,2017-04-20,2017-11-22,216,SP,Cível - Execução,284305.79,Possível,0.3,142152.9,10460.51,Encerrado
PROC-2026-03130,2019-05-26,2021-07-16,782,SP,Cível - Execução,396935.48,Provável,0.87,346605.86,23332.81,Encerrado
PROC-2026-03131,2018-11-28,2021-05-19,903,SP,Cível - Execução,330962.22,Provável,0.77,255184.07,59844.65,Ativo
PROC-2026-03132,2017-02-24,2018-06-15,476,SP,Cível - Execução,291043.05,Possível,0.59,145521.53,28361.37,Encerrado
PROC-2026-03133,2016-06-27,2020-04-27,1400,SP,Cível - Execução,263357.71,Possível,0.44,131678.85,75327.66,Ativo
PROC-2026-03134,2015-06-24,2016-03-10,260,SP,Cível - Outros,89712.36,Possível,0.67,44856.18,8411.58,Encerrado
PROC-2026-03135,2015-03-04,2017-12-06,1008,SP,Cível - Execução,321256.14,Provável,0.87,280539.58,64269.46,Encerrado
PROC-2026-03136,2016-06-05,2019-04-21,1050,SP,Cível - Indenizatória,356928.48,Provável,0.75,266809.34,59212.6,Encerrado
PROC-2026-03137,2015-06-18,2020-10-16,1947,SP,Cível - Outros,480018.22,Provável,0.84,401858.35,72571.58,Ativo
PROC-2026-03138,2018-04-27,2019-12-26,608,SP,Cível - Outros,435610.32,Provável,0.89,386320.11,10770.73,Encerrado
PROC-2026-03139,2017-12-30,2020-08-06,950,SP,Cível - Outros,223202.24,Provável,0.85,190130.46,35975.17,Ativo
PROC-2026-03140,2018-09-25,2024-02-26,1980,SP,Cível - Execução,420506.84,Provável,0.99,416295.41,82747.92,Encerrado
PROC-2026-03141,2018-02-11,2020-07-27,897,SP,Cível - Outros,36551.99,Possível,0.56,18275.99,53243.54,Ativo
PROC-2026-03142,2015-04-10,2017-05-19,770,SP,Cível - Outros,269382.32,Provável,0.93,251298.47,16838.04,Encerrado
PROC-2026-03143,2016-11-19,2022-08-20,2100,SP,Cível - Execução,94020.44,Provável,0.85,79508.71,46386.83,Ativo
PROC-2026-03144,2018-03-23,2023-07-11,1936,SP,Cível - Execução,404249.75,Possível,0.34,202124.87,106893.69,Encerrado
PROC-2026-03145,2015-01-30,2015-07-17,168,SP,Cível - Outros,413275.4,Possível,0.34,206637.7,10845.63,Encerrado
PROC-2026-03146,2019-07-02,2027-04-19,2848,SP,Cível - Indenizatória,181668.37,Provável,0.97,176083.48,147531.57,Ativo
PROC-2026-03147,2016-07-05,2019-10-08,1190,SP,Cível - Indenizatória,281878.73,Provável,0.74,209502.31,29387.01,Ativo
PROC-2026-03148,2015-04-04,2023-07-25,3034,SP,Cível - Outros,80569.27,Provável,0.85,68145.39,165962.57,Encerrado
PROC-2026-03149,2019-11-30,2020-07-07,220,SP,Cível - Outros,407505.96,Possível,0.4,203752.98,6028.88,Encerrado
PROC-2026-03150,2019-11-15,2023-11-11,1457,SP,Cível - Execução,277381.0,Possível,0.45,138690.5,40824.05,Ativo
PROC-2026-03151,2017-01-15,2018-04-28,468,SP,Cível - Execução,165731.43,Provável,0.81,135036.32,19279.71,Encerrado
PROC-2026-03152,2019-03-01,2019-04-10,40,RS,Cível - Outros,336746.03,Possível,0.46,168373.02,1493.48,Ativo
PROC-2026-03153,2015-02-18,2025-05-21,3745,SP,Cível - Indenizatória,49073.94,Provável,0.87,42867.41,171408.85,Ativo
PROC-2026-03154,2016-11-11,2017-07-07,238,SP,Cível - Outros,35198.01,Possível,0.47,17599.01,10821.86,Encerrado
PROC-2026-03155,2017-04-27,2019-10-10,896,SP,Cível - Execução,399133.92,Provável,0.98,390560.13,41276.26,Encerrado
PROC-2026-03156,2016-01-31,2017-06-14,500,SP,Cível - Execução,145026.86,Provável,0.74,106753.86,19073.87,Encerrado
PROC-2026-03157,2015-03-16,2017-06-09,816,SP,Cível - Execução,399313.03,Provável,0.83,331461.64,25706.48,Encerrado
PROC-2026-03158,2018-08-25,2020-12-12,840,SP,Cível - Outros,116165.05,Provável,0.86,99684.33,41181.33,Encerrado
PROC-2026-03159,2015-08-15,2017-10-15,792,SP,Cível - Outros,411793.66,Provável,0.75,310077.31,19526.07,Encerrado
PROC-2026-03160,2017-05-01,2030-06-10,4788,SP,Cível - Execução,102339.2,Provável,0.8,81407.46,263176.45,Ativo
PROC-2026-03161,2015-12-12,2018-04-24,864,SP,Cível - Outros,285029.2,Provável,0.84,239481.21,26704.34,Ativo
PROC-2026-03162,2016-06-10,2017-10-15,492,SP,Cível - Execução,483118.17,Provável,0.82,394023.58,25300.47,Ativo
PROC-2026-03163,2015-12-16,2018-08-31,989,SP,Cível - Execução,363101.09,Provável,0.99,357958.11,39762.05,Ativo
PROC-2026-03164,2017-01-17,2017-12-31,348,SP,Cível - Execução,198568.22,Possível,0.55,99284.11,20196.54,Encerrado
PROC-2026-03165,2019-07-18,2022-08-22,1131,SP,Cível - Indenizatória,391724.27,Possível,0.47,195862.13,60922.72,Ativo
PROC-2026-03166,2017-02-14,2019-12-25,1044,SP,Cível - Outros,472593.58,Provável,0.81,381320.91,61343.06,Ativo
PROC-2026-03167,2016-08-21,2020-09-09,1480,SP,Cível - Outros,287343.52,Possível,0.6,143671.76,74752.13,Encerrado
PROC-2026-03168,2015-10-30,2016-07-15,259,SP,Cível - Outros,251707.19,Possível,0.57,125853.59,17117.02,Encerrado
PROC-2026-03169,2015-12-30,2023-06-11,2720,SP,Cível - Execução,251736.35,Provável,0.92,232020.42,120253.27,Ativo
PROC-2026-03170,2015-06-14,2017-04-30,686,SP,Cível - Execução,112299.46,Provável,0.9,101227.83,25974.8,Encerrado
PROC-2026-03171,2019-05-31,2023-02-22,1363,SP,Cível - Execução,498168.99,Possível,0.35,249084.5,57162.69,Ativo
PROC-2026-03172,2019-06-28,2020-05-05,312,SP,Cível - Outros,228117.12,Possível,0.66,114058.56,15443.94,Encerrado
PROC-2026-03173,2016-05-29,2018-04-26,697,SP,Cível - Execução,174262.48,Provável,0.94,163821.46,34066.02,Encerrado
PROC-2026-03174,2019-06-13,2021-12-09,910,SP,Cível - Outros,429636.5,Possível,0.37,214818.25,24963.31,Encerrado
PROC-2026-03175,2018-08-10,2021-08-06,1092,SP,Cível - Outros,341092.49,Provável,0.95,323177.13,42497.48,Ativo
PROC-2026-03176,2019-09-25,2020-04-20,208,SP,Cível - Outros,193486.33,Possível,0.4,96743.16,9931.28,Encerrado
PROC-2026-03177,2016-12-19,2020-05-30,1258,SP,Cível - Outros,326158.0,Possível,0.31,163079.0,21795.35,Encerrado
PROC-2026-03178,2016-09-20,2019-02-21,884,SP,Cível - Execução,235274.27,Provável,0.75,177547.96,17607.75,Encerrado
PROC-2026-03179,2016-12-31,2018-06-23,539,SP,Cível - Outros,124073.08,Provável,0.79,97862.54,21078.54,Encerrado
PROC-2026-03180,2016-02-20,2017-02-06,352,SP,Cível - Outros,311567.75,Provável,0.82,254120.57,15882.66,Ativo
PROC-2026-03181,2019-02-12,2020-08-16,551,SP,Cível - Outros,281259.13,Possível,0.69,140629.57,26269.01,Encerrado
PROC-2026-03182,2015-05-30,2016-02-24,270,SP,Cível - Outros,76455.96,Provável,0.82,62327.71,17955.6,Encerrado
PROC-2026-03183,2015-04-11,2015-10-20,192,SP,Cível - Outros,324546.26,Possível,0.52,162273.13,12724.56,Encerrado
PROC-2026-03184,2016-07-31,2019-10-28,1184,SP,Cível - Execução,71127.34,Possível,0.3,35563.67,49845.52,Ativo
PROC-2026-03185,2018-08-22,2020-01-20,516,SP,Cível - Execução,181963.92,Provável,0.73,132619.31,19830.16,Encerrado
PROC-2026-03186,2017-03-01,2018-03-06,370,SP,Cível - Outros,284046.76,Possível,0.45,142023.38,20802.02,Encerrado
PROC-2026-03187,2016-12-31,2019-12-16,1080,SP,Cível - Execução,208681.13,Possível,0.64,104340.57,60615.04,Ativo
PROC-2026-03188,2016-12-17,2021-03-16,1550,SP,Cível - Outros,378108.81,Provável,0.82,310564.28,54008.8,Ativo
PROC-2026-03189,2019-05-09,2021-01-14,616,SP,Cível - Execução,448432.58,Possível,0.38,224216.29,18974.92,Encerrado
PROC-2026-03190,2019-02-17,2020-08-09,539,SP,Cível - Outros,5349.3,Provável,0.97,5206.27,9681.03,Encerrado
PROC-2026-03191,2019-09-28,2024-12-30,1920,SP,Cível - Execução,130126.88,Possível,0.56,65063.44,82785.15,Ativo
PROC-2026-03192,2017-11-17,2020-02-05,810,SP,Cível - Outros,233290.76,Provável,0.97,225290.06,31279.38,Encerrado
PROC-2026-03193,2017-10-05,2018-11-25,416,SP,Cível - Execução,90319.32,Possível,0.53,45159.66,20106.39,Encerrado
PROC-2026-03194,2019-10-04,2021-12-17,805,SP,Cível - Execução,228438.61,Provável,0.74,169120.23,18746.48,Encerrado
PROC-2026-03195,2015-08-29,2018-01-19,874,SP,Cível - Outros,496336.77,Possível,0.67,248168.39,25757.25,Encerrado
PROC-2026-03196,2019-07-14,2024-11-11,1947,SP,Cível - Outros,306295.22,Provável,0.75,230338.16,105894.99,Ativo
PROC-2026-03197,2015-03-25,2018-05-23,1155,SP,Cível - Outros,436892.06,Possível,0.57,218446.03,24232.83,Ativo
PROC-2026-03198,2019-11-15,2020-03-04,110,SP,Cível - Outros,81348.48,Provável,0.98,79573.66,3723.99,Ativo
PROC-2026-03199,2019-08-17,2020-03-04,200,SP,Cível - Outros,420353.8,Possível,0.43,210176.9,5555.34,Encerrado
PROC-2026-03200,2015-02-24,2017-09-11,930,SP,Cível - Execução,106036.45,Provável,0.83,87632.33,36011.96,Ativo
PROC-2026-03201,2015-08-13,2019-09-29,1508,SP,Cível - Execução,449699.2,Provável,0.82,369090.56,38552.87,Encerrado
PROC-2026-03202,2018-08-29,2018-12-03,96,SP,Cível - Execução,299295.82,Possível,0.35,149647.91,3676.16,Ativo
PROC-2026-03203,2018-09-01,2024-08-24,2184,SP,Cível - Outros,291274.73,Provável,0.89,257851.94,75651.22,Ativo
PROC-2026-03204,2019-08-31,2024-06-01,1736,SP,Cível - Outros,5276.59,Provável,0.99,5219.16,86958.35,Ativo
PROC-2026-03205,2018-06-29,2021-05-14,1050,SP,Cível - Execução,41173.6,Provável,0.87,36022.63,17825.91,Encerrado
PROC-2026-03206,2018-09-25,2019-04-29,216,SP,Cível - Outros,225059.92,Provável,0.76,171769.83,12747.3,Encerrado
PROC-2026-03207,2017-04-04,2020-10-17,1292,SP,Cível - Outros,155977.76,Provável,0.94,146974.21,64911.62,Encerrado
PROC-2026-03208,2016-06-22,2019-06-19,1092,SP,Cível - Outros,21824.94,Provável,0.8,17530.41,22121.7,Encerrado
PROC-2026-03209,2017-05-12,2019-06-21,770,SP,Cível - Execução,185268.42,Provável,0.91,168180.2,34962.04,Encerrado
PROC-2026-03210,2017-02-21,2017-11-04,256,SP,Cível - Execução,212419.61,Possível,0.43,106209.81,16567.94,Encerrado
PROC-2026-03211,2019-04-09,2023-07-15,1558,SP,Cível - Execução,153953.99,Possível,0.43,76976.99,54468.72,Ativo
PROC-2026-03212,2018-07-19,2020-05-12,663,SP,Cível - Execução,149443.69,Provável,0.9,133836.34,21198.73,Encerrado
PROC-2026-03213,2019-07-29,2024-11-17,1938,SP,Cível - Indenizatória,268655.82,Provável,0.95,255340.39,51046.65,Encerrado
PROC-2026-03214,2015-09-06,2020-03-27,1664,SP,Cível - Execução,476364.76,Possível,0.38,238182.38,91659.76,Ativo
PROC-2026-03215,2018-01-09,2021-05-11,1218,SP,Cível - Execução,62439.9,Possível,0.51,31219.95,54412.52,Ativo
PROC-2026-03216,2018-12-18,2024-12-31,2205,SP,Cível - Execução,440763.51,Possível,0.66,220381.76,132873.33,Ativo
PROC-2026-03217,2018-05-19,2021-10-18,1248,SP,Cível - Execução,484379.41,Possível,0.33,242189.7,80595.9,Ativo
PROC-2026-03218,2016-09-02,2017-06-29,300,SP,Cível - Execução,399682.81,Possível,0.46,199841.41,5487.75,Encerrado
PROC-2026-03219,2016-10-24,2018-02-16,480,SP,Cível - Outros,214143.54,Provável,0.97,208455.67,16499.08,Encerrado
PROC-2026-03220,2015-09-29,2016-11-16,414,SP,Cível - Outros,247900.72,Possível,0.64,123950.36,9490.9,Ativo
PROC-2026-03221,2018-07-24,2024-05-14,2121,SP,Trabalhista,14861.13,Provável,0.72,10650.91,51976.95,Ativo
PROC-2026-03222,2016-12-20,2020-09-15,1365,SP,Trabalhista,196255.31,Provável,0.96,188901.03,89108.07,Ativo
PROC-2026-03223,2017-06-08,2022-09-22,1932,SP,Trabalhista,90579.2,Provável,0.83,74813.45,74956.0,Ativo
PROC-2026-03224,2018-12-02,2024-07-15,2052,SP,Trabalhista,81811.98,Provável,0.98,80540.08,133366.31,Ativo
PROC-2026-03225,2017-03-07,2017-05-10,64,RS,Cível - Outros,325516.69,Possível,0.41,162758.35,3776.63,Ativo
PROC-2026-03226,2019-05-02,2021-12-17,960,SP,Trabalhista,128308.86,Provável,0.82,105728.36,45525.49,Ativo
PROC-2026-03227,2018-10-13,2021-10-09,1092,SP,Cível - Outros,358844.47,Possível,0.51,179422.23,59748.22,Ativo
PROC-2026-03228,2016-09-22,2023-07-08,2480,SP,Trabalhista,438566.1,Provável,0.77,336506.12,125083.2,Ativo
PROC-2026-03229,2019-07-10,2025-09-06,2250,SP,Trabalhista,461498.59,Provável,0.83,384426.36,50344.65,Ativo
PROC-2026-03230,2015-03-05,2016-05-18,440,SP,Cível - Outros,311054.67,Possível,0.58,155527.33,28838.0,Ativo
PROC-2026-03231,2018-07-18,2025-01-12,2370,SP,Cível - Outros,117474.72,Provável,0.83,97133.46,115615.78,Ativo
PROC-2026-03232,2016-11-03,2018-09-18,684,SP,Trabalhista,370055.83,Possível,0.32,185027.91,44269.83,Ativo
PROC-2026-03233,2015-08-18,2016-10-31,440,SP,Trabalhista,194957.0,Possível,0.38,97478.5,10921.37,Ativo
PROC-2026-03234,2017-03-29,2017-10-22,207,MG,Cível - Outros,167306.25,Possível,0.63,83653.12,9089.93,Ativo
PROC-2026-03235,2018-02-20,2023-06-21,1947,SP,Trabalhista,384814.26,Provável,0.99,379547.42,128149.61,Encerrado
PROC-2026-03236,2019-04-13,2020-12-27,624,SP,Cível - Outros,432072.92,Possível,0.38,216036.46,23310.34,Ativo
PROC-2026-03237,2016-12-06,2020-09-08,1372,SP,Trabalhista,295876.35,Possível,0.55,147938.18,66833.34,Ativo
PROC-2026-03238,2016-03-21,2020-01-24,1404,SP,Trabalhista,446549.85,Possível,0.56,223274.93,80801.16,Encerrado
PROC-2026-03239,2017-02-03,2019-08-23,931,SP,Trabalhista,47190.36,Possível,0.48,23595.18,23676.2,Ativo
PROC-2026-03240,2016-12-12,2020-09-18,1376,SP,Trabalhista,30086.28,Possível,0.3,15043.14,58204.62,Ativo
PROC-2026-03241,2017-08-14,2021-06-06,1392,SP,Trabalhista,21305.56,Possível,0.59,10652.78,42047.66,Ativo
PROC-2026-03242,2018-02-03,2021-09-07,1312,SP,Cível - Execução,39559.49,Possível,0.32,19779.75,39142.09,Encerrado
PROC-2026-03243,2018-06-21,2019-06-08,352,SP,Trabalhista,198966.09,Possível,0.68,99483.04,14186.3,Ativo
PROC-2026-03244,2018-08-03,2024-12-26,2337,SP,Trabalhista,176910.3,Provável,0.88,156099.33,69151.52,Ativo
PROC-2026-03245,2016-01-05,2017-04-29,480,SP,Trabalhista,494793.81,Possível,0.65,247396.9,16003.35,Ativo
PROC-2026-03246,2018-06-18,2022-04-04,1386,SP,Trabalhista,136251.92,Provável,0.75,102597.08,32120.4,Ativo
PROC-2026-03247,2015-11-21,2016-09-28,312,SP,Cível - Outros,453411.34,Possível,0.56,226705.67,14885.64,Ativo
PROC-2026-03248,2019-11-14,2036-06-02,6045,SP,Trabalhista,131491.11,Provável,0.99,130267.08,384074.63,Ativo
PROC-2026-03249,2018-09-27,2019-10-12,380,SP,Cível - Outros,354669.2,Possível,0.66,177334.6,11274.53,Encerrado
PROC-2026-03250,2015-10-20,2017-08-20,670,SP,Trabalhista,325327.28,Possível,0.41,162663.64,27077.87,Encerrado
PROC-2026-03251,2017-06-28,2020-01-29,945,SP,Trabalhista,93780.21,Possível,0.38,46890.1,62133.38,Ativo
PROC-2026-03252,2017-04-06,2020-03-05,1064,SP,Trabalhista,233942.3,Possível,0.31,116971.15,19024.7,Encerrado
PROC-2026-03253,2019-03-29,2026-06-05,2625,SP,Trabalhista,296925.93,Possível,0.65,148462.97,72666.73,Ativo
PROC-2026-03254,2018-10-07,2022-05-04,1305,SP,Cível - Outros,414092.68,Possível,0.57,207046.34,74974.1,Ativo
PROC-2026-03255,2019-08-13,2021-10-31,810,SP,Trabalhista,141432.75,Possível,0.66,70716.38,39273.95,Ativo
PROC-2026-03256,2015-11-30,2021-03-19,1936,SP,Trabalhista,431095.31,Possível,0.51,215547.65,41925.72,Ativo
PROC-2026-03257,2015-06-27,2016-08-20,420,SP,Trabalhista,368184.97,Possível,0.49,184092.49,22330.02,Encerrado
PROC-2026-03258,2019-04-11,2024-01-18,1743,SP,Trabalhista,31960.43,Possível,0.56,15980.22,67704.2,Ativo
PROC-2026-03259,2016-11-11,2025-12-11,3317,SP,Trabalhista,31236.37,Provável,0.94,29322.67,165787.21,Ativo
PROC-2026-03260,2017-02-16,2021-10-23,1710,SP,Trabalhista,136175.9,Possível,0.32,68087.95,66790.49,Ativo
PROC-2026-03261,2018-08-04,2027-01-25,3096,SP,Cível - Execução,46683.76,Possível,0.48,23341.88,167902.62,Ativo
PROC-2026-03262,2017-01-25,2025-06-12,3060,SP,Trabalhista,418920.54,Provável,0.93,387861.19,190477.15,Encerrado
PROC-2026-03263,2016-02-20,2029-07-17,4896,SP,Cível - Outros,34850.2,Provável,0.99,34515.58,183426.18,Ativo
PROC-2026-03264,2015-07-30,2016-02-01,186,RS,Cível - Outros,219570.65,Possível,0.6,109785.32,4626.49,Ativo
PROC-2026-03265,2018-12-04,2023-12-28,1850,SP,Trabalhista,460805.12,Possível,0.53,230402.56,47681.63,Ativo
PROC-2026-03266,2015-10-09,2019-05-21,1320,SP,Trabalhista,125505.26,Possível,0.62,62752.63,78484.4,Ativo
PROC-2026-03267,2015-12-19,2031-04-19,5600,SP,Trabalhista,386283.59,Possível,0.31,193141.79,304298.89,Encerrado
PROC-2026-03268,2017-03-13,2040-08-15,8556,SP,Trabalhista,98828.85,Possível,0.45,49414.43,178338.0,Ativo
PROC-2026-03269,2017-04-05,2024-07-17,2660,SP,Trabalhista,59275.98,Provável,0.94,55613.75,119362.35,Ativo
PROC-2026-03270,2019-07-31,2020-03-27,240,SP,Trabalhista,447461.69,Possível,0.31,223730.85,12112.3,Ativo
PROC-2026-03271,2015-05-20,2018-05-16,1092,SP,Cível - Outros,448659.69,Possível,0.36,224329.84,29358.57,Ativo
PROC-2026-03272,2016-02-25,2017-12-06,650,SP,Cível - Outros,258185.72,Possível,0.36,129092.86,13385.12,Ativo
PROC-2026-03273,2015-07-16,2024-06-08,3250,SP,Cível - Outros,285232.07,Provável,0.81,231775.99,131800.51,Ativo
PROC-2026-03274,2015-03-07,2019-08-31,1638,SP,Cível - Execução,138151.37,Possível,0.51,69075.68,45731.53,Ativo
PROC-2026-03275,2018-05-11,2022-08-16,1558,SP,Cível - Outros,228377.61,Provável,0.93,212050.46,56263.63,Encerrado
PROC-2026-03276,2015-08-22,2015-12-02,102,SP,Cível - Outros,488974.01,Possível,0.43,244487.0,5911.03,Encerrado
PROC-2026-03277,2019-01-28,2019-04-28,90,SP,Cível - Outros,185813.95,Possível,0.32,92906.97,2409.19,Ativo
PROC-2026-03278,2019-05-24,2019-11-08,168,SP,Cível - Execução,73208.64,Possível,0.67,36604.32,8995.0,Encerrado
PROC-2026-03279,2018-09-01,2019-08-18,351,RS,Cível - Execução,327943.03,Possível,0.61,163971.52,18950.34,Ativo
PROC-2026-03280,2017-04-23,2017-11-25,216,SP,Cível - Execução,422073.83,Possível,0.33,211036.91,6707.8,Encerrado
PROC-2026-03281,2018-09-12,2019-03-23,192,SP,Cível - Execução,354652.2,Possível,0.34,177326.1,5592.74,Encerrado
PROC-2026-03282,2018-02-19,2018-12-04,288,SP,Cível - Execução,16440.41,Possível,0.66,8220.2,10585.94,Encerrado
PROC-2026-03283,2015-03-17,2021-08-24,2352,SP,Cível - Execução,39212.3,Provável,0.87,34009.51,92666.64,Encerrado
PROC-2026-03284,2018-10-05,2019-04-23,200,SP,Cível - Execução,334739.0,Possível,0.46,167369.5,9186.33,Encerrado
PROC-2026-03285,2018-12-09,2019-06-25,198,SP,Cível - Outros,380361.65,Possível,0.47,190180.83,4156.57,Encerrado
PROC-2026-03286,2017-05-20,2020-02-29,1015,SP,Cível - Outros,201811.63,Provável,0.82,166345.64,54825.56,Encerrado
PROC-2026-03287,2019-02-24,2021-01-28,704,SP,Cível - Outros,309712.9,Provável,0.71,219725.04,31386.74,Encerrado
PROC-2026-03288,2015-04-03,2016-04-05,368,SP,Cível - Outros,410345.72,Possível,0.4,205172.86,19256.63,Encerrado
PROC-2026-03289,2018-04-20,2024-03-03,2144,SP,Cível - Outros,297144.38,Provável,0.72,214551.24,114688.51,Encerrado
PROC-2026-03290,2015-05-24,2016-08-06,440,SP,Cível - Outros,470017.53,Possível,0.57,235008.76,26281.43,Encerrado
PROC-2026-03291,2015-05-09,2016-10-18,528,SP,Cível - Outros,113013.04,Provável,0.78,88278.18,9951.9,Encerrado
PROC-2026-03292,2019-08-22,2020-08-07,351,SP,Cível - Outros,304136.53,Provável,0.89,272047.83,11049.6,Encerrado
PROC-2026-03293,2019-07-23,2025-04-10,2088,SP,Cível - Outros,121603.85,Possível,0.46,60801.93,58973.57,Ativo
PROC-2026-03294,2017-06-18,2018-09-23,462,SP,Cível - Outros,410564.48,Provável,0.92,376177.32,12916.8,Encerrado
PROC-2026-03295,2016-01-25,2017-07-18,540,SP,Cível - Outros,471129.07,Provável,0.82,388278.36,12319.6,Encerrado
PROC-2026-03296,2018-08-13,2020-11-02,812,SP,Cível - Execução,219362.33,Provável,0.79,173367.27,16122.23,Encerrado
PROC-2026-03297,2017-02-11,2021-11-05,1728,SP,Cível - Outros,293014.35,Provável,0.85,249845.88,100465.21,Encerrado
PROC-2026-03298,2019-01-16,2019-06-05,140,MG,Cível - Outros,264837.01,Possível,0.6,132418.51,4902.1,Encerrado
PROC-2026-03299,2017-11-06,2020-12-14,1134,SP,Trabalhista,185968.56,Provável,0.8,149614.87,62368.6,Encerrado
PROC-2026-03300,2015-08-17,2021-02-22,2016,SP,Cível - Execução,494333.6,Provável,0.96,472097.47,46835.41,Encerrado
PROC-2026-03301,2016-12-14,2017-10-25,315,SP,Cível - Outros,368841.98,Provável,0.86,316292.08,7531.52,Encerrado
PROC-2026-03302,2017-08-13,2019-04-14,609,SP,Cível - Indenizatória,38743.63,Provável,0.95,36990.14,21607.39,Encerrado
PROC-2026-03303,2016-04-27,2021-03-18,1786,SP,Cível - Outros,186845.43,Possível,0.32,93422.71,94425.19,Encerrado
PROC-2026-03304,2018-01-19,2020-03-09,780,SP,Cível - Outros,287446.05,Possível,0.4,143723.03,46167.68,Encerrado
PROC-2026-03305,2015-09-17,2018-02-24,891,SP,Cível - Outros,387765.13,Provável,0.82,316728.66,18050.38,Encerrado
PROC-2026-03306,2015-11-27,2016-11-03,342,SP,Cível - Outros,263728.25,Provável,0.75,197576.63,17418.48,Encerrado
PROC-2026-03307,2017-07-24,2030-09-14,4800,SP,Cível - Indenizatória,194057.37,Provável,0.94,183364.78,189223.51,Encerrado
PROC-2026-03308,2016-08-24,2022-06-24,2130,SP,Cível - Outros,66364.24,Possível,0.5,33182.12,86452.68,Encerrado
PROC-2026-03309,2019-09-26,2020-06-24,272,SP,Cível - Outros,188350.25,Possível,0.4,94175.12,14947.15,Encerrado
PROC-2026-03310,2017-03-14,2017-08-21,160,RS,Cível - Outros,243786.93,Possível,0.65,121893.46,4934.14,Encerrado
PROC-2026-03311,2018-11-17,2058-03-16,14364,SP,Cível - Execução,236198.0,Provável,0.76,178882.39,286097.12,Encerrado
PROC-2026-03312,2016-06-18,2019-06-03,1080,SP,Cível - Indenizatória,392960.9,Provável,0.92,360065.24,24283.72,Encerrado
PROC-2026-03313,2017-03-02,2017-09-28,210,BA,Cível - Outros,119708.98,Possível,0.69,59854.49,8249.33,Encerrado
PROC-2026-03314,2018-03-26,2018-06-30,96,SP,Cível - Outros,352065.09,Provável,0.98,344542.6,2175.36,Ativo
PROC-2026-03315,2018-05-10,2024-01-09,2070,SP,Cível - Execução,118237.73,Provável,0.99,117279.62,109874.03,Encerrado
PROC-2026-03316,2017-05-19,2017-12-08,203,SP,Cível - Outros,342171.21,Possível,0.62,171085.61,9476.44,Encerrado
PROC-2026-03317,2019-01-27,2028-12-01,3596,SP,Cível - Outros,379133.82,Possível,0.59,189566.91,188536.41,Ativo
PROC-2026-03318,2018-08-09,2019-03-28,231,SP,Cível - Outros,186286.76,Possível,0.53,93143.38,11479.74,Encerrado
PROC-2026-03319,2019-10-14,2021-05-25,589,SP,Cível - Outros,269797.7,Provável,0.78,210742.87,38551.65,Encerrado
PROC-2026-03320,2016-03-15,2018-05-16,792,SP,Cível - Execução,406370.68,Provável,0.98,398784.4,22686.8,Encerrado
PROC-2026-03321,2019-08-10,2020-04-08,242,SP,Cível - Outros,400537.75,Possível,0.48,200268.88,5702.37,Encerrado
PROC-2026-03322,2016-01-16,2016-06-07,143,RJ,Cível - Outros,382356.6,Possível,0.48,191178.3,4944.62,Ativo
PROC-2026-03323,2019-02-24,2021-08-11,899,SP,Cível - Outros,374411.61,Provável,0.84,314542.58,56331.82,Encerrado
PROC-2026-03324,2019-08-26,2021-07-28,702,SP,Cível - Outros,240621.25,Possível,0.68,120310.62,17022.58,Ativo
PROC-2026-03325,2015-07-13,2015-12-16,156,PR,Cível - Outros,88815.28,Provável,0.78,69593.94,3533.81,Encerrado
PROC-2026-03326,2017-04-11,2024-10-01,2730,SP,Cível - Execução,479219.27,Possível,0.67,239609.63,75101.92,Ativo
PROC-2026-03327,2016-03-29,2016-07-19,112,SP,Cível - Outros,116889.66,Possível,0.6,58444.83,6551.06,Encerrado
PROC-2026-03328,2017-12-06,2019-09-23,656,SP,Cível - Outros,385822.23,Possível,0.55,192911.11,39533.0,Ativo
PROC-2026-03329,2019-10-16,2027-10-04,2910,SP,Cível - Execução,85620.53,Provável,0.8,68118.5,136268.7,Ativo
PROC-2026-03330,2018-04-10,2026-06-30,3003,SP,Cível - Outros,483799.59,Possível,0.56,241899.8,59476.62,Ativo
PROC-2026-03331,2015-02-15,2028-01-24,4726,SP,Cível - Execução,28387.87,Provável,1.0,28260.52,187042.12,Encerrado
PROC-2026-03332,2015-04-22,2024-09-03,3422,SP,Cível - Execução,188198.65,Possível,0.39,94099.32,81811.84,Encerrado
PROC-2026-03333,2016-12-12,2020-01-11,1125,SP,Cível - Outros,274110.86,Possível,0.49,137055.43,67419.02,Ativo
PROC-2026-03334,2015-10-01,2027-09-18,4370,SP,Cível - Execução,142464.97,Provável,0.99,140642.96,76509.59,Encerrado
PROC-2026-03335,2016-01-15,2037-06-13,7820,SP,Cível - Outros,476500.33,Possível,0.3,238250.17,198597.35,Ativo
PROC-2026-03336,2019-03-10,2028-01-02,3220,SP,Cível - Indenizatória,452244.72,Provável,0.89,402575.79,105041.5,Encerrado
PROC-2026-03337,2016-01-17,2022-06-02,2328,SP,Cível - Outros,300337.66,Possível,0.66,150168.83,118261.18,Encerrado
PROC-2026-03338,2015-10-19,2017-09-02,684,SP,Cível - Execução,460073.22,Possível,0.67,230036.61,41661.38,Encerrado
PROC-2026-03339,2018-11-26,2022-08-07,1350,SP,Cível - Indenizatória,463332.73,Provável,0.85,391899.13,68059.33,Encerrado
PROC-2026-03340,2018-09-21,2021-11-16,1152,SP,Cível - Outros,124304.45,Provável,0.73,90309.3,73223.16,Encerrado
PROC-2026-03341,2018-08-15,2020-09-01,748,SP,Cível - Outros,129509.48,Possível,0.49,64754.74,47814.67,Ativo
PROC-2026-03342,2018-02-07,2019-09-25,595,SP,Cível - Indenizatória,194988.22,Provável,0.94,183986.53,17533.0,Encerrado
PROC-2026-03343,2016-05-02,2019-06-28,1152,SP,Cível - Outros,264624.89,Provável,0.96,254720.05,60704.89,Encerrado
PROC-2026-03344,2017-06-25,2022-12-14,1998,SP,Cível - Outros,435595.55,Provável,0.84,366353.65,80472.94,Encerrado
PROC-2026-03345,2018-05-15,2019-11-12,546,SP,Cível - Outros,408285.25,Possível,0.36,204142.62,24620.57,Encerrado
PROC-2026-03346,2018-10-13,2027-10-30,3304,SP,Cível - Outros,91151.34,Provável,0.97,88140.63,218743.72,Encerrado
PROC-2026-03347,2016-09-30,2023-06-23,2457,SP,Cível - Outros,91996.27,Provável,0.82,75136.69,82780.99,Ativo
PROC-2026-03348,2017-12-09,2018-10-17,312,SP,Cível - Outros,47130.27,Possível,0.55,23565.14,20505.57,Encerrado
PROC-2026-03349,2019-01-17,2024-04-20,1920,SP,Cível - Outros,96404.01,Provável,0.83,80173.08,71088.07,Ativo
PROC-2026-03350,2019-11-06,2021-09-12,676,SP,Cível - Outros,463727.72,Possível,0.64,231863.86,32667.96,Encerrado
PROC-2026-03351,2017-10-26,2018-11-26,396,SP,Cível - Outros,436171.24,Provável,0.91,394978.97,10182.94,Ativo
PROC-2026-03352,2015-10-16,2016-12-09,420,SP,Cível - Outros,47209.7,Provável,0.72,34131.22,16932.55,Encerrado
PROC-2026-03353,2018-03-02,2018-11-09,252,SP,Cível - Outros,462918.34,Possível,0.48,231459.17,4570.93,Ativo
PROC-2026-03354,2016-04-28,2022-02-21,2125,SP,Cível - Outros,74900.72,Possível,0.41,37450.36,113650.67,Ativo
PROC-2026-03355,2017-11-11,2019-11-22,741,SP,Cível - Outros,308635.35,Possível,0.3,154317.68,23141.07,Encerrado
PROC-2026-03356,2017-06-26,2023-01-21,2035,SP,Cível - Outros,305596.89,Provável,0.81,247699.65,77813.17,Ativo
PROC-2026-03357,2018-11-14,2019-09-16,306,SP,Cível - Outros,347044.38,Provável,0.72,249517.76,14562.01,Encerrado
PROC-2026-03358,2019-02-22,2026-09-07,2754,SP,Cível - Indenizatória,51524.24,Provável,0.75,38459.35,134116.6,Ativo
PROC-2026-03359,2019-03-31,2019-11-20,234,SP,Cível - Outros,419296.0,Possível,0.48,209648.0,3903.02,Encerrado
PROC-2026-03360,2016-03-17,2017-03-12,360,SP,Cível - Outros,206452.37,Provável,0.95,196950.86,21538.77,Encerrado
PROC-2026-03361,2017-01-30,2018-11-21,660,SP,Cível - Outros,45855.43,Possível,0.55,22927.71,23205.48,Ativo
PROC-2026-03362,2015-09-17,2018-10-12,1121,SP,Cível - Execução,285452.89,Provável,0.74,212303.81,61863.3,Encerrado
PROC-2026-03363,2016-02-06,2016-09-17,224,SP,Cível - Outros,463106.87,Possível,0.4,231553.44,12608.25,Ativo
PROC-2026-03364,2015-11-11,2018-06-13,945,SP,Cível - Outros,401847.25,Provável,0.93,374781.55,48711.88,Ativo
PROC-2026-03365,2016-05-08,2017-11-19,560,SP,Cível - Outros,296509.56,Provável,0.76,226710.89,25663.44,Ativo
PROC-2026-03366,2019-11-11,2032-07-05,4620,SP,Cível - Indenizatória,485339.21,Provável,0.98,475744.77,198610.32,Encerrado
PROC-2026-03367,2019-07-06,2022-12-29,1272,SP,Cível - Outros,460474.32,Possível,0.33,230237.16,22278.7,Ativo
PROC-2026-03368,2017-07-23,2022-10-05,1900,SP,Cível - Execução,73150.23,Provável,0.74,54096.1,109648.78,Encerrado
PROC-2026-03369,2018-08-26,2020-11-02,799,SP,Cível - Outros,474734.69,Provável,0.94,448382.85,38276.71,Encerrado
PROC-2026-03370,2018-07-14,2021-02-14,946,SP,Cível - Outros,261775.22,Possível,0.52,130887.61,47405.3,Encerrado
PROC-2026-03371,2016-08-06,2020-05-14,1377,SP,Cível - Outros,138742.91,Provável,0.83,115112.74,91261.88,Ativo
PROC-2026-03372,2015-05-17,2016-02-17,276,SP,Cível - Outros,157275.08,Possível,0.49,78637.54,10090.78,Encerrado
PROC-2026-03373,2016-02-09,2022-11-28,2484,SP,Cível - Outros,129134.7,Possível,0.58,64567.35,51521.14,Ativo
PROC-2026-03374,2018-05-20,2035-11-27,6400,SP,Cível - Outros,442950.5,Possível,0.64,221475.25,131313.08,Ativo
PROC-2026-03375,2019-09-05,2025-07-14,2139,SP,Cível - Execução,376575.83,Provável,0.89,336930.67,121768.71,Encerrado
PROC-2026-03376,2019-09-14,2025-09-23,2201,SP,Cível - Outros,180626.0,Provável,0.88,159046.4,115554.58,Ativo
PROC-2026-03377,2015-01-31,2016-10-17,625,SP,Cível - Outros,397066.2,Provável,0.73,290038.9,32991.53,Encerrado
PROC-2026-03378,2017-03-28,2029-02-25,4352,SP,Cível - Execução,287549.98,Provável,0.89,255675.22,196709.85,Ativo
PROC-2026-03379,2017-06-04,2020-03-20,1020,SP,Cível - Outros,468479.87,Provável,0.75,350591.91,48889.54,Encerrado
PROC-2026-03380,2019-01-12,2023-04-11,1550,SP,Cível - Execução,125651.84,Provável,0.89,112415.79,47454.3,Ativo
PROC-2026-03381,2019-03-01,2020-05-06,432,SP,Cível - Outros,421690.89,Provável,0.72,302349.73,13051.26,Encerrado
PROC-2026-03382,2016-11-09,2019-03-29,870,SP,Cível - Outros,153063.58,Provável,0.83,127680.35,57376.01,Encerrado
PROC-2026-03383,2017-03-17,2017-12-12,270,SP,Cível - Outros,121308.19,Possível,0.34,60654.09,11146.24,Encerrado
PROC-2026-03384,2017-05-20,2029-03-22,4324,SP,Cível - Outros,93808.32,Provável,0.95,88776.06,286802.94,Ativo
PROC-2026-03385,2016-11-22,2023-09-02,2475,SP,Cível - Execução,72851.56,Possível,0.4,36425.78,75155.49,Encerrado
PROC-2026-03386,2015-04-19,2020-09-08,1969,SP,Cível - Outros,322054.88,Possível,0.41,161027.44,38904.11,Ativo
PROC-2026-03387,2018-05-28,2048-11-01,11115,SP,Cível - Outros,257971.08,Provável,0.98,253040.04,198627.75,Encerrado
PROC-2026-03388,2018-04-14,2035-06-10,6266,SP,Cível - Execução,365810.16,Provável,1.0,365441.79,331214.99,Ativo
PROC-2026-03389,2019-11-17,2035-10-24,5820,SP,Cível - Execução,285556.29,Provável,0.73,208804.12,200551.73,Ativo
PROC-2026-03390,2015-09-26,2024-01-06,3024,SP,Cível - Outros,152911.22,Possível,0.55,76455.61,159295.99,Encerrado
PROC-2026-03391,2019-02-05,2038-11-22,7230,SP,Cível - Execução,495579.2,Provável,0.75,371925.99,298373.68,Ativo
PROC-2026-03392,2016-02-19,2042-03-14,9520,SP,Cível - Execução,272041.43,Possível,0.55,136020.71,512649.12,Ativo
PROC-2026-03393,2015-01-18,2027-04-11,4466,SP,Cível - Outros,388059.69,Possível,0.47,194029.85,176347.63,Ativo
PROC-2026-03394,2016-09-17,2026-07-24,3597,SP,Cível - Outros,485621.0,Provável,0.77,372306.38,137140.99,Encerrado
PROC-2026-03395,2015-09-20,2020-08-24,1800,SP,Cível - Execução,107264.2,Provável,0.83,89440.27,40531.54,Encerrado
PROC-2026-03396,2018-06-30,2024-05-11,2142,SP,Cível - Outros,72841.97,Possível,0.7,36420.98,105739.92,Encerrado
PROC-2026-03397,2017-12-11,2021-02-05,1152,SP,Cível - Outros,364611.73,Provável,0.82,297285.94,26501.82,Encerrado
PROC-2026-03398,2018-10-14,2021-05-21,950,SP,Cível - Outros,266051.71,Possível,0.47,133025.85,17712.49,Encerrado
PROC-2026-03399,2018-01-22,2025-03-31,2625,SP,Cível - Outros,328158.44,Possível,0.46,164079.22,64617.62,Ativo
PROC-2026-03400,2019-07-22,2024-10-17,1914,SP,Cível - Outros,312936.16,Possível,0.59,156468.08,114425.02,Ativo
PROC-2026-03401,2017-02-05,2017-12-27,325,SP,Cível - Outros,420623.59,Possível,0.31,210311.79,18536.02,Encerrado
PROC-2026-03402,2016-03-16,2018-07-24,860,SP,Cível - Execução,249653.23,Provável,0.86,213560.46,32171.68,Encerrado
PROC-2026-03403,2016-12-14,2020-05-27,1260,SP,Cível - Outros,61634.11,Provável,0.93,57169.54,60099.84,Encerrado
PROC-2026-03404,2017-08-06,2021-04-27,1360,SP,Cível - Execução,162477.91,Provável,0.87,142155.09,55226.01,Encerrado
PROC-2026-03405,2017-03-17,2019-03-15,728,SP,Cível - Outros,272460.05,Possível,0.53,136230.02,18237.23,Encerrado
PROC-2026-03406,2015-04-29,2017-03-19,690,SP,Cível - Outros,397651.08,Provável,0.93,367834.51,31773.11,Encerrado
PROC-2026-03407,2016-06-09,2019-10-14,1222,SP,Cível - Outros,27776.47,Possível,0.65,13888.23,45183.44,Ativo
PROC-2026-03408,2016-03-27,2028-02-18,4345,SP,Cível - Execução,128463.61,Provável,0.82,105831.79,150639.2,Ativo
PROC-2026-03409,2019-07-16,2023-11-28,1596,SP,Cível - Outros,114782.66,Possível,0.44,57391.33,104854.48,Ativo
PROC-2026-03410,2017-01-06,2021-11-12,1771,SP,Cível - Execução,260186.74,Provável,0.76,198834.01,96233.12,Encerrado
PROC-2026-03411,2018-07-04,2019-08-07,399,SP,Cível - Indenizatória,13266.85,Provável,0.95,12546.39,14000.49,Encerrado
PROC-2026-03412,2019-07-09,2021-02-28,600,SP,Cível - Indenizatória,12220.29,Provável,0.77,9355.16,20789.65,Encerrado
PROC-2026-03413,2015-12-29,2016-12-27,364,SP,Cível - Outros,139860.33,Provável,0.76,106193.98,19192.85,Encerrado
PROC-2026-03414,2016-04-29,2018-01-13,624,SP,Cível - Outros,130314.64,Provável,0.93,120678.32,26486.19,Encerrado
PROC-2026-03415,2015-05-18,2019-08-19,1554,SP,Cível - Outros,300928.54,Possível,0.65,150464.27,69534.4,Encerrado
PROC-2026-03416,2016-05-26,2017-08-04,435,SP,Cível - Outros,230131.95,Provável,0.85,196639.84,13242.36,Encerrado
PROC-2026-03417,2018-05-22,2019-09-27,493,SP,Cível - Outros,94430.83,Provável,0.77,72607.75,14541.65,Encerrado
PROC-2026-03418,2017-10-12,2062-06-18,16320,SP,Cível - Outros,94535.56,Provável,0.78,73418.27,567757.72,Ativo
PROC-2026-03419,2016-12-18,2017-12-01,348,SP,Cível - Outros,346213.99,Possível,0.57,173106.99,5930.47,Encerrado
PROC-2026-03420,2017-01-24,2020-08-18,1302,SP,Cível - Outros,413887.32,Provável,0.79,328549.11,51688.38,Encerrado
PROC-2026-03421,2019-02-07,2019-07-13,156,RJ,Cível - Execução,171304.32,Possível,0.32,85652.16,6207.26,Encerrado
PROC-2026-03422,2015-08-25,2019-05-21,1365,SP,Cível - Execução,73866.27,Provável,0.75,55129.44,40320.59,Encerrado
PROC-2026-03423,2017-05-06,2019-11-20,928,SP,Cível - Outros,463944.79,Provável,0.9,415435.99,35763.33,Encerrado
PROC-2026-03424,2017-07-23,2023-06-22,2160,SP,Cível - Outros,398244.4,Provável,0.89,352834.25,46669.07,Encerrado
PROC-2026-03425,2019-01-29,2022-06-07,1225,SP,Cível - Outros,243899.42,Provável,0.87,211112.16,38461.11,Encerrado
PROC-2026-03426,2018-02-28,2020-06-13,836,SP,Cível - Outros,20527.19,Possível,0.58,10263.59,54914.71,Ativo
PROC-2026-03427,2015-08-18,2023-06-09,2852,SP,Cível - Execução,30344.31,Provável,0.71,21497.26,185714.97,Encerrado
PROC-2026-03428,2018-02-02,2020-12-12,1044,SP,Cível - Outros,100035.36,Provável,0.81,81250.75,21302.17,Encerrado
PROC-2026-03429,2019-02-27,2022-04-24,1152,SP,Cível - Outros,209363.12,Provável,0.79,165837.08,76743.06,Encerrado
PROC-2026-03430,2017-02-20,2019-03-10,748,SP,Cível - Outros,390052.3,Provável,0.73,284560.7,40365.94,Encerrado
PROC-2026-03431,2017-02-03,2018-11-11,646,RJ,Cível - Outros,322714.65,Possível,0.62,161357.32,12008.3,Encerrado
PROC-2026-03432,2016-07-01,2019-02-06,950,SP,Cível - Outros,496014.8,Possível,0.5,248007.4,55996.56,Ativo
PROC-2026-03433,2015-02-03,2020-09-28,2064,SP,Cível - Outros,413931.07,Provável,0.74,304525.26,103905.77,Ativo
PROC-2026-03434,2016-02-27,2019-10-15,1326,SP,Cível - Outros,364598.01,Provável,0.78,285719.66,86297.39,Encerrado
PROC-2026-03435,2019-04-27,2027-08-08,3025,SP,Cível - Indenizatória,387345.69,Provável,0.88,339953.49,111298.57,Ativo
PROC-2026-03436,2018-12-11,2020-06-30,567,SP,Cível - Outros,222024.83,Provável,0.89,197030.55,10790.28,Encerrado
PROC-2026-03437,2017-03-11,2018-05-15,430,SP,Cível - Execução,414736.4,Provável,0.93,384310.76,9777.97,Encerrado
PROC-2026-03438,2015-03-15,2016-07-07,480,SP,Cível - Outros,30872.7,Provável,0.96,29672.87,28325.89,Encerrado
PROC-2026-03439,2017-04-01,2018-12-01,609,SP,Cível - Execução,244316.51,Provável,0.99,242915.09,19503.97,Encerrado
PROC-2026-03440,2019-05-16,2046-09-21,9990,SP,Cível - Execução,62951.94,Provável,0.97,61366.08,341766.46,Ativo
PROC-2026-03441,2016-01-10,2019-11-10,1400,SP,Cível - Execução,442284.76,Provável,0.71,316044.29,31926.13,Encerrado
PROC-2026-03442,2019-05-25,2022-02-08,990,SP,Cível - Outros,386579.23,Possível,0.68,193289.62,26350.52,Ativo
PROC-2026-03443,2017-12-04,2019-12-14,740,SP,Cível - Outros,432001.25,Provável,0.86,371086.94,23520.79,Encerrado
PROC-2026-03444,2018-05-29,2022-03-29,1400,SP,Cível - Outros,339591.92,Provável,0.77,262039.4,74214.49,Encerrado
PROC-2026-03445,2016-06-12,2018-07-06,754,SP,Cível - Outros,427615.0,Provável,0.88,378086.12,47614.23,Encerrado
PROC-2026-03446,2015-03-23,2016-12-03,621,SP,Cível - Outros,256685.65,Possível,0.32,128342.82,40112.04,Encerrado
PROC-2026-03447,2015-11-14,2018-01-04,782,SP,Cível - Outros,196702.29,Possível,0.55,98351.14,23026.33,Encerrado
PROC-2026-03448,2019-10-15,2032-10-18,4752,SP,Cível - Execução,328432.1,Provável,0.96,315535.54,291019.82,Encerrado
PROC-2026-03449,2019-03-03,2025-04-02,2222,SP,Cível - Execução,492774.92,Provável,0.93,456312.24,50443.13,Encerrado
PROC-2026-03450,2015-01-12,2025-07-02,3824,SP,Cível - Indenizatória,457489.18,Provável,0.73,332399.64,68058.09,Encerrado
PROC-2026-03451,2019-09-03,2020-10-25,418,SP,Cível - Outros,216236.67,Provável,0.72,154846.86,21692.18,Ativo
PROC-2026-03452,2018-07-07,2034-02-13,5700,SP,Cível - Execução,74675.72,Provável,0.72,53812.68,355090.07,Encerrado
PROC-2026-03453,2016-11-25,2018-12-24,759,SP,Cível - Outros,120933.21,Provável,0.87,105070.23,39963.95,Ativo
PROC-2026-03454,2019-08-10,2025-03-30,2059,SP,Cível - Outros,29954.73,Possível,0.61,14977.36,103522.64,Ativo
PROC-2026-03455,2017-03-24,2018-05-14,416,SP,Cível - Outros,481610.7,Possível,0.65,240805.35,12225.27,Encerrado
PROC-2026-03456,2018-01-15,2019-01-10,360,SP,Cível - Outros,319693.47,Provável,0.93,297218.25,13100.33,Ativo
PROC-2026-03457,2016-08-20,2026-09-03,3666,SP,Cível - Outros,491294.47,Provável,0.75,369909.28,123113.59,Ativo
PROC-2026-03458,2015-06-02,2017-06-12,741,SP,Cível - Outros,74048.52,Possível,0.68,37024.26,37644.05,Ativo
PROC-2026-03459,2018-05-16,2022-02-22,1378,SP,Cível - Execução,438738.95,Provável,0.9,393614.06,77184.01,Encerrado
PROC-2026-03460,2019-05-20,2023-02-20,1372,SP,Cível - Outros,445570.19,Possível,0.41,222785.09,62536.69,Ativo
PROC-2026-03461,2018-07-20,2019-01-18,182,SP,Cível - Outros,125304.55,Provável,0.84,105509.18,6522.13,Encerrado
PROC-2026-03462,2019-02-06,2023-08-09,1645,SP,Cível - Outros,211956.46,Provável,0.88,186441.43,77326.77,Encerrado
PROC-2026-03463,2016-01-22,2017-05-29,493,SP,Cível - Outros,107728.03,Provável,0.77,82872.02,23787.11,Encerrado
PROC-2026-03464,2018-11-03,2022-11-18,1476,SP,Cível - Outros,235570.22,Possível,0.45,117785.11,34214.7,Encerrado
PROC-2026-03465,2018-07-04,2019-06-07,338,SP,Cível - Outros,270105.48,Provável,0.76,205955.16,8692.15,Encerrado
PROC-2026-03466,2015-02-01,2019-07-15,1625,SP,Cível - Indenizatória,454346.63,Provável,0.85,386409.03,43445.44,Encerrado
PROC-2026-03467,2016-06-21,2023-12-18,2736,SP,Cível - Execução,492037.73,Provável,0.75,370473.19,67308.34,Ativo
PROC-2026-03468,2016-03-01,2020-10-26,1700,SP,Cível - Outros,63016.45,Provável,0.83,52182.03,63185.6,Ativo
PROC-2026-03469,2019-09-23,2021-02-21,517,SP,Cível - Indenizatória,368214.83,Provável,0.94,345995.85,23972.11,Encerrado
PROC-2026-03470,2016-08-23,2018-08-19,726,SP,Cível - Outros,376153.23,Provável,0.89,334329.07,22039.64,Encerrado
PROC-2026-03471,2018-04-21,2020-02-13,663,SP,Cível - Execução,62850.98,Provável,0.89,55755.85,34025.8,Encerrado
PROC-2026-03472,2015-06-11,2018-08-06,1152,SP,Cível - Outros,166806.35,Provável,0.78,129524.12,21836.7,Encerrado
PROC-2026-03473,2016-01-16,2021-05-13,1944,SP,Cível - Execução,195226.43,Provável,0.89,174440.04,60571.56,Ativo
PROC-2026-03474,2018-09-28,2030-01-10,4122,SP,Cível - Execução,46626.23,Possível,0.3,23313.11,244295.34,Ativo
PROC-2026-03475,2017-08-12,2019-05-04,630,SP,Cível - Outros,172175.58,Provável,0.82,141589.59,34290.29,Encerrado
PROC-2026-03476,2019-07-01,2027-02-01,2772,SP,Cível - Outros,326128.46,Provável,0.82,267558.81,72844.58,Ativo
PROC-2026-03477,2017-04-09,2018-03-25,350,SP,Cível - Outros,479225.04,Provável,0.85,406233.48,17738.36,Encerrado
PROC-2026-03478,2017-08-02,2025-08-17,2937,SP,Cível - Outros,329964.19,Provável,0.89,293158.7,159772.15,Ativo
PROC-2026-03479,2016-10-22,2023-12-09,2604,SP,Cível - Outros,375101.93,Provável,0.76,286210.9,111048.24,Ativo
PROC-2026-03480,2017-03-02,2018-04-12,406,SP,Cível - Outros,472994.83,Possível,0.37,236497.41,20871.81,Encerrado
PROC-2026-03481,2015-05-12,2017-03-31,689,SP,Cível - Execução,159576.24,Provável,0.94,149914.24,37704.6,Encerrado
PROC-2026-03482,2017-05-06,2020-01-30,999,SP,Cível - Outros,240922.86,Provável,1.0,240392.55,53338.63,Encerrado
PROC-2026-03483,2019-09-12,2020-07-28,320,SP,Cível - Outros,151178.17,Possível,0.36,75589.09,16515.34,Encerrado
PROC-2026-03484,2018-06-23,2021-11-04,1230,SP,Cível - Execução,107848.4,Provável,0.73,79254.3,21077.45,Encerrado
PROC-2026-03485,2016-06-13,2020-12-01,1632,SP,Cível - Execução,499627.11,Provável,0.96,482092.16,96739.24,Encerrado
PROC-2026-03486,2019-09-01,2022-08-16,1080,SP,Cível - Indenizatória,329478.4,Provável,0.77,252565.21,69947.91,Encerrado
PROC-2026-03487,2017-10-24,2023-04-11,1995,SP,Cível - Outros,471664.19,Provável,0.77,362236.35,72728.56,Ativo
PROC-2026-03488,2019-09-06,2023-06-23,1386,SP,Cível - Execução,84318.13,Provável,0.94,78917.85,91207.65,Encerrado
PROC-2026-03489,2019-03-14,2020-01-27,319,SP,Cível - Outros,328781.48,Provável,0.91,298641.84,12849.07,Encerrado
PROC-2026-03490,2015-07-17,2027-01-01,4186,SP,Cível - Execução,120711.0,Provável,0.97,116986.89,182718.58,Encerrado
PROC-2026-03491,2015-04-09,2017-09-16,891,SP,Cível - Outros,420908.27,Provável,0.86,362572.52,36673.26,Encerrado
PROC-2026-03492,2017-05-28,2026-06-10,3300,SP,Cível - Outros,137075.26,Provável,0.93,127670.31,194756.86,Encerrado
PROC-2026-03493,2015-10-02,2021-08-07,2136,SP,Cível - Outros,196288.79,Possível,0.4,98144.39,52500.01,Ativo
PROC-2026-03494,2018-04-18,2041-01-23,8316,SP,Cível - Execução,254008.66,Provável,0.73,186392.02,517917.54,Encerrado
PROC-2026-03495,2017-04-03,2018-08-10,494,SP,Cível - Outros,93512.24,Provável,0.99,92863.41,30020.85,Encerrado
PROC-2026-03496,2017-11-19,2020-03-15,847,SP,Cível - Indenizatória,32037.1,Provável,0.83,26638.42,18878.32,Encerrado
PROC-2026-03497,2017-02-08,2028-04-02,4071,SP,Cível - Execução,223532.55,Provável,0.74,165625.08,253329.84,Ativo
PROC-2026-03498,2016-05-14,2025-08-01,3366,SP,Cível - Outros,273166.61,Provável,0.82,224504.52,129146.11,Encerrado
PROC-2026-03499,2016-04-08,2031-12-10,5724,SP,Cível - Indenizatória,476270.69,Provável,0.72,341587.17,269991.12,Ativo
PROC-2026-03500,2017-03-01,2021-12-20,1755,SP,Cível - Execução,443459.32,Provável,0.75,331819.94,113415.87,Encerrado
PROC-2026-03501,2016-11-10,2024-07-19,2808,SP,Cível - Execução,438786.52,Provável,0.8,353010.13,52867.98,Encerrado
PROC-2026-03502,2017-09-12,2021-06-29,1386,SP,Cível - Execução,395191.32,Provável,0.96,377458.51,52626.37,Ativo
PROC-2026-03503,2019-02-28,2028-10-05,3507,SP,Cível - Outros,140602.04,Possível,0.35,70301.02,93558.44,Ativo
PROC-2026-03504,2015-03-25,2016-10-25,580,SP,Cível - Outros,484362.8,Possível,0.42,242181.4,17294.73,Encerrado
PROC-2026-03505,2016-05-22,2019-06-12,1116,SP,Cível - Outros,468672.68,Provável,0.74,345335.51,47133.51,Encerrado
PROC-2026-03506,2015-07-19,2032-04-12,6112,SP,Cível - Outros,429740.46,Provável,0.9,387944.08,237763.58,Encerrado
PROC-2026-03507,2017-01-01,2025-09-04,3168,SP,Cível - Execução,111401.96,Provável,0.9,100048.4,207489.74,Encerrado
PROC-2026-03508,2019-04-09,2021-10-19,924,SP,Cível - Outros,422446.49,Possível,0.39,211223.24,20543.42,Encerrado
PROC-2026-03509,2016-06-23,2047-06-11,11310,SP,Cível - Outros,78135.17,Provável,0.72,56464.42,204210.59,Ativo
PROC-2026-03510,2016-06-29,2020-04-15,1386,SP,Cível - Outros,170662.03,Provável,0.82,139567.33,69356.73,Encerrado
PROC-2026-03511,2016-07-15,2024-09-21,2990,SP,Cível - Outros,361365.39,Provável,0.86,310253.84,106037.21,Encerrado
PROC-2026-03512,2018-10-31,2021-08-16,1020,SP,Cível - Outros,227153.62,Provável,0.84,191761.67,46983.83,Encerrado
PROC-2026-03513,2019-05-24,2023-01-09,1326,SP,Cível - Outros,152595.94,Provável,0.87,132791.98,31302.41,Encerrado
PROC-2026-03514,2019-04-21,2022-01-30,1015,SP,Cível - Outros,43680.62,Possível,0.36,21840.31,61064.02,Ativo
PROC-2026-03515,2019-05-02,2020-09-07,494,SP,Cível - Outros,463534.99,Provável,1.0,463198.36,12050.96,Encerrado
PROC-2026-03516,2018-03-22,2021-12-03,1352,SP,Cível - Outros,266635.24,Possível,0.51,133317.62,31025.0,Ativo
PROC-2026-03517,2016-07-21,2019-04-29,1012,SP,Cível - Outros,420339.25,Provável,0.75,315312.13,23831.33,Ativo
PROC-2026-03518,2015-10-23,2017-08-13,660,SP,Cível - Outros,454832.47,Provável,0.94,425595.18,20566.82,Encerrado
PROC-2026-03519,2015-04-29,2019-02-02,1375,SP,Cível - Execução,471964.52,Provável,0.85,400354.07,50743.64,Ativo
PROC-2026-03520,2017-02-27,2020-03-19,1116,SP,Cível - Outros,411948.29,Possível,0.56,205974.14,58958.18,Ativo
PROC-2026-03521,2017-09-02,2018-12-26,480,SP,Cível - Outros,446653.37,Possível,0.48,223326.69,12109.98,Encerrado
PROC-2026-03522,2015-06-08,2016-12-31,572,SP,Cível - Outros,319855.52,Provável,0.98,312355.56,20733.9,Encerrado
PROC-2026-03523,2015-08-16,2017-07-16,700,SP,Cível - Outros,299108.53,Possível,0.65,149554.26,31300.02,Encerrado
PROC-2026-03524,2018-11-24,2038-11-15,7296,SP,Cível - Execução,243301.29,Provável,0.97,234961.87,147946.9,Ativo
PROC-2026-03525,2019-01-28,2021-07-15,899,SP,Cível - Execução,337141.66,Provável,0.9,303810.52,19982.05,Ativo
PROC-2026-03526,2016-03-25,2017-05-19,420,SP,Cível - Outros,183321.67,Possível,0.57,91660.83,11386.97,Ativo
PROC-2026-03527,2015-05-05,2016-02-01,272,SP,Cível - Outros,55875.17,Possível,0.64,27937.59,6198.52,Encerrado
PROC-2026-03528,2016-10-02,2032-12-25,5928,SP,Cível - Execução,339493.23,Possível,0.56,169746.61,293753.41,Encerrado
PROC-2026-03529,2019-05-07,2021-06-25,780,SP,Cível - Execução,141575.14,Provável,0.95,134401.39,13258.67,Encerrado
PROC-2026-03530,2016-08-29,2023-06-19,2485,SP,Cível - Outros,495456.37,Provável,0.72,358042.0,77315.36,Ativo
PROC-2026-03531,2016-05-23,2030-03-20,5049,SP,Cível - Outros,490612.22,Provável,0.86,421207.22,314117.45,Ativo
PROC-2026-03532,2016-05-16,2020-11-21,1650,SP,Cível - Outros,458657.45,Provável,0.95,436909.03,60684.94,Encerrado
PROC-2026-03533,2016-02-22,2016-12-12,294,SP,Cível - Outros,167832.45,Possível,0.5,83916.22,19252.85,Ativo
PROC-2026-03534,2018-08-25,2021-02-09,899,SP,Cível - Outros,478802.16,Provável,0.83,398993.0,39513.61,Encerrado
PROC-2026-03535,2019-10-07,2020-02-09,125,SP,Cível - Outros,331717.18,Possível,0.3,165858.59,4348.0,Encerrado
PROC-2026-03536,2016-09-21,2036-07-20,7242,SP,Cível - Outros,124547.95,Provável,0.87,108247.57,364758.07,Ativo
PROC-2026-03537,2016-10-07,2019-10-04,1092,SP,Cível - Outros,489686.1,Provável,1.0,487937.4,44312.28,Encerrado
PROC-2026-03538,2017-07-12,2021-01-30,1298,SP,Cível - Execução,457974.04,Provável,0.72,331090.0,60038.9,Ativo
PROC-2026-03539,2016-07-25,2022-01-31,2016,SP,Cível - Outros,442208.07,Provável,0.82,362035.68,112448.59,Encerrado
PROC-2026-03540,2019-06-08,2031-09-18,4485,SP,Cível - Outros,224234.4,Provável,0.89,198630.94,181904.22,Encerrado
PROC-2026-03541,2017-03-15,2020-10-14,1309,SP,Cível - Outros,156775.33,Provável,0.76,119536.02,48297.23,Ativo
PROC-2026-03542,2017-07-31,2022-06-20,1785,SP,Cível - Execução,460004.18,Provável,0.89,407302.52,53005.16,Encerrado
PROC-2026-03543,2018-06-12,2025-07-25,2600,SP,Cível - Execução,430173.67,Provável,0.87,376050.4,159205.86,Encerrado
PROC-2026-03544,2018-10-31,2025-04-23,2366,SP,Cível - Execução,258833.32,Provável,0.78,201295.21,131404.73,Encerrado
PROC-2026-03545,2017-06-03,2031-04-21,5070,SP,Cível - Execução,111678.27,Provável,0.71,78948.11,256794.34,Encerrado
PROC-2026-03546,2018-12-08,2026-09-15,2838,SP,Cível - Execução,236010.13,Possível,0.53,118005.07,52516.04,Encerrado
PROC-2026-03547,2015-03-28,2036-02-16,7630,SP,Cível - Outros,204796.86,Provável,0.85,173749.93,485816.39,Ativo
PROC-2026-03548,2016-05-19,2021-04-03,1780,SP,Cível - Outros,285889.11,Possível,0.62,142944.56,47078.01,Encerrado
PROC-2026-03549,2016-03-04,2023-08-11,2716,SP,Cível - Outros,121201.6,Provável,0.81,97657.02,170894.51,Encerrado
PROC-2026-03550,2016-07-03,2026-01-04,3472,SP,Cível - Outros,5501.0,Possível,0.42,2750.5,83665.08,Ativo
PROC-2026-03551,2016-11-15,2022-06-02,2025,SP,Cível - Outros,495175.02,Provável,0.73,360673.38,50678.02,Encerrado
PROC-2026-03552,2016-01-13,2023-09-06,2793,SP,Cível - Outros,259976.1,Provável,0.78,201925.84,66865.54,Ativo
PROC-2026-03553,2016-02-13,2020-10-04,1695,SP,Cível - Outros,209025.06,Provável,0.98,204085.4,54816.79,Encerrado
PROC-2026-03554,2019-01-17,2023-03-02,1505,SP,Cível - Outros,496639.35,Possível,0.63,248319.67,75955.09,Encerrado
PROC-2026-03555,2015-12-23,2024-09-11,3185,SP,Cível - Outros,165602.89,Possível,0.42,82801.45,201049.73,Ativo
PROC-2026-03556,2018-01-26,2023-07-14,1995,SP,Cível - Indenizatória,333520.23,Provável,0.97,322715.06,101880.85,Ativo
PROC-2026-03557,2015-01-31,2020-07-03,1980,SP,Cível - Outros,61388.51,Possível,0.55,30694.25,48756.05,Encerrado
PROC-2026-03558,2016-08-18,2023-02-22,2379,SP,Cível - Outros,296375.83,Provável,0.9,266393.04,129175.98,Encerrado
PROC-2026-03559,2017-12-22,2039-04-01,7770,SP,Trabalhista,461719.67,Provável,0.98,451424.07,223342.73,Ativo
PROC-2026-03560,2017-10-23,2018-08-07,288,SP,Cível - Outros,37491.3,Possível,0.34,18745.65,9080.85,Encerrado
PROC-2026-03561,2018-12-08,2023-08-26,1722,SP,Cível - Execução,351040.35,Provável,0.73,257915.51,55539.52,Encerrado
PROC-2026-03562,2015-12-16,2020-04-17,1584,SP,Cível - Outros,227969.9,Provável,0.92,210467.97,61703.69,Ativo
PROC-2026-03563,2016-02-09,2018-11-30,1025,SP,Cível - Execução,253439.52,Provável,0.99,250153.0,38227.88,Encerrado
PROC-2026-03564,2018-11-30,2020-07-10,588,SP,Cível - Outros,140372.31,Provável,0.82,115017.06,38344.9,Encerrado
PROC-2026-03565,2018-07-31,2020-06-10,680,SP,Cível - Execução,164485.02,Provável,0.72,117701.01,30751.49,Encerrado
PROC-2026-03566,2017-02-26,2030-01-09,4700,SP,Cível - Execução,69618.94,Provável,0.95,65886.67,118054.21,Encerrado
PROC-2026-03567,2017-01-30,2019-02-28,759,SP,Cível - Execução,95196.44,Provável,0.9,86012.1,17173.25,Ativo
PROC-2026-03568,2016-10-06,2019-04-19,925,SP,Cível - Execução,474059.61,Provável,0.82,389776.88,17253.15,Encerrado
PROC-2026-03569,2015-01-21,2016-02-09,384,SP,Cível - Outros,212682.73,Possível,0.44,106341.36,22571.78,Encerrado
PROC-2026-03570,2015-06-16,2022-12-06,2730,SP,Cível - Execução,330188.77,Provável,0.87,287814.03,163640.66,Encerrado
PROC-2026-03571,2016-08-09,2020-07-19,1440,SP,Cível - Execução,319960.88,Provável,0.76,242189.81,60596.88,Encerrado
PROC-2026-03572,2017-11-14,2018-11-17,368,SP,Cível - Execução,202069.33,Possível,0.58,101034.66,20980.87,Encerrado
PROC-2026-03573,2017-03-27,2020-03-11,1080,SP,Cível - Outros,317271.28,Provável,0.98,312432.58,43758.68,Ativo
PROC-2026-03574,2017-08-16,2021-11-23,1560,SP,Cível - Outros,279922.73,Provável,0.97,271596.59,97988.08,Ativo
PROC-2026-03575,2016-07-29,2022-05-27,2128,SP,Cível - Outros,475659.71,Provável,0.85,405284.05,48638.75,Encerrado
PROC-2026-03576,2015-02-13,2020-09-02,2028,SP,Cível - Execução,319484.01,Possível,0.57,159742.01,99144.62,Encerrado
PROC-2026-03577,2018-02-12,2020-11-16,1008,SP,Cível - Outros,140146.39,Provável,0.89,124218.08,56040.99,Ativo
PROC-2026-03578,2016-10-31,2018-10-29,728,SP,Cível - Execução,105451.6,Provável,0.84,88626.17,26677.12,Ativo
PROC-2026-03579,2017-12-17,2020-05-23,888,SP,Cível - Indenizatória,285827.88,Provável,0.9,258063.06,48863.28,Encerrado
PROC-2026-03580,2018-05-23,2019-11-13,539,SP,Cível - Execução,169496.54,Possível,0.58,84748.27,34575.03,Encerrado
PROC-2026-03581,2019-02-13,2021-12-15,1036,SP,Cível - Outros,215579.37,Provável,0.93,199923.19,61407.72,Encerrado
PROC-2026-03582,2015-02-27,2019-09-19,1665,SP,Cível - Outros,176072.7,Provável,0.88,154353.04,91967.0,Encerrado
PROC-2026-03583,2019-08-26,2020-12-31,493,SP,Cível - Outros,255207.6,Provável,0.92,234638.98,28552.89,Ativo
PROC-2026-03584,2017-09-26,2025-02-07,2691,SP,Cível - Execução,318499.59,Provável,0.86,273257.8,92707.47,Encerrado
PROC-2026-03585,2017-09-13,2018-11-27,440,SP,Cível - Execução,359843.46,Possível,0.36,179921.73,8392.83,Ativo
PROC-2026-03586,2015-02-22,2020-03-27,1860,SP,Cível - Outros,263976.25,Provável,0.93,245377.73,76512.42,Encerrado
PROC-2026-03587,2018-06-19,2023-12-26,2016,SP,Cível - Execução,243211.35,Provável,0.91,221386.42,89703.71,Encerrado
PROC-2026-03588,2017-05-08,2022-04-06,1794,SP,Cível - Outros,88974.58,Provável,0.82,72696.88,35475.32,Encerrado
PROC-2026-03589,2018-09-17,2020-08-17,700,SP,Cível - Outros,108962.25,Provável,0.74,80967.56,19846.07,Encerrado
PROC-2026-03590,2019-06-29,2021-11-03,858,SP,Cível - Execução,228620.26,Provável,0.71,162923.52,18148.99,Encerrado
PROC-2026-03591,2018-09-06,2021-05-01,968,SP,Cível - Outros,422995.13,Possível,0.63,211497.56,55128.21,Ativo
PROC-2026-03592,2015-10-30,2016-09-24,330,SP,Cível - Outros,35356.98,Possível,0.31,17678.49,20996.21,Ativo
PROC-2026-03593,2016-04-21,2020-09-03,1596,SP,Cível - Outros,160821.33,Provável,0.78,125615.67,28376.42,Encerrado
PROC-2026-03594,2019-05-20,2024-08-01,1900,SP,Cível - Execução,182894.97,Provável,0.88,161424.25,32701.32,Encerrado
PROC-2026-03595,2019-09-13,2021-07-10,666,SP,Cível - Outros,62351.56,Possível,0.37,31175.78,33996.03,Encerrado
PROC-2026-03596,2018-02-13,2019-12-17,672,SP,Cível - Execução,371552.59,Provável,0.82,304242.13,18323.59,Encerrado
PROC-2026-03597,2016-11-20,2023-01-30,2262,SP,Cível - Indenizatória,385824.68,Provável,0.9,345969.66,140682.95,Encerrado
PROC-2026-03598,2015-01-30,2017-07-09,891,SP,Cível - Execução,462369.78,Provável,0.86,399044.3,52400.77,Encerrado
PROC-2026-03599,2018-06-25,2022-09-08,1536,SP,Cível - Outros,290560.71,Provável,0.85,248287.3,49148.51,Encerrado
PROC-2026-03600,2018-02-25,2024-06-01,2288,SP,Cível - Outros,405095.02,Possível,0.42,202547.51,96566.02,Encerrado
PROC-2026-03601,2019-04-02,2021-07-13,833,SP,Cível - Outros,207357.51,Possível,0.62,103678.76,25860.97,Ativo
PROC-2026-03602,2018-07-30,2021-10-12,1170,SP,Trabalhista,330136.94,Provável,0.72,238338.52,44195.17,Ativo
PROC-2026-03603,2015-10-04,2019-10-27,1484,SP,Cível - Outros,131640.12,Possível,0.48,65820.06,83501.17,Encerrado
PROC-2026-03604,2018-08-31,2021-12-29,1216,SP,Cível - Execução,10176.28,Provável,0.98,9969.23,41887.89,Encerrado
PROC-2026-03605,2015-08-29,2017-11-18,812,SP,Cível - Execução,243511.18,Possível,0.41,121755.59,29409.46,Ativo
PROC-2026-03606,2016-07-02,2019-11-08,1224,SP,Cível - Execução,174820.9,Possível,0.58,87410.45,30335.67,Ativo
PROC-2026-03607,2018-01-07,2018-08-03,208,SP,Cível - Execução,153193.76,Possível,0.4,76596.88,7508.24,Encerrado
PROC-2026-03608,2017-02-16,2020-08-08,1269,SP,Cível - Execução,455326.08,Provável,0.87,397118.82,55036.2,Encerrado
PROC-2026-03609,2017-04-16,2020-01-19,1008,SP,Cível - Execução,11447.86,Provável,0.82,9409.64,18134.29,Encerrado
PROC-2026-03610,2017-02-27,2020-10-15,1326,SP,Cível - Execução,82111.0,Provável,0.87,71398.96,60421.26,Encerrado
PROC-2026-03611,2015-07-18,2017-11-14,850,SP,Cível - Outros,358554.03,Provável,0.79,283391.54,16898.29,Encerrado
PROC-2026-03612,2017-05-29,2018-12-17,567,SP,Cível - Outros,334592.0,Possível,0.62,167296.0,22285.72,Encerrado
PROC-2026-03613,2016-03-15,2018-07-03,840,SP,Cível - Execução,83093.41,Provável,0.76,63008.85,41766.36,Encerrado
PROC-2026-03614,2016-01-23,2018-01-12,720,SP,Cível - Execução,174060.71,Provável,0.96,166987.46,43054.88,Encerrado
PROC-2026-03615,2016-01-28,2025-02-09,3300,SP,Cível - Execução,153793.96,Provável,0.99,151740.96,153374.61,Ativo
PROC-2026-03616,2019-01-12,2022-04-14,1188,SP,Cível - Indenizatória,60619.89,Provável,0.76,46108.22,50806.73,Encerrado
PROC-2026-03617,2017-06-20,2025-03-28,2838,SP,Cível - Execução,7763.9,Provável,0.75,5806.5,147455.09,Encerrado
PROC-2026-03618,2016-01-21,2016-09-17,240,SP,Cível - Execução,333627.2,Possível,0.68,166813.6,8346.02,Encerrado
PROC-2026-03619,2017-03-13,2020-04-17,1131,SP,Cível - Outros,370633.46,Provável,0.95,352368.44,33469.42,Encerrado
PROC-2026-03620,2018-04-07,2020-05-02,756,SP,Cível - Outros,339160.72,Provável,0.71,242101.03,33682.64,Encerrado
PROC-2026-03621,2015-11-15,2017-03-09,480,SP,Cível - Outros,31905.02,Possível,0.38,15952.51,31590.43,Encerrado
PROC-2026-03622,2016-03-24,2023-12-28,2835,SP,Cível - Outros,263902.86,Possível,0.42,131951.43,159760.51,Ativo
PROC-2026-03623,2017-12-17,2019-08-09,600,SP,Cível - Execução,23728.87,Provável,0.95,22493.12,22460.51,Encerrado
PROC-2026-03624,2015-01-10,2017-11-25,1050,SP,Cível - Execução,327770.26,Possível,0.49,163885.13,42437.13,Ativo
PROC-2026-03625,2017-12-28,2018-12-15,352,SP,Cível - Outros,197764.17,Provável,0.83,164956.96,8823.57,Ativo
PROC-2026-03626,2015-08-26,2015-12-03,99,MG,Cível - Outros,90705.03,Provável,0.99,89364.47,4712.81,Encerrado
PROC-2026-03627,2015-12-21,2019-10-25,1404,SP,Cível - Execução,240453.21,Provável,0.9,217595.57,28096.5,Encerrado
PROC-2026-03628,2015-07-24,2018-05-24,1035,SP,Cível - Outros,489381.89,Provável,0.94,460924.05,62130.57,Encerrado
PROC-2026-03629,2016-07-28,2018-02-20,572,SP,Cível - Execução,421289.16,Provável,0.89,375504.03,21182.8,Ativo
PROC-2026-03630,2016-12-20,2018-12-10,720,SP,Cível - Indenizatória,303257.76,Provável,0.78,237199.42,25553.93,Encerrado
PROC-2026-03631,2015-06-15,2018-04-25,1045,SP,Cível - Execução,339022.65,Provável,0.73,248872.02,27168.79,Ativo
PROC-2026-03632,2018-01-27,2019-05-02,460,SP,Cível - Execução,477079.02,Possível,0.45,238539.51,16672.42,Ativo
PROC-2026-03633,2015-01-28,2015-08-16,200,SP,Cível - Outros,11180.82,Possível,0.59,5590.41,9619.99,Encerrado
PROC-2026-03634,2017-04-11,2021-04-06,1456,SP,Cível - Execução,330665.33,Provável,0.82,272107.26,60970.08,Encerrado
PROC-2026-03635,2015-02-07,2016-10-20,621,SP,Cível - Outros,383562.32,Possível,0.6,191781.16,26033.21,Encerrado
PROC-2026-03636,2017-02-14,2022-03-16,1856,SP,Cível - Indenizatória,252300.9,Provável,0.84,211417.17,76196.54,Encerrado
PROC-2026-03637,2018-04-14,2025-05-10,2583,SP,Cível - Outros,378551.64,Provável,0.85,323219.52,126311.05,Ativo
PROC-2026-03638,2017-07-14,2022-10-16,1920,SP,Cível - Execução,498778.19,Possível,0.35,249389.09,74003.25,Ativo
PROC-2026-03639,2016-01-10,2018-12-23,1078,SP,Trabalhista,47205.43,Provável,0.71,33430.12,18570.7,Encerrado
PROC-2026-03640,2017-05-31,2018-03-03,276,SP,Cível - Outros,33310.4,Possível,0.41,16655.2,6086.69,Encerrado
PROC-2026-03641,2016-02-25,2016-12-18,297,SP,Cível - Outros,87625.28,Possível,0.56,43812.64,18280.62,Encerrado
PROC-2026-03642,2015-09-27,2020-07-08,1746,SP,Cível - Execução,289929.15,Possível,0.67,144964.57,98768.67,Encerrado
PROC-2026-03643,2015-03-30,2020-05-14,1872,SP,Cível - Outros,233090.92,Provável,0.72,168494.7,61359.95,Encerrado
PROC-2026-03644,2018-08-30,2025-12-07,2656,SP,Cível - Outros,337835.54,Provável,0.95,319632.73,152201.5,Ativo
PROC-2026-03645,2015-08-30,2018-02-17,902,SP,Cível - Execução,60247.71,Provável,0.75,44933.94,49253.0,Encerrado
PROC-2026-03646,2018-07-29,2022-06-14,1416,SP,Cível - Outros,350811.15,Possível,0.31,175405.58,55892.14,Ativo
PROC-2026-03647,2019-05-10,2022-01-14,980,SP,Cível - Execução,208755.37,Possível,0.42,104377.69,50767.62,Encerrado
PROC-2026-03648,2015-07-27,2018-05-15,1023,SP,Cível - Execução,437273.33,Provável,0.97,422202.86,29905.93,Ativo
PROC-2026-03649,2015-03-10,2018-11-29,1360,SP,Cível - Execução,441422.12,Possível,0.51,220711.06,89115.09,Ativo
PROC-2026-03650,2017-03-02,2018-07-21,506,SP,Cível - Outros,66097.34,Provável,0.89,59106.83,23426.08,Encerrado
PROC-2026-03651,2017-04-13,2019-08-01,840,SP,Cível - Outros,496632.06,Possível,0.57,248316.03,42376.92,Encerrado
PROC-2026-03652,2016-03-10,2018-04-17,768,SP,Cível - Execução,435550.96,Provável,0.72,314884.2,38590.62,Ativo
PROC-2026-03653,2017-09-06,2021-10-27,1512,SP,Cível - Execução,375065.36,Provável,0.86,321777.98,40098.29,Encerrado
PROC-2026-03654,2015-11-28,2019-03-09,1197,SP,Cível - Execução,38604.91,Provável,0.83,32113.5,20208.93,Ativo
PROC-2026-03655,2017-04-26,2022-10-06,1989,SP,Cível - Execução,174399.47,Provável,0.77,134512.33,52251.68,Encerrado
PROC-2026-03656,2018-04-17,2021-02-24,1044,SP,Cível - Execução,321091.4,Possível,0.52,160545.7,34279.81,Ativo
PROC-2026-03657,2017-06-12,2021-01-18,1316,SP,Cível - Execução,29939.22,Provável,0.94,28105.69,41326.94,Ativo
PROC-2026-03658,2017-04-11,2023-12-06,2430,SP,Cível - Execução,214397.02,Provável,0.86,184651.38,100458.92,Encerrado
PROC-2026-03659,2017-01-18,2020-08-30,1320,SP,Cível - Outros,373961.14,Provável,0.82,307610.48,56317.28,Encerrado
PROC-2026-03660,2017-02-15,2018-12-05,658,SP,Cível - Outros,31827.43,Provável,0.91,29008.67,23505.65,Encerrado
PROC-2026-03661,2017-01-25,2018-03-09,408,SP,Cível - Outros,269958.73,Provável,0.9,242994.58,20674.9,Ativo
PROC-2026-03662,2019-03-09,2024-06-07,1917,SP,Cível - Execução,132651.28,Provável,0.74,98293.0,57759.32,Ativo
PROC-2026-03663,2017-06-21,2018-05-11,324,SP,Cível - Outros,128253.9,Provável,0.84,107906.91,19935.96,Encerrado
PROC-2026-03664,2017-03-31,2021-11-25,1700,SP,Cível - Execução,257875.82,Provável,0.96,248837.23,42173.2,Encerrado
PROC-2026-03665,2016-12-16,2017-08-26,253,SP,Cível - Outros,417871.69,Possível,0.69,208935.85,4767.82,Encerrado
PROC-2026-03666,2018-08-21,2021-04-07,960,SP,Cível - Indenizatória,129678.42,Provável,0.99,128561.36,52284.97,Ativo
PROC-2026-03667,2016-12-19,2019-09-01,986,SP,Cível - Execução,441738.82,Provável,1.0,440296.52,42569.56,Encerrado
PROC-2026-03668,2018-08-24,2024-06-05,2112,SP,Cível - Outros,32608.44,Possível,0.31,16304.22,134192.82,Encerrado
PROC-2026-03669,2018-03-07,2020-12-21,1020,SP,Cível - Execução,24551.07,Provável,0.97,23888.43,19284.8,Encerrado
PROC-2026-03670,2018-04-16,2021-02-13,1034,SP,Cível - Execução,50137.84,Possível,0.51,25068.92,55678.64,Ativo
PROC-2026-03671,2016-05-01,2019-05-06,1100,SP,Cível - Outros,299271.36,Provável,0.96,287066.68,40874.87,Encerrado
PROC-2026-03672,2015-11-07,2028-12-13,4785,SP,Cível - Execução,93666.55,Provável,0.77,72293.57,300959.36,Encerrado
PROC-2026-03673,2017-12-18,2020-07-27,952,SP,Cível - Outros,485953.87,Possível,0.42,242976.93,41930.73,Encerrado
PROC-2026-03674,2017-02-02,2017-10-12,252,SP,Cível - Outros,173592.68,Provável,0.81,141224.18,13930.73,Encerrado
PROC-2026-03675,2018-03-18,2018-10-02,198,SP,Cível - Outros,496075.12,Possível,0.4,248037.56,3375.61,Encerrado
PROC-2026-03676,2019-07-06,2021-06-20,715,SP,Cível - Execução,364361.77,Provável,0.95,347922.73,24459.6,Encerrado
PROC-2026-03677,2018-04-22,2021-03-13,1056,SP,Cível - Outros,140722.09,Provável,0.71,99954.65,64285.02,Ativo
PROC-2026-03678,2015-06-29,2015-11-08,132,SP,Cível - Outros,221598.1,Provável,0.78,173543.75,8650.8,Ativo
PROC-2026-03679,2018-09-10,2021-08-09,1064,SP,Cível - Outros,424473.55,Provável,0.88,375173.23,23810.03,Encerrado
PROC-2026-03680,2015-10-31,2019-02-02,1190,SP,Cível - Execução,135905.59,Provável,0.74,100097.38,21046.47,Encerrado
PROC-2026-03681,2017-03-30,2021-09-05,1620,SP,Cível - Outros,45802.26,Provável,0.81,37139.75,42674.64,Ativo
PROC-2026-03682,2016-04-13,2018-07-12,820,SP,Cível - Outros,215863.94,Provável,0.8,173291.4,40992.47,Ativo
PROC-2026-03683,2015-01-10,2020-09-30,2090,SP,Cível - Execução,59890.94,Provável,0.87,51959.81,116289.59,Encerrado
PROC-2026-03684,2018-03-23,2038-07-08,7412,SP,Cível - Execução,309393.65,Provável,0.93,286663.62,404231.36,Ativo
PROC-2026-03685,2016-03-13,2019-03-22,1104,SP,Cível - Execução,443017.88,Possível,0.39,221508.94,69464.64,Ativo
PROC-2026-03686,2017-12-06,2023-10-21,2145,SP,Cível - Execução,419546.38,Provável,0.75,313248.1,88517.95,Encerrado
PROC-2026-03687,2017-10-28,2019-04-09,528,SP,Cível - Outros,138577.27,Possível,0.36,69288.64,24936.25,Encerrado
PROC-2026-03688,2015-03-04,2017-04-02,760,SP,Cível - Execução,438117.84,Provável,0.7,307734.97,16270.0,Encerrado
PROC-2026-03689,2016-02-23,2020-02-26,1464,SP,Cível - Outros,88035.07,Provável,0.73,64339.03,39477.36,Encerrado
PROC-2026-03690,2017-05-14,2020-05-20,1102,SP,Cível - Outros,129156.63,Provável,0.76,98331.74,70797.64,Encerrado
PROC-2026-03691,2019-06-06,2020-06-20,380,SP,Cível - Outros,231902.22,Possível,0.64,115951.11,13452.37,Encerrado
PROC-2026-03692,2019-06-07,2021-03-13,645,SP,Cível - Outros,7507.75,Provável,0.92,6940.91,17376.43,Ativo
PROC-2026-03693,2015-04-16,2016-05-28,408,SP,Cível - Execução,415626.82,Possível,0.36,207813.41,11746.06,Ativo
PROC-2026-03694,2015-11-27,2019-10-27,1430,SP,Cível - Execução,178435.4,Provável,0.86,154281.32,26009.33,Ativo
PROC-2026-03695,2019-04-24,2020-12-26,612,SP,Cível - Execução,141504.96,Provável,0.89,125241.1,23539.37,Encerrado
PROC-2026-03696,2015-11-27,2019-11-30,1464,SP,Cível - Execução,288262.69,Possível,0.66,144131.35,44303.54,Ativo
PROC-2026-03697,2018-02-07,2049-07-26,11492,SP,Cível - Execução,54575.11,Provável,0.75,40984.53,201352.49,Encerrado
PROC-2026-03698,2015-10-29,2016-06-25,240,SP,Cível - Outros,404288.17,Possível,0.4,202144.08,6665.97,Ativo
PROC-2026-03699,2016-01-03,2016-05-26,144,SP,Cível - Outros,419507.14,Provável,0.82,345049.34,8199.43,Encerrado
PROC-2026-03700,2016-07-31,2018-02-11,560,SP,Cível - Outros,48099.69,Provável,0.89,43014.37,34005.72,Encerrado
PROC-2026-03701,2015-03-18,2016-11-27,620,SP,Cível - Execução,203714.12,Provável,0.97,196727.56,41114.43,Encerrado
PROC-2026-03702,2017-03-23,2018-03-18,360,SP,Cível - Outros,385168.16,Provável,0.99,381120.44,19123.1,Encerrado
PROC-2026-03703,2016-06-09,2017-03-11,275,SP,Cível - Outros,13857.98,Provável,0.97,13446.75,15657.87,Ativo
PROC-2026-03704,2017-09-07,2019-04-06,576,SP,Cível - Outros,293144.63,Provável,0.8,235416.51,37813.67,Ativo
PROC-2026-03705,2019-04-08,2023-05-22,1505,SP,Cível - Execução,207657.67,Provável,0.94,195018.23,84031.08,Encerrado
PROC-2026-03706,2019-06-04,2021-08-12,800,SP,Cível - Outros,160666.74,Provável,0.99,158369.65,51483.66,Encerrado
PROC-2026-03707,2017-08-25,2020-05-13,992,SP,Cível - Execução,318793.82,Provável,0.9,285616.8,35185.17,Ativo
PROC-2026-03708,2017-12-25,2020-03-23,819,SP,Cível - Execução,478170.6,Possível,0.47,239085.3,30944.42,Ativo
PROC-2026-03709,2019-06-19,2021-03-10,630,SP,Cível - Execução,410302.39,Provável,0.79,323818.37,41436.72,Encerrado
PROC-2026-03710,2015-03-26,2017-04-20,756,SP,Cível - Execução,339667.82,Possível,0.62,169833.91,46308.79,Ativo
PROC-2026-03711,2019-02-23,2020-02-19,361,SP,Cível - Outros,329332.0,Possível,0.36,164666.0,6917.47,Encerrado
PROC-2026-03712,2017-06-17,2021-08-03,1508,SP,Cível - Outros,497571.84,Possível,0.32,248785.92,86244.68,Encerrado
PROC-2026-03713,2015-07-18,2016-10-16,456,SP,Cível - Execução,146822.98,Provável,0.78,114188.67,8729.14,Encerrado
PROC-2026-03714,2017-08-17,2019-01-11,512,SP,Cível - Outros,39587.12,Possível,0.67,19793.56,25097.81,Encerrado
PROC-2026-03715,2018-06-21,2019-05-27,340,SP,Cível - Execução,431151.78,Possível,0.52,215575.89,14620.64,Ativo
PROC-2026-03716,2016-01-09,2028-11-20,4699,SP,Cível - Outros,213440.66,Provável,0.79,169187.11,104066.07,Encerrado
PROC-2026-03717,2019-01-14,2019-07-09,176,SP,Cível - Outros,102591.61,Possível,0.35,51295.81,7012.96,Encerrado
PROC-2026-03718,2016-10-30,2025-09-28,3255,SP,Cível - Outros,353785.13,Possível,0.5,176892.56,91871.31,Ativo
PROC-2026-03719,2018-07-11,2020-11-21,864,SP,Trabalhista,26392.22,Possível,0.68,13196.11,46254.66,Ativo
PROC-2026-03720,2015-08-20,2018-02-01,896,SP,Cível - Outros,476873.14,Provável,0.95,453450.73,29930.65,Ativo
PROC-2026-03721,2017-05-28,2026-02-10,3180,SP,Cível - Execução,7638.86,Provável,0.96,7322.24,101988.55,Encerrado
PROC-2026-03722,2017-08-09,2021-07-05,1426,SP,Cível - Outros,420770.35,Provável,0.73,307605.62,89885.27,Encerrado
PROC-2026-03723,2016-02-24,2016-10-05,224,SP,Cível - Outros,356491.49,Possível,0.33,178245.75,7321.48,Encerrado
PROC-2026-03724,2016-05-01,2019-11-09,1287,SP,Cível - Execução,306180.42,Provável,0.92,282707.65,70449.08,Ativo
PROC-2026-03725,2016-01-06,2021-12-23,2178,SP,Cível - Execução,266437.45,Provável,0.95,252202.62,117309.77,Encerrado
PROC-2026-03726,2018-11-25,2024-04-27,1980,SP,Cível - Execução,444972.04,Provável,0.7,312741.38,63864.96,Ativo
PROC-2026-03727,2017-11-05,2018-10-16,345,SP,Cível - Execução,242610.62,Possível,0.51,121305.31,21293.22,Encerrado
PROC-2026-03728,2016-11-06,2019-12-03,1122,SP,Cível - Execução,123542.25,Provável,0.99,122736.0,31276.44,Ativo
PROC-2026-03729,2015-12-07,2018-10-01,1029,SP,Cível - Indenizatória,129440.37,Provável,0.74,96121.64,48369.44,Encerrado
PROC-2026-03730,2017-08-31,2019-02-12,530,SP,Trabalhista,341405.32,Provável,0.82,280331.15,16596.75,Ativo
PROC-2026-03731,2016-12-16,2022-12-15,2190,SP,Trabalhista,23357.51,Possível,0.63,11678.76,71574.61,Encerrado
PROC-2026-03732,2015-07-03,2021-08-30,2250,SP,Cível - Outros,380732.89,Possível,0.31,190366.44,104848.57,Ativo
PROC-2026-03733,2016-09-16,2031-10-07,5499,SP,Cível - Execução,11828.92,Provável,0.98,11637.79,135253.05,Ativo
PROC-2026-03734,2018-07-16,2020-11-20,858,SP,Cível - Execução,155450.44,Provável,0.81,125173.01,52517.59,Ativo
PROC-2026-03735,2018-02-17,2021-09-11,1302,SP,Cível - Execução,362800.44,Possível,0.47,181400.22,55401.28,Ativo
PROC-2026-03736,2019-10-01,2022-10-25,1120,SP,Cível - Outros,330784.54,Possível,0.48,165392.27,51612.68,Encerrado
PROC-2026-03737,2016-06-02,2019-03-07,1008,SP,Cível - Execução,394907.86,Provável,0.87,342874.89,30763.67,Encerrado
PROC-2026-03738,2016-04-20,2019-02-07,1023,SP,Cível - Outros,223691.54,Provável,0.89,199705.52,46585.7,Ativo
PROC-2026-03739,2015-07-20,2018-06-04,1050,SP,Cível - Outros,271664.43,Possível,0.59,135832.21,53238.3,Encerrado
PROC-2026-03740,2018-10-29,2023-03-23,1606,SP,Cível - Execução,442606.1,Provável,0.75,332332.98,63459.03,Encerrado
PROC-2026-03741,2018-12-23,2022-05-18,1242,SP,Cível - Execução,256736.27,Provável,0.94,241205.27,70755.17,Encerrado
PROC-2026-03742,2016-07-18,2020-01-14,1275,SP,Cível - Execução,337709.26,Provável,0.9,305274.65,61581.1,Ativo
PROC-2026-03743,2018-09-05,2024-08-20,2176,SP,Cível - Execução,454513.24,Possível,0.31,227256.62,134110.39,Encerrado
PROC-2026-03744,2017-07-26,2019-11-21,848,SP,Cível - Execução,5816.88,Possível,0.52,2908.44,19073.93,Encerrado
PROC-2026-03745,2018-03-09,2019-11-23,624,SP,Cível - Outros,423487.51,Possível,0.69,211743.75,18793.17,Encerrado
PROC-2026-03746,2017-03-26,2022-06-28,1920,SP,Cível - Execução,121640.22,Provável,0.85,103088.78,48982.84,Ativo
PROC-2026-03747,2017-10-29,2020-11-24,1122,SP,Cível - Execução,234835.45,Provável,0.75,176696.75,43156.13,Encerrado
PROC-2026-03748,2019-03-13,2022-10-29,1326,SP,Trabalhista,313764.51,Provável,0.85,265850.81,83711.1,Ativo
PROC-2026-03749,2016-05-29,2017-07-08,405,SP,Cível - Outros,456561.57,Possível,0.44,228280.78,10328.4,Encerrado
PROC-2026-03750,2015-05-31,2016-07-29,425,SP,Cível - Outros,448989.12,Possível,0.43,224494.56,20640.14,Encerrado
PROC-2026-03751,2017-10-17,2020-03-05,870,SP,Cível - Indenizatória,185046.95,Provável,0.76,140247.43,28060.4,Encerrado
PROC-2026-03752,2018-07-28,2021-02-10,928,SP,Cível - Execução,467901.0,Possível,0.47,233950.5,51463.95,Ativo
PROC-2026-03753,2015-08-01,2015-12-11,132,SP,Cível - Outros,380922.74,Possível,0.36,190461.37,4929.59,Encerrado
PROC-2026-03754,2019-09-29,2021-11-05,768,SP,Cível - Execução,95440.5,Provável,0.84,80083.45,30320.31,Encerrado
PROC-2026-03755,2016-06-11,2018-10-09,850,SP,Cível - Outros,423281.26,Provável,0.73,310599.73,45597.73,Ativo
PROC-2026-03756,2019-03-18,2020-05-07,416,SP,Cível - Outros,190253.84,Possível,0.35,95126.92,23029.01,Encerrado
PROC-2026-03757,2018-05-14,2021-09-04,1209,SP,Cível - Outros,29005.82,Provável,0.86,24845.26,40017.84,Encerrado
PROC-2026-03758,2017-12-25,2020-03-16,812,SP,Cível - Execução,469672.78,Provável,0.77,361041.59,24145.44,Encerrado
PROC-2026-03759,2017-09-26,2022-07-26,1764,SP,Cível - Execução,84553.04,Provável,0.75,63219.54,104058.98,Encerrado
PROC-2026-03760,2018-07-30,2020-07-19,720,SP,Cível - Outros,453926.39,Provável,0.83,377676.83,27238.78,Encerrado
PROC-2026-03761,2017-08-04,2020-05-24,1024,SP,Cível - Execução,417747.87,Possível,0.61,208873.93,61638.41,Ativo
PROC-2026-03762,2016-02-12,2021-08-20,2016,SP,Cível - Outros,432714.1,Provável,0.77,331694.52,119703.02,Encerrado
PROC-2026-03763,2019-04-14,2020-08-30,504,SP,Cível - Execução,259855.57,Provável,0.92,239066.26,30142.18,Encerrado
PROC-2026-03764,2017-02-26,2020-05-14,1173,SP,Cível - Execução,398325.56,Provável,0.85,340054.33,61675.1,Encerrado
PROC-2026-03765,2017-11-16,2019-02-09,450,SP,Trabalhista,9412.71,Possível,0.51,4706.35,11822.79,Ativo
PROC-2026-03766,2015-01-15,2016-07-29,561,SP,Cível - Outros,307489.62,Possível,0.46,153744.81,18821.64,Encerrado
PROC-2026-03767,2017-09-13,2022-08-18,1800,SP,Cível - Execução,260051.42,Possível,0.66,130025.71,100994.24,Encerrado
PROC-2026-03768,2019-10-23,2024-11-21,1856,SP,Cível - Execução,486961.65,Provável,0.99,483477.22,68874.82,Encerrado
PROC-2026-03769,2015-09-30,2019-04-02,1280,SP,Cível - Outros,412082.24,Possível,0.54,206041.12,49541.98,Encerrado
PROC-2026-03770,2019-08-19,2020-04-25,250,SP,Cível - Execução,241409.22,Provável,1.0,240871.49,9324.17,Ativo
PROC-2026-03771,2019-01-06,2021-12-05,1064,SP,Cível - Execução,397413.21,Provável,0.75,298641.37,21655.17,Ativo
PROC-2026-03772,2019-11-20,2020-01-31,72,MG,Cível - Outros,38191.99,Possível,0.43,19096.0,3797.29,Encerrado
PROC-2026-03773,2015-04-06,2020-04-25,1846,SP,Cível - Execução,277364.1,Provável,0.72,199117.17,52773.35,Encerrado
PROC-2026-03774,2016-05-15,2020-02-08,1364,SP,Cível - Outros,177263.89,Provável,0.78,137468.43,52038.43,Encerrado
PROC-2026-03775,2017-06-22,2027-05-28,3627,SP,Cível - Execução,415396.55,Provável,0.83,345042.09,205224.24,Ativo
PROC-2026-03776,2019-05-16,2022-04-14,1064,SP,Cível - Outros,487427.86,Provável,0.79,384893.04,62908.27,Encerrado
PROC-2026-03777,2017-11-24,2018-11-23,364,SP,Cível - Execução,403071.81,Possível,0.34,201535.9,13607.75,Encerrado
PROC-2026-03778,2018-04-04,2045-10-29,10070,SP,Cível - Execução,195651.69,Provável,0.84,164067.11,375054.13,Ativo
PROC-2026-03779,2019-11-21,2021-11-10,720,SP,Cível - Execução,307625.42,Possível,0.63,153812.71,30717.53,Encerrado
PROC-2026-03780,2019-11-10,2022-11-16,1102,SP,Cível - Execução,272407.64,Possível,0.44,136203.82,44047.15,Ativo
PROC-2026-03781,2019-08-02,2022-02-11,924,SP,Cível - Outros,253197.49,Possível,0.6,126598.74,18723.5,Encerrado
PROC-2026-03782,2016-01-24,2017-03-02,403,SP,Cível - Outros,424306.91,Possível,0.58,212153.46,20551.85,Encerrado
PROC-2026-03783,2019-11-08,2020-07-20,255,SP,Cível - Execução,382026.5,Possível,0.32,191013.25,10217.5,Encerrado
PROC-2026-03784,2017-03-17,2025-08-20,3078,SP,Cível - Indenizatória,132535.65,Provável,0.89,118029.81,76138.57,Encerrado
PROC-2026-03785,2018-09-29,2020-08-01,672,SP,Cível - Outros,352765.01,Provável,0.87,307468.37,21145.33,Encerrado
PROC-2026-03786,2019-03-23,2023-11-17,1700,SP,Cível - Outros,462373.57,Provável,0.98,453199.87,56864.39,Encerrado
PROC-2026-03787,2015-02-26,2021-11-18,2457,SP,Cível - Outros,482337.23,Possível,0.37,241168.62,70092.53,Encerrado
PROC-2026-03788,2015-11-26,2017-12-19,754,SP,Cível - Outros,243791.1,Possível,0.48,121895.55,13251.4,Encerrado
PROC-2026-03789,2018-11-20,2023-02-25,1558,SP,Cível - Execução,310306.45,Provável,0.97,302107.47,30110.77,Ativo
PROC-2026-03790,2019-01-31,2020-07-24,540,SP,Cível - Execução,209857.32,Provável,0.85,177514.27,20894.91,Ativo
PROC-2026-03791,2018-10-25,2020-03-14,506,SP,Cível - Outros,432038.63,Possível,0.54,216019.32,19853.54,Encerrado
PROC-2026-03792,2019-03-23,2020-01-02,285,SP,Cível - Outros,404978.4,Possível,0.51,202489.2,12616.02,Encerrado
PROC-2026-03793,2018-12-23,2020-07-06,561,SP,Cível - Outros,381295.44,Provável,0.79,299661.29,32396.22,Encerrado
PROC-2026-03794,2017-08-17,2025-07-08,2882,SP,Cível - Outros,148798.9,Provável,0.87,129117.04,174372.87,Encerrado
PROC-2026-03795,2015-07-03,2019-05-22,1419,SP,Cível - Outros,84091.65,Provável,0.8,67532.22,40226.58,Encerrado
PROC-2026-03796,2015-03-25,2016-01-07,288,SP,Cível - Execução,384903.2,Possível,0.45,192451.6,9147.18,Ativo
PROC-2026-03797,2019-05-23,2022-07-18,1152,SP,Cível - Outros,421568.55,Provável,0.8,339039.44,31394.16,Encerrado
PROC-2026-03798,2017-10-15,2020-03-17,884,SP,Cível - Execução,266615.86,Provável,0.82,217322.46,54234.16,Encerrado
PROC-2026-03799,2019-07-16,2021-04-06,630,SP,Cível - Execução,477114.38,Provável,0.89,423020.7,29212.04,Ativo
PROC-2026-03800,2017-11-27,2018-05-11,165,SP,Cível - Outros,479150.79,Provável,0.99,474455.46,6747.32,Encerrado
PROC-2026-03801,2016-08-31,2022-03-09,2016,SP,Cível - Execução,478278.26,Possível,0.64,239139.13,108890.46,Ativo
PROC-2026-03802,2019-04-16,2020-04-28,378,SP,Cível - Outros,228526.26,Provável,0.92,210009.56,11486.57,Ativo
PROC-2026-03803,2018-04-03,2024-05-03,2222,SP,Cível - Execução,466698.34,Provável,0.87,406709.71,121215.63,Encerrado
PROC-2026-03804,2019-04-04,2020-02-18,320,SP,Cível - Outros,27465.33,Possível,0.36,13732.67,12973.4,Encerrado
PROC-2026-03805,2016-02-07,2022-04-28,2272,SP,Cível - Outros,285849.74,Provável,0.88,252762.83,75472.09,Ativo
PROC-2026-03806,2019-11-01,2024-07-26,1729,SP,Cível - Execução,462839.06,Possível,0.67,231419.53,57788.88,Ativo
PROC-2026-03807,2015-10-04,2021-12-05,2254,SP,Cível - Outros,473648.53,Possível,0.59,236824.27,94327.32,Ativo
PROC-2026-03808,2019-04-01,2030-12-29,4290,SP,Cível - Outros,327337.02,Provável,0.73,237915.0,202675.2,Ativo
PROC-2026-03809,2017-10-01,2018-06-13,255,SP,Cível - Outros,273654.4,Possível,0.34,136827.2,9047.34,Encerrado
PROC-2026-03810,2016-11-12,2020-02-15,1190,SP,Cível - Outros,100845.35,Provável,0.73,73873.89,39240.5,Ativo
PROC-2026-03811,2015-06-05,2032-02-23,6107,SP,Cível - Outros,395263.44,Possível,0.56,197631.72,176004.02,Ativo
PROC-2026-03812,2017-08-19,2018-08-06,352,SP,Cível - Execução,262124.13,Provável,0.93,243235.78,11790.21,Encerrado
PROC-2026-03813,2016-11-25,2017-12-10,380,SP,Cível - Execução,233784.39,Provável,0.95,223171.21,24395.63,Ativo
PROC-2026-03814,2016-12-05,2019-12-26,1116,SP,Cível - Outros,351470.06,Possível,0.58,175735.03,67382.13,Encerrado
PROC-2026-03815,2016-02-15,2021-01-05,1786,SP,Cível - Execução,132791.62,Provável,1.0,132470.82,59281.75,Encerrado
PROC-2026-03816,2015-06-23,2023-03-15,2822,SP,Cível - Execução,98890.06,Provável,0.8,78896.01,132330.96,Encerrado
PROC-2026-03817,2017-03-30,2022-01-03,1740,SP,Cível - Outros,66728.4,Provável,0.72,48080.6,32151.05,Ativo
PROC-2026-03818,2018-08-24,2025-10-13,2607,SP,Cível - Outros,321142.79,Provável,0.98,315413.27,141434.29,Encerrado
PROC-2026-03819,2016-11-28,2019-12-05,1102,SP,Cível - Execução,330598.42,Provável,0.91,301815.71,68194.9,Ativo
PROC-2026-03820,2016-08-21,2020-03-13,1300,SP,Cível - Indenizatória,290264.63,Provável,0.88,255232.3,59733.48,Encerrado
PROC-2026-03821,2018-03-02,2022-01-21,1421,SP,Cível - Execução,382737.48,Provável,0.71,271855.58,49509.89,Encerrado
PROC-2026-03822,2015-12-02,2016-09-15,288,SP,Cível - Execução,38973.71,Provável,0.81,31447.7,8127.96,Encerrado
PROC-2026-03823,2019-02-05,2025-12-18,2508,SP,Cível - Outros,102512.17,Provável,0.82,83980.45,66280.95,Encerrado
PROC-2026-03824,2015-01-20,2019-01-29,1470,SP,Cível - Outros,160907.57,Provável,0.84,134548.21,96546.43,Encerrado
PROC-2026-03825,2015-06-12,2015-12-05,176,SP,Cível - Outros,362344.62,Possível,0.63,181172.31,7893.54,Encerrado
PROC-2026-03826,2017-07-04,2021-09-21,1540,SP,Cível - Indenizatória,182924.2,Provável,0.84,152939.14,31345.56,Encerrado
PROC-2026-03827,2018-03-15,2024-10-09,2400,SP,Cível - Indenizatória,64397.09,Provável,0.76,49159.69,104701.36,Encerrado
PROC-2026-03828,2019-01-14,2027-04-12,3010,SP,Cível - Outros,322520.99,Provável,0.78,250053.73,132573.92,Ativo
PROC-2026-03829,2017-12-10,2022-01-03,1485,SP,Cível - Execução,93823.9,Possível,0.36,46911.95,87351.71,Ativo
PROC-2026-03830,2017-04-03,2019-01-14,651,SP,Cível - Outros,6852.86,Provável,0.75,5169.62,29833.94,Ativo
PROC-2026-03831,2017-03-18,2020-10-22,1314,SP,Cível - Indenizatória,368061.41,Provável,0.79,290122.34,72703.34,Ativo
PROC-2026-03832,2018-03-29,2020-10-20,936,SP,Cível - Outros,208242.42,Provável,0.96,200747.96,41162.45,Ativo
PROC-2026-03833,2016-01-02,2017-09-03,610,SP,Cível - Execução,196817.38,Provável,0.87,170420.19,22774.55,Encerrado
PROC-2026-03834,2015-02-08,2017-07-26,899,SP,Cível - Outros,130317.68,Provável,0.76,99149.68,21776.08,Encerrado
PROC-2026-03835,2017-09-05,2021-11-23,1540,SP,Cível - Indenizatória,399352.87,Provável,0.76,304927.42,45461.27,Encerrado
PROC-2026-03836,2017-04-19,2019-04-29,740,SP,Cível - Execução,369346.8,Possível,0.34,184673.4,16262.32,Ativo
PROC-2026-03837,2018-10-11,2023-08-22,1776,SP,Cível - Execução,254398.57,Provável,0.83,210918.54,47070.24,Encerrado
PROC-2026-03838,2018-09-29,2022-07-16,1386,SP,Cível - Execução,218870.33,Possível,0.4,109435.16,53800.88,Ativo
PROC-2026-03839,2016-07-18,2017-12-10,510,SP,Cível - Execução,103027.95,Possível,0.32,51513.97,27744.31,Ativo
PROC-2026-03840,2016-10-30,2021-12-28,1885,SP,Cível - Outros,140778.83,Possível,0.56,70389.42,32488.82,Ativo
PROC-2026-03841,2015-08-23,2017-11-03,803,SP,Cível - Outros,432033.67,Provável,0.77,334612.03,44440.53,Encerrado
PROC-2026-03842,2017-06-16,2019-04-19,672,SP,Cível - Outros,347885.2,Possível,0.35,173942.6,23083.83,Encerrado
PROC-2026-03843,2015-07-09,2018-03-25,990,SP,Cível - Execução,333550.97,Possível,0.39,166775.48,40031.58,Ativo
PROC-2026-03844,2015-07-25,2020-11-07,1932,SP,Cível - Indenizatória,179511.92,Provável,0.8,144357.49,54726.22,Encerrado
PROC-2026-03845,2019-06-06,2021-10-13,860,SP,Cível - Execução,185077.23,Provável,0.78,145066.62,15639.28,Ativo
PROC-2026-03846,2017-02-14,2022-02-18,1830,SP,Cível - Outros,229519.57,Provável,0.92,210076.0,68099.64,Encerrado
PROC-2026-03847,2019-11-25,2025-10-14,2150,SP,Cível - Execução,360696.16,Provável,0.85,305283.78,124231.38,Ativo
PROC-2026-03848,2016-03-07,2023-06-11,2652,SP,Cível - Execução,58408.71,Provável,0.94,54629.9,92014.88,Ativo
PROC-2026-03849,2018-02-11,2020-03-26,774,SP,Cível - Execução,441645.03,Provável,0.7,309839.71,51090.14,Encerrado
PROC-2026-03850,2018-05-23,2024-03-13,2121,SP,Cível - Execução,7737.09,Possível,0.55,3868.55,117638.29,Ativo
PROC-2026-03851,2019-08-02,2024-02-22,1665,SP,Cível - Execução,383514.33,Provável,0.89,339658.04,32141.79,Ativo
PROC-2026-03852,2017-01-29,2021-01-25,1457,SP,Cível - Outros,316222.4,Provável,0.72,227800.78,60613.68,Ativo
PROC-2026-03853,2019-03-23,2025-02-17,2158,SP,Cível - Execução,402565.21,Provável,0.8,322695.33,141528.84,Ativo
PROC-2026-03854,2018-07-26,2020-01-02,525,SP,Cível - Outros,269910.27,Provável,0.9,241903.23,13459.07,Ativo
PROC-2026-03855,2015-12-17,2021-06-14,2006,SP,Cível - Execução,474159.08,Provável,0.98,463164.99,95164.35,Encerrado
PROC-2026-03856,2015-12-30,2019-07-14,1292,SP,Cível - Execução,204424.63,Provável,0.96,195902.78,45285.18,Encerrado
PROC-2026-03857,2015-07-01,2018-07-12,1107,SP,Cível - Execução,80425.78,Provável,0.73,58685.02,46962.37,Ativo
PROC-2026-03858,2017-02-14,2019-11-10,999,SP,Cível - Outros,430643.64,Provável,0.71,303920.74,54952.71,Ativo
PROC-2026-03859,2017-06-11,2018-08-25,440,SP,Cível - Outros,404477.07,Provável,0.95,382851.61,15399.57,Encerrado
PROC-2026-03860,2018-03-03,2020-12-04,1007,SP,Cível - Execução,381151.69,Provável,0.98,374770.78,44066.04,Encerrado
PROC-2026-03861,2017-09-06,2018-03-05,180,SP,Cível - Outros,105877.39,Possível,0.39,52938.7,3199.38,Encerrado
PROC-2026-03862,2015-01-20,2021-11-08,2484,SP,Cível - Outros,197782.09,Possível,0.43,98891.05,99044.18,Ativo
PROC-2026-03863,2016-10-03,2021-02-18,1599,SP,Cível - Indenizatória,168456.28,Provável,0.84,140954.2,102274.79,Encerrado
PROC-2026-03864,2017-01-17,2019-02-04,748,SP,Cível - Outros,112384.65,Possível,0.44,56192.32,21461.48,Encerrado
PROC-2026-03865,2019-06-08,2030-04-06,3955,SP,Cível - Execução,146235.27,Provável,0.84,122777.22,189492.54,Encerrado
PROC-2026-03866,2015-07-19,2020-01-07,1633,SP,Cível - Outros,33622.42,Provável,0.87,29161.92,98315.15,Ativo
PROC-2026-03867,2016-01-22,2021-07-03,1989,SP,Cível - Outros,196254.91,Possível,0.36,98127.45,58605.83,Encerrado
PROC-2026-03868,2017-08-26,2020-11-04,1166,SP,Cível - Execução,223068.68,Provável,0.79,176754.11,24313.24,Ativo
PROC-2026-03869,2015-07-09,2016-05-26,322,SP,Cível - Outros,359867.02,Possível,0.57,179933.51,9675.0,Encerrado
PROC-2026-03870,2016-05-14,2018-06-01,748,SP,Cível - Indenizatória,87052.71,Provável,0.82,71430.54,37061.26,Ativo
PROC-2026-03871,2019-04-11,2021-02-21,682,SP,Cível - Execução,385592.03,Possível,0.53,192796.02,25641.52,Ativo
PROC-2026-03872,2017-12-23,2022-04-07,1566,SP,Cível - Execução,19768.46,Provável,0.95,18805.64,85667.58,Encerrado
PROC-2026-03873,2015-09-30,2016-05-17,230,SP,Cível - Execução,59968.25,Provável,0.98,58941.13,11523.55,Ativo
PROC-2026-03874,2019-04-17,2023-07-29,1564,SP,Cível - Indenizatória,24292.37,Provável,0.85,20603.84,93036.22,Encerrado
PROC-2026-03875,2018-12-10,2021-12-02,1088,SP,Cível - Outros,300592.39,Provável,0.79,237991.93,39818.27,Encerrado
PROC-2026-03876,2018-10-01,2023-12-10,1896,SP,Cível - Execução,309808.59,Provável,0.96,296835.91,59541.46,Encerrado
PROC-2026-03877,2017-12-19,2020-01-28,770,SP,Cível - Execução,495209.9,Provável,0.75,369209.07,19564.31,Ativo
PROC-2026-03878,2016-06-10,2022-02-11,2072,SP,Cível - Execução,82297.5,Provável,0.95,78438.1,84498.91,Encerrado
PROC-2026-03879,2018-11-24,2022-03-08,1200,SP,Cível - Indenizatória,283968.29,Provável,0.82,231818.26,31897.36,Encerrado
PROC-2026-03880,2017-06-01,2021-10-16,1598,SP,Cível - Execução,155410.59,Provável,0.99,154374.35,37135.0,Encerrado
PROC-2026-03881,2019-05-21,2029-03-18,3589,SP,Cível - Execução,439855.62,Possível,0.55,219927.81,230762.95,Ativo
PROC-2026-03882,2019-05-13,2021-07-05,784,SP,Cível - Execução,82013.64,Provável,0.72,58888.37,51188.26,Encerrado
PROC-2026-03883,2019-07-16,2029-02-11,3498,SP,Cível - Execução,352275.73,Provável,0.73,257726.0,168309.69,Ativo
PROC-2026-03884,2016-08-21,2022-03-18,2035,SP,Cível - Outros,77406.37,Possível,0.63,38703.18,51939.66,Encerrado
PROC-2026-03885,2018-04-12,2020-04-25,744,SP,Cível - Execução,129688.68,Possível,0.6,64844.34,46486.52,Encerrado
PROC-2026-03886,2016-04-25,2021-01-17,1728,SP,Cível - Execução,159625.14,Provável,0.79,126362.92,54502.69,Encerrado
PROC-2026-03887,2016-03-31,2020-02-03,1404,SP,Cível - Outros,56454.43,Provável,0.99,55676.44,45770.59,Ativo
PROC-2026-03888,2015-05-30,2016-02-27,273,SP,Cível - Outros,377230.91,Possível,0.3,188615.45,13939.34,Encerrado
PROC-2026-03889,2018-02-06,2020-07-27,902,SP,Cível - Execução,348196.6,Provável,0.75,260867.07,59529.48,Encerrado
PROC-2026-03890,2018-07-26,2024-12-26,2345,SP,Cível - Execução,40570.29,Provável,0.71,28970.35,42946.52,Encerrado
PROC-2026-03891,2016-03-12,2019-08-22,1258,SP,Cível - Execução,257277.67,Possível,0.39,128638.84,49742.3,Encerrado
PROC-2026-03892,2018-05-30,2023-09-05,1924,SP,Cível - Indenizatória,295221.11,Provável,0.81,237983.2,104408.54,Encerrado
PROC-2026-03893,2017-08-18,2020-12-24,1224,SP,Cível - Execução,465512.04,Provável,0.74,343908.76,35096.15,Ativo
PROC-2026-03894,2018-11-18,2022-12-09,1482,SP,Cível - Outros,410504.87,Provável,0.87,355771.65,28893.58,Ativo
PROC-2026-03895,2018-01-09,2019-11-07,667,SP,Cível - Outros,74022.15,Provável,0.9,66795.54,16656.96,Ativo
PROC-2026-03896,2019-02-18,2023-11-20,1736,SP,Cível - Execução,472302.17,Provável,0.82,388834.99,67267.64,Encerrado
PROC-2026-03897,2019-02-07,2021-07-22,896,SP,Cível - Indenizatória,250513.14,Provável,0.89,222792.88,19911.82,Encerrado
PROC-2026-03898,2016-07-22,2036-05-02,7224,SP,Cível - Execução,108059.85,Provável,0.9,97688.87,351537.95,Encerrado
PROC-2026-03899,2016-06-19,2019-11-11,1240,SP,Cível - Execução,6623.68,Provável,0.87,5788.66,37665.23,Encerrado
PROC-2026-03900,2016-11-16,2020-11-17,1462,SP,Cível - Outros,24931.6,Possível,0.32,12465.8,57024.61,Encerrado
PROC-2026-03901,2018-04-18,2026-09-23,3080,SP,Cível - Execução,42317.48,Provável,0.83,35118.23,128976.28,Encerrado
PROC-2026-03902,2017-02-04,2017-12-21,320,SP,Cível - Outros,243070.41,Provável,0.93,226128.46,20714.28,Ativo
PROC-2026-03903,2016-01-14,2018-08-17,946,SP,Cível - Outros,424159.34,Provável,0.82,349307.39,31579.11,Encerrado
PROC-2026-03904,2015-03-24,2016-01-26,308,SP,Cível - Execução,431880.17,Provável,0.98,424511.4,15700.16,Ativo
PROC-2026-03905,2018-06-25,2023-10-15,1938,SP,Cível - Execução,207539.37,Possível,0.47,103769.69,120184.4,Ativo
PROC-2026-03906,2019-07-07,2023-04-14,1377,SP,Cível - Execução,376564.95,Provável,0.94,354575.59,61099.64,Encerrado
PROC-2026-03907,2018-07-02,2024-12-09,2352,SP,Cível - Execução,16560.06,Provável,0.78,12996.25,147254.12,Encerrado
PROC-2026-03908,2016-03-13,2018-07-13,852,SP,Cível - Execução,237769.63,Provável,0.74,176973.41,46206.41,Encerrado
PROC-2026-03909,2019-03-06,2022-08-02,1245,SP,Cível - Outros,343228.17,Provável,0.77,265417.53,39609.87,Encerrado
PROC-2026-03910,2018-05-14,2021-08-25,1199,SP,Cível - Execução,214677.48,Provável,0.78,167009.92,27871.26,Ativo
PROC-2026-03911,2016-03-16,2028-01-05,4312,SP,Cível - Outros,220344.21,Provável,0.9,197567.61,278897.13,Ativo
PROC-2026-03912,2017-11-10,2028-08-21,3937,SP,Cível - Execução,489697.32,Possível,0.47,244848.66,119614.53,Encerrado
PROC-2026-03913,2016-11-20,2021-11-30,1836,SP,Cível - Execução,256181.44,Provável,0.74,188941.82,81066.57,Encerrado
PROC-2026-03914,2019-07-07,2038-03-14,6825,SP,Cível - Execução,137469.92,Provável,0.85,116873.38,209195.0,Encerrado
PROC-2026-03915,2015-04-22,2016-07-27,462,SP,Cível - Execução,487494.7,Provável,0.9,438480.41,28125.42,Encerrado
PROC-2026-03916,2015-12-07,2024-06-30,3128,SP,Cível - Execução,162589.2,Provável,0.78,126181.93,117895.9,Encerrado
PROC-2026-03917,2015-02-06,2018-06-25,1235,SP,Cível - Execução,312031.59,Provável,0.77,241420.86,75468.49,Encerrado
PROC-2026-03918,2015-11-01,2018-09-30,1064,SP,Cível - Execução,375602.16,Provável,0.71,264937.47,54338.36,Ativo
PROC-2026-03919,2016-04-12,2023-10-03,2730,SP,Cível - Outros,179044.84,Possível,0.39,89522.42,178132.05,Encerrado
PROC-2026-03920,2018-06-16,2023-04-18,1767,SP,Cível - Execução,156158.71,Possível,0.63,78079.36,98691.84,Encerrado
PROC-2026-03921,2016-03-26,2024-06-14,3002,SP,Cível - Indenizatória,8513.18,Provável,0.82,6988.95,168666.54,Ativo
PROC-2026-03922,2019-07-26,2023-12-20,1608,SP,Cível - Outros,13136.25,Provável,0.95,12479.75,103815.23,Ativo
PROC-2026-03923,2016-12-27,2024-05-25,2706,SP,Cível - Outros,78265.17,Provável,0.74,57666.92,164398.95,Ativo
PROC-2026-03924,2015-03-24,2016-05-17,420,SP,Cível - Execução,339954.43,Possível,0.52,169977.22,20870.33,Ativo
PROC-2026-03925,2016-03-01,2019-03-10,1104,SP,Cível - Outros,403440.57,Possível,0.65,201720.29,71458.33,Ativo
PROC-2026-03926,2019-07-17,2028-07-05,3276,SP,Cível - Execução,303420.47,Possível,0.64,151710.24,98523.45,Ativo
PROC-2026-03927,2017-10-18,2019-01-21,460,SP,Cível - Execução,274622.23,Provável,0.79,216429.09,15676.13,Ativo
PROC-2026-03928,2018-09-07,2031-12-04,4836,SP,Cível - Execução,404295.08,Provável,0.98,396458.42,96532.93,Encerrado
PROC-2026-03929,2019-01-17,2025-01-09,2184,SP,Cível - Outros,483345.06,Possível,0.48,241672.53,67812.82,Ativo
PROC-2026-03930,2015-12-27,2019-03-29,1188,SP,Cível - Execução,219084.66,Provável,0.98,214232.16,73377.0,Encerrado
PROC-2026-03931,2016-06-04,2018-09-18,836,SP,Cível - Outros,80683.3,Provável,0.93,75003.56,52596.77,Encerrado
PROC-2026-03932,2017-01-30,2025-10-03,3168,SP,Cível - Outros,289091.49,Provável,0.85,245942.0,152186.78,Encerrado
PROC-2026-03933,2018-07-30,2021-07-22,1088,SP,Cível - Execução,366511.08,Provável,0.84,306242.39,44540.62,Ativo
PROC-2026-03934,2018-01-20,2042-02-11,8788,SP,Cível - Execução,496225.42,Provável,1.0,495219.35,504704.9,Ativo
PROC-2026-03935,2017-08-24,2032-07-01,5425,SP,Cível - Outros,409017.82,Provável,0.84,343313.88,217070.8,Ativo
PROC-2026-03936,2018-05-25,2024-09-22,2312,SP,Cível - Outros,209861.16,Provável,0.75,156498.17,144518.98,Encerrado
PROC-2026-03937,2019-11-16,2022-10-31,1080,SP,Cível - Execução,112730.35,Provável,0.7,79411.96,29543.97,Encerrado
PROC-2026-03938,2019-11-29,2022-09-14,1020,SP,Cível - Execução,70389.3,Possível,0.57,35194.65,36174.62,Encerrado
PROC-2026-03939,2015-04-05,2019-07-04,1551,SP,Cível - Outros,245187.81,Provável,0.8,195571.13,57126.42,Ativo
PROC-2026-03940,2016-12-27,2019-03-06,799,SP,Cível - Outros,54701.51,Possível,0.35,27350.75,39774.18,Encerrado
PROC-2026-03941,2018-08-31,2023-02-18,1632,SP,Cível - Outros,405476.26,Provável,0.83,335285.14,106650.0,Ativo
PROC-2026-03942,2015-11-28,2017-08-19,630,SP,Cível - Outros,361808.4,Provável,0.79,284652.62,31817.58,Encerrado
PROC-2026-03943,2016-03-04,2027-02-11,3996,SP,Cível - Execução,261901.27,Provável,0.94,246826.49,124056.99,Ativo
PROC-2026-03944,2018-10-13,2022-10-08,1456,SP,Cível - Outros,19419.41,Provável,0.82,15845.82,59816.79,Encerrado
PROC-2026-03945,2016-02-09,2018-12-07,1032,SP,Cível - Execução,487866.24,Provável,0.86,418738.83,28846.89,Encerrado
PROC-2026-03946,2015-08-10,2020-02-25,1660,SP,Cível - Execução,485818.72,Provável,0.86,416682.23,75772.88,Encerrado
PROC-2026-03947,2016-05-25,2018-08-28,825,SP,Cível - Execução,184373.05,Possível,0.5,92186.53,34877.92,Encerrado
PROC-2026-03948,2016-03-26,2019-12-21,1365,SP,Cível - Outros,172402.58,Provável,0.99,171151.5,27269.33,Ativo
PROC-2026-03949,2017-02-21,2022-03-27,1860,SP,Cível - Outros,257752.08,Provável,0.9,232193.07,31493.66,Ativo
PROC-2026-03950,2016-01-31,2024-03-30,2981,SP,Cível - Execução,169249.24,Provável,0.97,163849.18,197852.66,Ativo
PROC-2026-03951,2018-11-12,2024-05-18,2014,SP,Cível - Execução,149538.26,Provável,0.74,110436.2,49873.65,Encerrado
PROC-2026-03952,2016-01-23,2045-06-04,10725,SP,Cível - Execução,356180.2,Provável,0.95,337503.27,259815.47,Ativo
PROC-2026-03953,2015-10-14,2017-07-13,638,SP,Cível - Execução,61933.51,Provável,0.76,46807.86,24865.11,Ativo
PROC-2026-03954,2016-05-11,2016-12-17,220,SP,Cível - Execução,337337.53,Provável,0.75,254255.11,3734.57,Ativo
PROC-2026-03955,2016-06-03,2018-05-24,720,SP,Cível - Outros,20650.14,Provável,0.73,15071.96,39603.24,Encerrado
PROC-2026-03956,2018-12-09,2021-08-10,975,SP,Cível - Outros,371974.75,Provável,0.93,347780.54,46965.88,Encerrado
PROC-2026-03957,2019-06-23,2028-03-28,3201,SP,Cível - Execução,330593.06,Provável,0.75,248536.73,65674.55,Encerrado
PROC-2026-03958,2016-05-03,2019-01-22,994,SP,Cível - Execução,207787.57,Provável,0.89,184623.92,20610.53,Encerrado
PROC-2026-03959,2017-03-25,2020-05-08,1140,SP,Cível - Execução,201752.06,Provável,0.93,187913.74,34318.07,Ativo
PROC-2026-03960,2017-12-17,2019-08-03,594,SP,Cível - Outros,236606.64,Provável,0.88,208311.95,26922.15,Encerrado
PROC-2026-03961,2017-04-22,2020-05-27,1131,SP,Cível - Execução,169138.06,Possível,0.57,84569.03,51689.25,Encerrado
PROC-2026-03962,2017-05-06,2021-08-17,1564,SP,Cível - Execução,335311.67,Possível,0.49,167655.84,49764.09,Encerrado
PROC-2026-03963,2015-10-03,2020-01-18,1568,SP,Cível - Outros,8036.01,Provável,0.85,6854.72,99354.18,Encerrado
PROC-2026-03964,2015-08-28,2020-05-21,1728,SP,Cível - Outros,214213.06,Provável,0.82,175585.49,84697.87,Encerrado
PROC-2026-03965,2016-10-14,2018-12-05,782,SP,Cível - Execução,330735.08,Provável,0.94,310481.47,20996.83,Encerrado
PROC-2026-03966,2019-02-16,2022-10-10,1332,SP,Cível - Indenizatória,438857.18,Provável,0.97,426675.97,86472.09,Ativo
PROC-2026-03967,2018-10-09,2024-06-10,2071,SP,Cível - Execução,188842.88,Provável,0.98,184417.83,95229.1,Encerrado
PROC-2026-03968,2015-03-04,2018-08-13,1258,SP,Cível - Outros,233869.77,Possível,0.3,116934.88,33208.99,Encerrado
PROC-2026-03969,2017-10-18,2021-03-19,1248,SP,Cível - Execução,216827.46,Provável,0.91,196752.23,30005.97,Encerrado
PROC-2026-03970,2018-04-15,2024-01-02,2088,SP,Cível - Outros,276478.29,Provável,0.82,227948.6,84565.31,Encerrado
PROC-2026-03971,2016-06-08,2019-04-08,1034,SP,Cível - Execução,195597.12,Provável,0.71,138315.51,38747.41,Ativo
PROC-2026-03972,2019-04-19,2020-07-12,450,SP,Cível - Outros,482171.47,Provável,0.93,449475.46,15244.94,Encerrado
PROC-2026-03973,2017-05-24,2030-02-05,4640,SP,Cível - Execução,300991.94,Provável,0.72,217408.49,294892.22,Ativo
PROC-2026-03974,2017-12-29,2025-02-20,2610,SP,Cível - Outros,194955.69,Provável,0.96,187889.29,88262.57,Encerrado
PROC-2026-03975,2017-01-17,2018-06-11,510,SP,Cível - Execução,61791.62,Provável,0.77,47754.95,30617.89,Ativo
PROC-2026-03976,2019-08-17,2022-02-14,912,SP,Cível - Execução,305716.65,Provável,0.84,255494.56,33711.38,Encerrado
PROC-2026-03977,2017-04-11,2038-11-25,7898,SP,Cível - Execução,425246.76,Provável,0.74,313743.83,188928.39,Encerrado
PROC-2026-03978,2017-10-01,2020-10-18,1113,SP,Cível - Outros,306088.91,Possível,0.55,153044.46,23024.58,Encerrado
PROC-2026-03979,2016-05-28,2020-06-16,1480,SP,Cível - Execução,176069.26,Provável,0.89,156249.64,54815.12,Encerrado
PROC-2026-03980,2015-02-26,2024-10-11,3515,SP,Cível - Outros,233368.63,Provável,0.98,229484.84,211018.92,Ativo
PROC-2026-03981,2018-05-31,2025-04-24,2520,SP,Cível - Execução,484599.05,Provável,0.85,411267.65,89762.07,Encerrado
PROC-2026-03982,2019-04-05,2021-09-21,900,SP,Cível - Execução,438569.48,Provável,0.71,312184.33,28149.62,Ativo
PROC-2026-03983,2017-07-03,2019-07-11,738,SP,Cível - Outros,82170.47,Possível,0.69,41085.23,18950.25,Encerrado
PROC-2026-03984,2018-06-11,2020-05-13,702,SP,Cível - Execução,280659.2,Possível,0.44,140329.6,38970.51,Ativo
PROC-2026-03985,2019-08-29,2021-06-09,650,SP,Cível - Indenizatória,144292.27,Provável,0.98,141224.02,36777.92,Encerrado
PROC-2026-03986,2017-06-02,2023-03-31,2128,SP,Cível - Execução,478353.53,Provável,0.83,398999.56,63760.32,Encerrado
PROC-2026-03987,2015-09-23,2017-12-11,810,SP,Cível - Indenizatória,60672.84,Provável,0.91,55161.88,51531.4,Encerrado
PROC-2026-03988,2019-08-18,2023-10-26,1530,SP,Cível - Execução,59981.5,Possível,0.3,29990.75,68847.83,Encerrado
PROC-2026-03989,2015-07-19,2030-04-13,5382,SP,Cível - Execução,411796.68,Possível,0.64,205898.34,96047.84,Encerrado
PROC-2026-03990,2018-04-03,2029-08-21,4158,SP,Cível - Outros,483268.77,Possível,0.66,241634.39,75159.97,Encerrado
PROC-2026-03991,2019-07-23,2026-08-27,2592,SP,Cível - Outros,476389.67,Provável,0.8,381122.09,153625.73,Ativo
PROC-2026-03992,2015-04-26,2016-08-06,468,SP,Cível - Outros,245346.8,Provável,0.8,195279.77,12449.72,Encerrado
PROC-2026-03993,2019-08-07,2024-03-13,1680,SP,Cível - Outros,479920.15,Provável,0.8,383862.07,30470.21,Encerrado
PROC-2026-03994,2017-03-19,2024-08-09,2700,SP,Cível - Outros,115036.47,Possível,0.53,57518.23,171771.03,Ativo
PROC-2026-03995,2019-10-22,2030-06-14,3888,SP,Cível - Execução,191629.26,Provável,1.0,191556.98,223207.93,Encerrado
PROC-2026-03996,2019-03-28,2020-02-15,324,SP,Cível - Execução,195986.5,Possível,0.69,97993.25,13116.48,Ativo
PROC-2026-03997,2015-02-05,2035-09-02,7514,SP,Cível - Execução,404624.04,Provável,0.87,353895.01,454689.1,Encerrado
PROC-2026-03998,2019-09-03,2021-07-24,690,SP,Cível - Outros,115898.53,Provável,0.98,113238.6,32985.11,Encerrado
PROC-2026-03999,2018-08-22,2020-03-24,580,SP,Cível - Execução,483075.19,Provável,0.82,395932.09,28275.56,Ativo
PROC-2026-04000,2018-01-27,2022-06-14,1599,SP,Cível - Outros,384436.57,Provável,0.75,287634.71,77139.67,Ativo
PROC-2026-04001,2015-12-18,2018-07-06,931,SP,Cível - Outros,93809.31,Provável,0.97,91341.97,31888.52,Encerrado
PROC-2026-04002,2019-01-07,2021-11-16,1044,SP,Cível - Execução,281021.45,Possível,0.64,140510.73,32396.12,Encerrado
PROC-2026-04003,2015-09-23,2019-12-10,1539,SP,Cível - Execução,34346.64,Provável,0.83,28492.21,48232.19,Encerrado
PROC-2026-04004,2016-03-15,2018-05-08,784,SP,Cível - Outros,373566.57,Provável,0.99,371436.53,25600.37,Encerrado
PROC-2026-04005,2017-02-20,2023-07-19,2340,SP,Cível - Execução,149944.77,Provável,0.81,122103.7,107097.4,Encerrado
PROC-2026-04006,2016-04-24,2019-12-17,1332,SP,Cível - Execução,401560.06,Provável,0.81,325156.45,52433.77,Encerrado
PROC-2026-04007,2017-08-08,2026-08-15,3294,SP,Cível - Outros,258576.99,Provável,0.91,236124.28,159543.18,Encerrado
PROC-2026-04008,2019-04-04,2023-01-05,1372,SP,Cível - Outros,482591.73,Provável,0.71,341629.46,45123.47,Encerrado
PROC-2026-04009,2016-07-01,2020-08-09,1500,SP,Cível - Outros,101038.59,Possível,0.56,50519.29,90097.58,Encerrado
PROC-2026-04010,2016-02-08,2022-05-16,2289,SP,Cível - Execução,34579.21,Provável,0.72,24994.13,102368.64,Encerrado
PROC-2026-04011,2019-07-27,2023-02-16,1300,SP,Cível - Outros,475526.1,Provável,0.78,369509.67,31634.87,Ativo
PROC-2026-04012,2015-04-17,2027-07-31,4488,SP,Cível - Indenizatória,107813.29,Provável,0.98,105129.57,291267.88,Encerrado
PROC-2026-04013,2019-07-17,2026-02-15,2405,SP,Cível - Indenizatória,440073.38,Provável,0.75,328086.12,73053.45,Encerrado
PROC-2026-04014,2017-01-09,2027-08-21,3876,SP,Cível - Execução,387953.46,Provável,0.77,298433.8,123466.91,Encerrado
PROC-2026-04015,2016-03-16,2018-10-12,940,SP,Cível - Execução,32334.35,Provável,0.81,26144.08,18720.19,Encerrado
PROC-2026-04016,2016-12-14,2021-08-06,1696,SP,Cível - Execução,371435.03,Provável,0.9,335577.97,31959.59,Encerrado
PROC-2026-04017,2015-06-02,2019-08-19,1539,SP,Cível - Outros,159823.68,Possível,0.38,79911.84,42009.42,Ativo
PROC-2026-04018,2015-12-11,2017-10-17,676,SP,Trabalhista,242872.99,Provável,0.83,202195.09,31080.42,Encerrado
PROC-2026-04019,2017-07-19,2023-10-27,2291,SP,Cível - Execução,243723.97,Provável,0.7,171605.29,75752.52,Ativo
PROC-2026-04020,2017-11-09,2023-01-07,1885,SP,Cível - Execução,346504.83,Provável,0.94,324730.83,33998.54,Encerrado
PROC-2026-04021,2015-05-30,2020-01-04,1680,SP,Cível - Indenizatória,279020.77,Provável,0.83,232210.05,75935.68,Encerrado
PROC-2026-04022,2018-09-20,2023-11-03,1870,SP,Cível - Execução,409335.35,Provável,0.81,332080.48,62935.38,Encerrado
PROC-2026-04023,2015-09-23,2028-09-26,4752,SP,Cível - Indenizatória,248985.05,Provável,0.89,222319.03,208272.83,Encerrado
PROC-2026-04024,2018-01-21,2021-01-05,1080,SP,Cível - Indenizatória,301735.3,Provável,0.78,234035.16,39129.96,Encerrado
PROC-2026-04025,2015-02-25,2018-02-21,1092,SP,Cível - Outros,210522.6,Provável,0.96,201083.69,38915.97,Encerrado
PROC-2026-04026,2017-03-21,2019-02-03,684,SP,Cível - Outros,232582.27,Provável,0.98,228469.53,14354.1,Ativo
PROC-2026-04027,2019-06-09,2021-08-29,812,SP,Cível - Outros,199992.4,Possível,0.37,99996.2,17719.9,Encerrado
PROC-2026-04028,2018-10-03,2020-02-07,492,SP,Cível - Execução,372250.84,Provável,0.9,334945.1,31250.12,Encerrado
PROC-2026-04029,2015-08-21,2017-04-23,611,SP,Cível - Execução,283190.28,Provável,0.96,270467.15,18050.38,Encerrado
PROC-2026-04030,2016-03-17,2018-12-20,1008,SP,Cível - Outros,319976.35,Provável,0.9,289229.28,47954.12,Ativo
PROC-2026-04031,2015-08-09,2017-10-17,800,SP,Cível - Execução,427764.96,Provável,0.77,328568.48,49611.44,Ativo
PROC-2026-04032,2019-08-07,2025-10-04,2250,SP,Cível - Execução,493574.33,Provável,0.71,348389.58,63825.17,Encerrado
PROC-2026-04033,2015-06-29,2017-01-25,576,SP,Trabalhista,331203.49,Provável,0.89,293670.53,35514.78,Encerrado
PROC-2026-04034,2018-08-12,2021-07-20,1073,SP,Cível - Outros,453133.96,Possível,0.51,226566.98,60740.16,Ativo
PROC-2026-04035,2018-01-12,2019-11-18,675,SP,Cível - Execução,217031.27,Provável,0.8,173729.97,37127.92,Encerrado
PROC-2026-04036,2019-12-05,2027-07-26,2790,SP,Cível - Outros,432298.13,Provável,0.9,390013.62,184644.44,Encerrado
PROC-2026-04037,2019-07-26,2029-12-28,3808,SP,Cível - Indenizatória,378524.97,Provável,0.78,296098.66,82158.03,Encerrado
PROC-2026-04038,2019-05-08,2021-07-14,798,SP,Cível - Outros,201845.74,Provável,0.93,187230.12,36622.84,Encerrado
PROC-2026-04039,2019-03-21,2024-04-11,1848,SP,Cível - Execução,295477.17,Provável,0.7,206999.3,66449.62,Encerrado
PROC-2026-04040,2016-05-27,2030-10-11,5250,SP,Cível - Execução,183845.46,Possível,0.61,91922.73,287166.71,Ativo
PROC-2026-04041,2016-08-26,2018-05-28,640,SP,Cível - Outros,83484.03,Provável,0.88,73528.75,38419.87,Ativo
PROC-2026-04042,2017-04-11,2019-07-18,828,SP,Cível - Outros,291166.12,Possível,0.58,145583.06,45660.17,Encerrado
PROC-2026-04043,2017-02-13,2019-12-24,1044,SP,Cível - Execução,184103.74,Provável,0.76,140517.35,33954.43,Ativo
PROC-2026-04044,2018-06-14,2035-09-21,6308,SP,Cível - Execução,250484.08,Provável,0.75,187748.64,354948.3,Ativo
PROC-2026-04045,2017-12-31,2023-10-25,2124,SP,Cível - Execução,197664.35,Possível,0.38,98832.17,126827.92,Encerrado
PROC-2026-04046,2018-01-11,2026-03-05,2975,SP,Cível - Execução,468702.21,Provável,0.99,462702.95,143250.61,Encerrado
PROC-2026-04047,2017-01-22,2019-02-01,740,SP,Cível - Execução,462494.8,Provável,0.82,377671.28,41646.48,Encerrado
PROC-2026-04048,2015-07-18,2017-02-25,588,SP,Cível - Execução,209587.32,Provável,0.94,196555.44,12108.45,Encerrado
PROC-2026-04049,2016-05-12,2020-01-22,1350,SP,Cível - Execução,202485.71,Provável,0.71,144072.95,86528.51,Encerrado
PROC-2026-04050,2016-05-17,2020-08-15,1551,SP,Cível - Execução,472434.77,Provável,0.81,384966.95,39912.76,Ativo
PROC-2026-04051,2019-04-13,2026-04-08,2552,SP,Cível - Indenizatória,48547.43,Provável,0.96,46415.73,139093.58,Encerrado
PROC-2026-04052,2015-05-10,2021-03-21,2142,SP,Cível - Indenizatória,496239.38,Provável,0.76,377175.26,49542.75,Encerrado
PROC-2026-04053,2015-06-02,2019-06-03,1462,SP,Cível - Execução,237302.61,Provável,0.87,207150.43,82388.2,Encerrado
PROC-2026-04054,2017-07-15,2019-10-29,836,SP,Cível - Outros,491585.22,Possível,0.59,245792.61,26640.52,Encerrado
PROC-2026-04055,2018-03-20,2020-02-08,690,SP,Cível - Indenizatória,414555.49,Provável,0.9,372227.44,39106.61,Encerrado
PROC-2026-04056,2016-12-04,2020-07-30,1334,SP,Cível - Execução,246807.52,Provável,0.93,229240.23,67245.68,Ativo
PROC-2026-04057,2017-08-19,2019-11-17,820,SP,Cível - Outros,432004.51,Provável,0.79,339415.96,20591.32,Encerrado
PROC-2026-04058,2016-01-02,2018-05-01,850,SP,Cível - Execução,374215.9,Possível,0.31,187107.95,38367.26,Ativo
PROC-2026-04059,2016-10-22,2021-02-28,1590,SP,Cível - Outros,374647.1,Possível,0.54,187323.55,91478.42,Encerrado
PROC-2026-04060,2018-11-14,2025-04-27,2356,SP,Cível - Outros,233663.52,Provável,0.92,215635.04,123441.55,Ativo
PROC-2026-04061,2018-04-14,2020-10-03,903,SP,Cível - Outros,428869.55,Possível,0.68,214434.77,58421.37,Encerrado
PROC-2026-04062,2015-12-24,2020-03-06,1534,SP,Cível - Indenizatória,335589.56,Provável,0.94,316722.2,98513.76,Encerrado
PROC-2026-04063,2019-04-27,2023-12-02,1680,SP,Cível - Indenizatória,389988.77,Provável,0.93,361070.99,98399.44,Encerrado
PROC-2026-04064,2017-05-30,2018-02-01,247,SP,Cível - Outros,202847.26,Possível,0.4,101423.63,10859.68,Encerrado
PROC-2026-04065,2019-07-28,2023-04-21,1363,SP,Cível - Outros,204974.34,Provável,0.86,176490.63,88022.23,Encerrado
PROC-2026-04066,2017-06-21,2018-12-19,546,SP,Cível - Indenizatória,203050.31,Provável,0.96,194848.79,17376.11,Encerrado
PROC-2026-04067,2018-01-15,2021-07-07,1269,SP,Cível - Outros,380044.41,Provável,0.97,368700.08,60776.19,Encerrado
PROC-2026-04068,2016-10-12,2018-07-18,644,SP,Cível - Execução,350402.86,Provável,0.88,308277.86,13533.11,Ativo
PROC-2026-04069,2018-05-03,2020-02-10,648,SP,Cível - Execução,262717.33,Provável,0.9,236446.96,26553.56,Encerrado
PROC-2026-04070,2017-02-10,2023-04-04,2244,SP,Cível - Execução,165774.89,Possível,0.32,82887.45,131366.3,Ativo
PROC-2026-04071,2019-06-08,2021-06-25,748,SP,Cível - Execução,491425.36,Possível,0.59,245712.68,42767.15,Encerrado
PROC-2026-04072,2017-04-11,2018-01-24,288,SP,Cível - Outros,185113.84,Possível,0.38,92556.92,16697.81,Encerrado
PROC-2026-04073,2016-08-26,2022-03-03,2015,SP,Cível - Execução,129157.71,Provável,0.97,125877.4,60664.21,Encerrado
PROC-2026-04074,2019-01-16,2021-12-04,1053,SP,Cível - Outros,356641.6,Provável,0.89,316801.78,17909.2,Ativo
PROC-2026-04075,2016-05-26,2023-06-19,2580,SP,Cível - Execução,156265.22,Provável,0.77,120338.97,79623.36,Encerrado
PROC-2026-04076,2017-02-23,2018-03-22,392,SP,Cível - Outros,8201.15,Provável,0.85,6978.11,21672.02,Encerrado
PROC-2026-04077,2017-07-27,2021-12-06,1593,SP,Cível - Execução,46582.23,Provável,0.88,41158.98,46072.99,Encerrado
PROC-2026-04078,2015-03-08,2018-09-30,1302,SP,Cível - Outros,244590.39,Possível,0.4,122295.2,59267.42,Ativo
PROC-2026-04079,2015-05-20,2019-01-02,1323,SP,Cível - Execução,499616.63,Provável,0.98,487778.42,77901.05,Encerrado
PROC-2026-04080,2017-02-11,2019-05-24,832,SP,Cível - Outros,37580.39,Provável,0.86,32186.27,44994.85,Ativo
PROC-2026-04081,2017-05-09,2018-05-08,364,SP,Cível - Execução,464022.1,Possível,0.33,232011.05,20339.65,Ativo
PROC-2026-04082,2015-02-04,2018-02-08,1100,SP,Cível - Outros,272222.16,Provável,0.82,223680.29,72285.32,Encerrado
PROC-2026-04083,2017-05-13,2020-07-11,1155,SP,Cível - Execução,499287.17,Provável,0.76,378986.23,61284.52,Encerrado
PROC-2026-04084,2018-02-22,2019-06-30,493,SP,Cível - Outros,26813.93,Provável,0.96,25773.13,15544.02,Encerrado
PROC-2026-04085,2015-09-27,2018-05-29,975,SP,Cível - Execução,269468.67,Provável,0.74,199562.2,25639.25,Encerrado
PROC-2026-04086,2016-09-20,2020-02-15,1243,SP,Cível - Outros,136550.61,Provável,0.72,98374.28,27796.0,Encerrado
PROC-2026-04087,2017-12-18,2020-08-16,972,SP,Cível - Execução,129629.56,Provável,0.82,106625.98,56838.21,Encerrado
PROC-2026-04088,2017-08-05,2026-02-27,3128,SP,Cível - Outros,482304.05,Provável,0.75,359730.64,54047.52,Encerrado
PROC-2026-04089,2015-08-03,2020-07-01,1794,SP,Cível - Execução,475650.41,Provável,0.96,458926.92,67722.32,Encerrado
PROC-2026-04090,2015-08-20,2016-05-31,285,SP,Cível - Outros,464747.07,Possível,0.53,232373.54,18454.17,Encerrado
PROC-2026-04091,2019-04-16,2021-10-04,902,SP,Cível - Execução,222231.86,Possível,0.37,111115.93,29649.76,Ativo
PROC-2026-04092,2017-09-04,2019-07-20,684,SP,Cível - Outros,187102.67,Provável,0.71,133495.77,27693.05,Ativo
PROC-2026-04093,2016-09-14,2026-12-08,3737,SP,Cível - Indenizatória,271526.41,Provável,0.74,201349.78,77262.47,Encerrado
PROC-2026-04094,2016-01-24,2018-01-18,725,SP,Cível - Execução,445922.21,Provável,0.93,414780.77,17726.55,Ativo
PROC-2026-04095,2019-03-17,2025-12-14,2464,SP,Cível - Execução,93632.57,Provável,0.71,66901.34,65599.4,Ativo
PROC-2026-04096,2017-09-12,2029-01-09,4137,SP,Cível - Execução,88071.38,Provável,0.86,75722.33,89555.9,Ativo
PROC-2026-04097,2015-09-19,2025-12-16,3741,SP,Cível - Outros,162455.16,Possível,0.68,81227.58,175723.72,Ativo
PROC-2026-04098,2017-04-13,2022-05-29,1872,SP,Cível - Execução,304195.15,Provável,0.76,232326.55,81632.17,Encerrado
PROC-2026-04099,2019-07-03,2020-12-16,532,SP,Cível - Indenizatória,253670.39,Provável,0.85,215101.51,11635.23,Encerrado
PROC-2026-04100,2019-05-10,2023-12-07,1672,SP,Cível - Execução,120702.27,Provável,0.97,117057.74,70819.19,Ativo
PROC-2026-04101,2015-08-23,2016-10-12,416,SP,Cível - Execução,359966.21,Provável,0.75,270521.75,18586.38,Ativo
PROC-2026-04102,2019-08-31,2023-03-19,1296,SP,Cível - Execução,248934.49,Possível,0.46,124467.25,53959.52,Encerrado
PROC-2026-04103,2016-08-07,2039-04-29,8300,SP,Cível - Execução,238260.6,Possível,0.47,119130.3,434477.62,Ativo
PROC-2026-04104,2018-06-01,2023-02-23,1728,SP,Cível - Execução,22169.22,Provável,0.76,16889.74,65478.77,Ativo
PROC-2026-04105,2019-06-10,2023-03-31,1390,SP,Cível - Execução,433004.85,Provável,0.99,428336.96,81150.99,Ativo
PROC-2026-04106,2019-11-28,2027-03-19,2668,SP,Cível - Execução,310825.49,Provável,0.74,231522.37,171763.25,Encerrado
PROC-2026-04107,2015-06-20,2019-03-01,1350,SP,Cível - Indenizatória,73592.01,Provável,0.74,54788.24,79727.38,Encerrado
PROC-2026-04108,2019-09-21,2022-07-12,1025,SP,Cível - Outros,241225.18,Possível,0.63,120612.59,33827.53,Ativo
PROC-2026-04109,2017-10-18,2020-02-29,864,SP,Cível - Outros,283555.28,Provável,0.83,236564.04,17314.27,Ativo
PROC-2026-04110,2015-10-17,2019-07-16,1368,SP,Cível - Execução,143131.33,Possível,0.68,71565.67,69495.21,Encerrado
PROC-2026-04111,2018-02-08,2054-12-08,13452,SP,Cível - Outros,80532.36,Provável,0.85,68271.16,599383.78,Ativo
PROC-2026-04112,2019-04-07,2021-09-22,899,SP,Cível - Execução,279281.55,Provável,1.0,278516.6,51339.73,Encerrado
PROC-2026-04113,2016-12-20,2020-06-11,1269,SP,Cível - Execução,285705.06,Provável,0.92,263323.9,64837.57,Encerrado
PROC-2026-04114,2019-11-01,2026-04-10,2352,SP,Cível - Outros,465031.28,Provável,0.91,422920.87,52617.42,Encerrado
PROC-2026-04115,2015-04-14,2017-11-09,940,SP,Cível - Outros,390783.26,Provável,0.91,356527.83,39516.62,Encerrado
PROC-2026-04116,2017-09-05,2020-01-11,858,SP,Cível - Execução,182098.81,Provável,0.91,166394.62,44413.11,Ativo
PROC-2026-04117,2015-09-08,2020-02-09,1615,SP,Cível - Execução,271225.4,Provável,0.83,225337.43,54690.67,Ativo
PROC-2026-04118,2018-07-29,2022-10-24,1548,SP,Cível - Outros,265052.08,Provável,0.97,256084.18,102586.68,Ativo
PROC-2026-04119,2018-06-14,2021-09-14,1188,SP,Cível - Execução,438833.05,Possível,0.38,219416.53,34313.4,Ativo
PROC-2026-04120,2016-10-21,2018-07-03,620,SP,Cível - Outros,196032.38,Provável,0.79,154826.19,26008.46,Encerrado
PROC-2026-04121,2017-04-04,2026-10-09,3475,SP,Cível - Outros,244689.95,Provável,0.81,198545.41,181543.45,Ativo
PROC-2026-04122,2018-02-08,2024-05-31,2304,SP,Cível - Execução,224655.9,Provável,0.98,219098.62,121547.85,Ativo
PROC-2026-04123,2019-01-06,2027-09-09,3168,SP,Cível - Outros,497905.13,Provável,0.75,375286.59,132774.83,Ativo
PROC-2026-04124,2019-09-10,2023-03-20,1287,SP,Cível - Execução,332856.85,Provável,0.96,318806.52,22494.79,Encerrado
PROC-2026-04125,2018-09-16,2020-07-31,684,SP,Cível - Outros,435754.92,Provável,0.81,350913.1,42757.88,Encerrado
PROC-2026-04126,2016-02-09,2017-09-20,589,SP,Cível - Outros,386454.04,Provável,0.72,276384.57,21168.47,Ativo
PROC-2026-04127,2019-05-09,2022-03-14,1040,SP,Cível - Execução,436070.77,Provável,0.7,306843.53,39597.42,Ativo
PROC-2026-04128,2015-05-18,2020-01-28,1716,SP,Cível - Outros,97896.11,Provável,0.96,94458.94,28927.87,Encerrado
PROC-2026-04129,2019-03-17,2022-01-20,1040,SP,Cível - Outros,356329.08,Provável,0.79,282136.72,25389.04,Encerrado
PROC-2026-04130,2015-12-21,2018-04-27,858,SP,Cível - Outros,7386.04,Possível,0.52,3693.02,55983.05,Encerrado
PROC-2026-04131,2019-06-16,2025-01-10,2035,SP,Cível - Outros,273421.77,Possível,0.53,136710.88,104403.28,Ativo
PROC-2026-04132,2016-10-14,2019-03-15,882,SP,Cível - Outros,39284.85,Provável,0.7,27539.1,47990.37,Encerrado
PROC-2026-04133,2017-03-18,2022-03-19,1827,SP,Cível - Execução,141946.49,Possível,0.49,70973.25,87281.49,Ativo
PROC-2026-04134,2017-07-14,2022-10-13,1917,SP,Cível - Outros,431166.73,Provável,0.96,415261.31,50893.7,Encerrado
PROC-2026-04135,2016-04-08,2018-04-16,738,SP,Cível - Execução,44606.27,Provável,0.86,38516.13,46917.9,Encerrado
PROC-2026-04136,2019-05-15,2022-07-28,1170,SP,Cível - Execução,478344.13,Provável,0.85,406066.88,26417.71,Encerrado
PROC-2026-04137,2019-10-08,2028-05-01,3128,SP,Cível - Execução,418479.96,Provável,1.0,416730.22,65260.57,Encerrado
PROC-2026-04138,2015-03-09,2022-02-07,2527,SP,Cível - Outros,209420.73,Possível,0.37,104710.37,136117.17,Encerrado
PROC-2026-04139,2016-06-22,2023-05-05,2508,SP,Cível - Indenizatória,226522.07,Provável,0.99,224716.67,158199.66,Encerrado
PROC-2026-04140,2018-08-06,2027-11-02,3375,SP,Cível - Outros,261351.27,Provável,0.94,245433.35,140918.51,Encerrado
PROC-2026-04141,2017-03-05,2020-06-13,1196,SP,Cível - Indenizatória,218165.5,Provável,0.82,178575.97,54270.0,Encerrado
PROC-2026-04142,2015-06-10,2017-04-16,676,SP,Cível - Execução,323246.01,Provável,0.99,320449.89,42068.52,Encerrado
PROC-2026-04143,2016-12-21,2024-02-21,2618,SP,Cível - Indenizatória,7566.83,Provável,0.88,6665.07,109721.09,Encerrado
PROC-2026-04144,2016-09-29,2031-05-29,5355,SP,Cível - Outros,476811.13,Possível,0.64,238405.57,287849.63,Ativo
PROC-2026-04145,2019-06-04,2023-02-05,1342,SP,Cível - Indenizatória,389037.27,Provável,0.92,356728.34,60175.96,Encerrado
PROC-2026-04146,2016-09-26,2023-05-23,2430,SP,Cível - Execução,106970.13,Provável,0.8,85684.05,106641.36,Ativo
PROC-2026-04147,2017-10-05,2029-08-12,4329,SP,Cível - Outros,280240.04,Possível,0.47,140120.02,187737.32,Ativo
PROC-2026-04148,2015-11-03,2036-08-08,7584,SP,Cível - Execução,96860.14,Provável,0.94,90775.2,395386.29,Ativo
PROC-2026-04149,2017-04-28,2025-09-05,3052,SP,Cível - Execução,399172.87,Provável,0.96,383671.36,139143.7,Ativo
PROC-2026-04150,2016-04-04,2031-10-07,5664,SP,Cível - Execução,230860.58,Provável,1.0,230307.36,357334.24,Ativo
PROC-2026-04151,2019-05-26,2025-10-21,2340,SP,Cível - Execução,346546.18,Provável,0.75,259151.44,130213.82,Encerrado
PROC-2026-04152,2019-09-10,2022-12-11,1188,SP,Cível - Execução,232705.32,Provável,0.83,193641.99,66550.36,Encerrado
PROC-2026-04153,2017-09-11,2023-09-12,2192,SP,Cível - Execução,215460.23,Possível,0.68,107730.11,56164.02,Encerrado
PROC-2026-04154,2016-12-16,2026-03-18,3379,SP,Cível - Execução,286430.03,Possível,0.37,143215.02,190713.0,Encerrado
PROC-2026-04155,2016-11-07,2020-06-29,1330,SP,Cível - Indenizatória,472579.4,Provável,0.75,354648.42,36547.29,Encerrado
PROC-2026-04156,2015-02-09,2024-05-22,3390,SP,Cível - Execução,317508.05,Provável,1.0,316670.61,85608.76,Encerrado
PROC-2026-04157,2018-03-13,2021-04-08,1122,SP,Cível - Indenizatória,308113.91,Provável,0.89,274997.91,43277.87,Encerrado
PROC-2026-04158,2019-06-07,2027-06-25,2940,SP,Cível - Outros,445776.86,Possível,0.33,222888.43,149809.11,Ativo
PROC-2026-04159,2019-07-11,2025-05-10,2130,SP,Cível - Outros,373369.7,Possível,0.56,186684.85,127451.42,Encerrado
PROC-2026-04160,2017-10-15,2020-06-21,980,SP,Cível - Execução,130296.53,Provável,0.83,108413.35,53358.06,Encerrado
PROC-2026-04161,2019-11-26,2020-12-20,390,SP,Cível - Outros,493352.96,Provável,0.87,429327.17,16579.01,Encerrado
PROC-2026-04162,2018-11-01,2035-08-28,6144,SP,Cível - Execução,452611.92,Provável,0.77,348164.5,408420.35,Encerrado
PROC-2026-04163,2015-07-13,2017-12-20,891,SP,Cível - Outros,422940.89,Provável,0.74,311169.34,21720.76,Encerrado
PROC-2026-04164,2019-01-06,2031-08-09,4598,SP,Cível - Execução,106819.14,Provável,0.72,76465.05,200157.45,Ativo
PROC-2026-04165,2019-01-02,2022-01-31,1125,SP,Cível - Indenizatória,365575.54,Provável,0.97,355325.17,45505.17,Encerrado
PROC-2026-04166,2017-09-29,2022-10-21,1848,SP,Cível - Execução,302348.7,Provável,0.84,253519.78,41408.62,Encerrado
PROC-2026-04167,2015-06-02,2023-11-08,3081,SP,Trabalhista,73310.03,Provável,0.84,61269.86,130357.07,Encerrado
PROC-2026-04168,2017-02-09,2028-01-01,3978,SP,Cível - Indenizatória,343238.05,Provável,0.93,319837.46,111032.24,Encerrado
PROC-2026-04169,2019-04-14,2023-12-25,1716,SP,Cível - Execução,155412.8,Possível,0.34,77706.4,113340.87,Ativo
PROC-2026-04170,2016-08-17,2026-05-27,3570,SP,Cível - Execução,300791.06,Provável,0.88,266066.68,147531.51,Ativo
PROC-2026-04171,2016-03-16,2021-01-30,1781,SP,Cível - Execução,310601.26,Possível,0.6,155300.63,31570.56,Ativo
PROC-2026-04172,2019-07-11,2021-12-24,897,SP,Cível - Execução,303112.93,Provável,0.93,283089.59,41221.52,Ativo
PROC-2026-04173,2019-01-06,2053-10-16,12702,SP,Cível - Execução,385967.32,Provável,0.85,327557.38,598078.26,Ativo
PROC-2026-04174,2019-10-26,2021-11-23,759,SP,Trabalhista,103895.21,Provável,0.98,101652.07,23426.33,Ativo
PROC-2026-04175,2018-01-23,2024-09-30,2442,SP,Cível - Execução,328796.97,Provável,0.7,231601.82,104336.4,Encerrado
PROC-2026-04176,2015-10-18,2020-05-18,1674,SP,Cível - Execução,169396.9,Provável,1.0,169255.29,74074.78,Encerrado
PROC-2026-04177,2018-10-15,2020-02-03,476,SP,Cível - Execução,479823.98,Possível,0.38,239911.99,26402.26,Ativo
PROC-2026-04178,2016-03-15,2023-11-27,2813,SP,Cível - Indenizatória,10479.43,Provável,0.78,8190.06,94833.72,Encerrado
PROC-2026-04179,2015-03-27,2021-09-27,2376,SP,Cível - Indenizatória,400535.77,Possível,0.7,200267.89,60907.63,Encerrado
PROC-2026-04180,2015-02-21,2017-01-21,700,SP,Cível - Outros,185859.94,Provável,0.82,153045.21,38428.07,Encerrado
PROC-2026-04181,2019-05-11,2022-04-17,1072,SP,Cível - Execução,334823.8,Provável,0.74,248610.42,25329.13,Encerrado
PROC-2026-04182,2017-04-10,2023-11-05,2400,SP,Cível - Outros,50929.7,Provável,0.95,48467.85,59027.62,Ativo
PROC-2026-04183,2018-02-26,2028-09-01,3840,SP,Cível - Execução,56414.41,Provável,0.87,49279.93,117685.83,Encerrado
PROC-2026-04184,2019-11-02,2025-11-30,2220,SP,Cível - Outros,437782.9,Provável,0.97,425064.42,38285.14,Encerrado
PROC-2026-04185,2017-11-05,2024-04-17,2355,SP,Cível - Execução,233094.41,Provável,0.94,219533.58,148965.45,Encerrado
PROC-2026-04186,2018-02-12,2024-04-18,2257,SP,Cível - Execução,196853.27,Provável,0.83,162883.35,72196.25,Encerrado
PROC-2026-04187,2015-12-27,2019-01-22,1122,SP,Cível - Outros,52782.85,Provável,0.94,49545.69,49721.13,Encerrado
PROC-2026-04188,2019-01-27,2020-01-12,350,SP,Cível - Execução,289314.58,Possível,0.41,144657.29,7218.06,Encerrado
PROC-2026-04189,2017-05-01,2019-08-27,848,SP,Cível - Execução,76606.94,Provável,0.97,74576.52,18220.56,Encerrado
PROC-2026-04190,2017-07-13,2025-11-08,3040,SP,Cível - Execução,184485.94,Possível,0.69,92242.97,93048.84,Encerrado
PROC-2026-04191,2016-05-30,2030-01-05,4968,SP,Cível - Execução,338304.06,Possível,0.46,169152.03,277723.91,Ativo
PROC-2026-04192,2019-02-24,2024-07-27,1980,SP,Cível - Execução,56913.8,Provável,0.89,50763.57,39800.0,Encerrado
PROC-2026-04193,2015-12-06,2020-01-26,1512,SP,Cível - Execução,327790.26,Possível,0.44,163895.13,100121.98,Encerrado
PROC-2026-04194,2019-12-01,2026-12-04,2560,SP,Cível - Outros,221730.54,Provável,0.83,182929.79,112184.53,Encerrado
PROC-2026-04195,2015-11-29,2019-07-11,1320,SP,Cível - Execução,148510.07,Provável,0.86,127081.23,58612.74,Encerrado
PROC-2026-04196,2019-08-31,2021-01-02,490,SP,Cível - Execução,213501.67,Provável,0.96,205571.59,16201.12,Encerrado
PROC-2026-04197,2017-02-05,2019-10-08,975,SP,Cível - Outros,98732.01,Provável,0.78,76803.01,26675.59,Ativo
PROC-2026-04198,2019-03-14,2020-07-21,495,SP,Cível - Execução,140465.54,Provável,0.91,128244.05,13558.08,Encerrado
PROC-2026-04199,2017-12-06,2028-01-09,3686,SP,Cível - Execução,191201.91,Provável,0.83,158415.5,156784.78,Ativo
PROC-2026-04200,2015-03-29,2017-09-05,891,SP,Cível - Execução,24346.1,Possível,0.35,12173.05,36293.15,Encerrado
PROC-2026-04201,2018-09-24,2022-09-21,1458,SP,Cível - Execução,269217.22,Provável,0.81,218847.36,68349.25,Encerrado
PROC-2026-04202,2019-04-14,2024-04-16,1829,SP,Cível - Execução,495922.31,Provável,0.95,470653.97,115480.6,Ativo
PROC-2026-04203,2015-08-03,2018-07-11,1073,SP,Cível - Outros,100690.5,Provável,0.98,98784.82,66504.62,Encerrado
PROC-2026-04204,2019-11-29,2024-09-30,1767,SP,Cível - Execução,66188.15,Provável,0.81,53626.61,83283.41,Ativo
PROC-2026-04205,2017-04-19,2025-09-19,3075,SP,Cível - Execução,420515.12,Possível,0.52,210257.56,66676.81,Encerrado
PROC-2026-04206,2018-02-15,2027-02-04,3276,SP,Cível - Execução,179966.0,Provável,0.9,162789.95,172434.27,Encerrado
PROC-2026-04207,2016-04-06,2020-11-11,1680,SP,Cível - Outros,222995.75,Provável,0.87,195110.1,107528.48,Ativo
PROC-2026-04208,2017-09-28,2020-07-18,1024,SP,Cível - Execução,492866.84,Provável,0.87,430135.45,40342.54,Encerrado
PROC-2026-04209,2017-05-17,2033-04-11,5808,SP,Cível - Execução,439846.39,Provável,0.76,335818.92,103142.83,Encerrado
PROC-2026-04210,2018-02-06,2019-06-01,480,SP,Cível - Execução,252091.93,Provável,0.86,216843.85,15896.96,Ativo
PROC-2026-04211,2016-06-12,2023-02-24,2448,SP,Cível - Execução,27580.99,Provável,0.95,26156.64,103468.39,Encerrado
PROC-2026-04212,2019-01-11,2020-10-16,644,SP,Cível - Execução,425492.77,Provável,0.7,298446.28,42481.94,Encerrado
PROC-2026-04213,2016-06-13,2022-11-09,2340,SP,Cível - Indenizatória,277316.77,Provável,0.96,265575.95,54932.51,Ativo
PROC-2026-04214,2018-11-04,2025-12-09,2592,SP,Cível - Outros,305931.3,Provável,0.72,219795.61,169557.31,Encerrado
PROC-2026-04215,2016-05-03,2025-07-15,3360,SP,Cível - Execução,54675.36,Possível,0.41,27337.68,170831.56,Ativo
PROC-2026-04216,2018-05-10,2025-05-18,2565,SP,Cível - Indenizatória,290007.85,Provável,0.8,231252.54,71741.01,Encerrado
PROC-2026-04217,2018-09-06,2022-11-24,1540,SP,Cível - Execução,88044.28,Provável,0.82,72120.31,98011.57,Encerrado
PROC-2026-04218,2019-09-17,2022-02-13,880,SP,Cível - Execução,324140.31,Possível,0.33,162070.15,36316.9,Encerrado
PROC-2026-04219,2015-06-03,2024-07-05,3320,SP,Cível - Execução,175556.07,Provável,0.8,140728.92,164245.28,Encerrado
PROC-2026-04220,2019-03-13,2023-12-05,1728,SP,Cível - Outros,333167.55,Provável,0.78,259188.7,45673.36,Encerrado
PROC-2026-04221,2019-07-16,2022-03-11,969,SP,Cível - Execução,368950.5,Provável,0.77,282834.1,61773.11,Encerrado
PROC-2026-04222,2015-10-10,2023-12-09,2982,SP,Cível - Execução,172189.97,Provável,0.87,149981.05,131652.49,Encerrado
PROC-2026-04223,2016-04-24,2018-11-25,945,SP,Cível - Outros,398331.97,Provável,0.77,307418.52,58537.02,Encerrado
PROC-2026-04224,2019-03-07,2029-11-09,3900,SP,Cível - Outros,144626.19,Provável,0.73,105873.48,242387.29,Encerrado
PROC-2026-04225,2019-09-04,2022-05-21,990,SP,Cível - Outros,183302.32,Possível,0.6,91651.16,53710.55,Encerrado
PROC-2026-04226,2019-08-26,2021-07-10,684,SP,Cível - Execução,401650.9,Provável,0.99,397655.09,21720.69,Encerrado
PROC-2026-04227,2017-08-08,2023-08-27,2210,SP,Cível - Indenizatória,323250.62,Provável,0.88,285534.54,80333.78,Encerrado
PROC-2026-04228,2018-03-31,2020-05-13,774,SP,Cível - Execução,349067.33,Provável,1.0,347343.51,21170.81,Ativo
PROC-2026-04229,2015-12-02,2018-05-23,903,SP,Cível - Execução,65282.31,Provável,0.75,49009.01,24026.53,Ativo
PROC-2026-04230,2018-02-04,2021-06-12,1224,SP,Cível - Outros,71727.88,Provável,0.71,50750.35,76401.53,Ativo
PROC-2026-04231,2017-11-16,2020-01-24,799,SP,Cível - Execução,182346.84,Provável,0.93,169185.14,39910.53,Ativo
PROC-2026-04232,2019-05-22,2022-03-31,1044,SP,Cível - Execução,239969.0,Possível,0.68,119984.5,60439.89,Ativo
PROC-2026-04233,2015-09-15,2020-01-16,1584,SP,Cível - Execução,286687.25,Provável,0.74,212095.86,40836.56,Encerrado
PROC-2026-04234,2019-05-29,2035-04-24,5809,SP,Cível - Indenizatória,159521.97,Possível,0.61,79760.98,162043.33,Ativo
PROC-2026-04235,2019-08-16,2023-10-31,1537,SP,Cível - Execução,456609.97,Provável,0.94,427748.08,27421.83,Encerrado
PROC-2026-04236,2017-08-11,2023-07-07,2156,SP,Cível - Execução,434371.66,Provável,0.86,374563.58,136467.74,Encerrado
PROC-2026-04237,2019-07-14,2032-03-27,4640,SP,Cível - Execução,338866.38,Possível,0.43,169433.19,192087.62,Encerrado
PROC-2026-04238,2017-10-31,2021-03-05,1221,SP,Cível - Execução,363904.43,Provável,0.87,315326.71,58569.76,Encerrado
PROC-2026-04239,2016-03-10,2023-03-02,2548,SP,Cível - Execução,365081.69,Provável,0.94,343842.94,81017.19,Encerrado
PROC-2026-04240,2019-09-21,2024-05-11,1694,SP,Cível - Outros,303513.85,Provável,0.76,230979.67,107933.21,Encerrado
PROC-2026-04241,2018-10-13,2027-02-13,3045,SP,Cível - Execução,11307.02,Provável,0.96,10856.48,111299.04,Encerrado
PROC-2026-04242,2016-06-16,2021-05-03,1782,SP,Cível - Execução,400668.0,Possível,0.36,200334.0,39913.98,Encerrado
PROC-2026-04243,2017-07-22,2032-01-17,5292,SP,Cível - Execução,47198.39,Provável,0.96,45264.06,288008.57,Encerrado
PROC-2026-04244,2016-02-22,2028-03-20,4410,SP,Cível - Outros,433382.87,Provável,0.8,347724.91,199802.54,Encerrado
PROC-2026-04245,2018-07-24,2023-01-03,1624,SP,Cível - Outros,105198.1,Provável,1.0,104928.26,31338.27,Ativo
PROC-2026-04246,2017-01-11,2021-01-20,1470,SP,Cível - Execução,207475.32,Provável,0.85,175536.46,76344.13,Ativo
PROC-2026-04247,2019-04-02,2022-06-29,1184,SP,Cível - Execução,434540.71,Provável,0.78,340410.59,47563.56,Encerrado
PROC-2026-04248,2018-05-04,2024-12-28,2430,SP,Cível - Outros,149055.06,Provável,0.99,146978.91,116623.51,Ativo
PROC-2026-04249,2018-11-28,2040-10-03,7980,SP,Cível - Execução,462165.77,Provável,0.75,346262.21,460444.73,Encerrado
PROC-2026-04250,2019-02-07,2023-12-03,1760,SP,Cível - Outros,78563.21,Possível,0.57,39281.61,116109.34,Ativo
PROC-2026-04251,2016-10-22,2019-06-09,960,SP,Cível - Execução,360820.93,Provável,0.81,291568.93,57364.55,Encerrado
PROC-2026-04252,2019-02-05,2024-10-21,2085,SP,Cível - Execução,167919.2,Provável,0.84,140279.74,46536.74,Encerrado
PROC-2026-04253,2017-04-20,2021-11-22,1677,SP,Cível - Execução,404648.16,Provável,0.86,348175.29,58605.06,Encerrado
PROC-2026-04254,2017-08-12,2020-12-26,1232,SP,Cível - Execução,351076.72,Provável,0.89,313478.17,36704.36,Ativo
PROC-2026-04255,2016-08-04,2021-10-05,1888,SP,Cível - Outros,339505.68,Provável,0.72,246027.39,110788.41,Encerrado
PROC-2026-04256,2019-11-19,2024-11-21,1829,SP,Cível - Execução,85999.65,Provável,0.94,80742.36,52444.33,Encerrado
PROC-2026-04257,2018-06-05,2027-09-14,3388,SP,Cível - Outros,126647.0,Provável,0.7,89233.8,210245.05,Encerrado
PROC-2026-04258,2017-01-08,2022-08-05,2035,SP,Trabalhista,450422.5,Provável,0.8,362014.8,44425.52,Ativo
PROC-2026-04259,2019-08-27,2026-10-27,2618,SP,Cível - Outros,191800.54,Provável,0.9,173027.76,106549.09,Encerrado
PROC-2026-04260,2016-05-30,2019-05-14,1079,SP,Cível - Indenizatória,237107.39,Provável,0.88,207749.85,42880.54,Encerrado
PROC-2026-04261,2018-07-21,2023-02-01,1656,SP,Cível - Execução,376603.23,Provável,0.89,336261.7,85683.92,Ativo
PROC-2026-04262,2016-05-12,2018-10-29,900,SP,Cível - Execução,342808.5,Provável,0.98,334280.79,32605.18,Encerrado
PROC-2026-04263,2016-01-19,2024-11-26,3234,SP,Cível - Indenizatória,77812.49,Provável,0.99,77309.44,95245.75,Encerrado
PROC-2026-04264,2018-04-10,2023-03-24,1809,SP,Cível - Outros,232242.4,Provável,0.97,225586.34,77459.31,Encerrado
PROC-2026-04265,2018-04-26,2024-07-09,2266,SP,Cível - Execução,312843.7,Provável,0.71,221861.5,43463.42,Ativo
PROC-2026-04266,2019-11-19,2021-10-12,693,SP,Cível - Indenizatória,67525.98,Provável,0.97,65471.45,30159.63,Encerrado
PROC-2026-04267,2017-02-28,2022-08-19,1998,SP,Cível - Execução,205286.6,Provável,0.98,201285.8,115573.61,Encerrado
PROC-2026-04268,2018-10-29,2021-11-22,1120,SP,Cível - Outros,139481.29,Provável,0.88,123437.08,58488.19,Ativo
PROC-2026-04269,2019-08-05,2026-01-06,2346,SP,Cível - Outros,85703.47,Provável,0.79,67632.61,94772.52,Encerrado
PROC-2026-04270,2018-12-07,2021-02-06,792,SP,Cível - Execução,37956.86,Provável,0.87,32941.34,15651.9,Ativo
PROC-2026-04271,2015-10-05,2018-10-29,1120,SP,Cível - Outros,290197.55,Possível,0.47,145098.77,18924.14,Encerrado
PROC-2026-04272,2018-02-23,2025-02-26,2560,SP,Cível - Outros,71453.87,Possível,0.58,35726.94,79855.58,Encerrado
PROC-2026-04273,2015-10-19,2017-03-06,504,SP,Cível - Execução,407261.7,Provável,0.95,385896.44,32805.32,Ativo
PROC-2026-04274,2018-04-21,2026-06-05,2967,SP,Cível - Outros,191887.85,Provável,0.98,187943.79,160995.65,Ativo
PROC-2026-04275,2016-06-03,2023-02-15,2448,SP,Cível - Indenizatória,183439.55,Provável,0.99,181349.63,77503.38,Encerrado
PROC-2026-04276,2017-07-13,2021-04-20,1377,SP,Cível - Execução,12676.37,Provável,0.71,8956.56,61434.0,Encerrado
PROC-2026-04277,2018-03-09,2024-01-23,2146,SP,Cível - Execução,128975.89,Provável,0.8,103688.19,69400.62,Encerrado
PROC-2026-04278,2017-08-12,2026-08-31,3306,SP,Cível - Outros,18092.64,Possível,0.37,9046.32,172536.21,Encerrado
PROC-2026-04279,2015-10-14,2022-02-23,2324,SP,Cível - Execução,226658.42,Possível,0.61,113329.21,129333.0,Encerrado
PROC-2026-04280,2015-05-01,2018-11-23,1302,SP,Cível - Execução,359076.58,Provável,0.92,330439.25,54499.81,Encerrado
PROC-2026-04281,2016-04-14,2031-06-23,5548,SP,Cível - Execução,77241.4,Provável,0.94,72282.1,136838.57,Ativo
PROC-2026-04282,2017-11-16,2020-09-07,1026,SP,Cível - Execução,257397.57,Provável,0.71,183896.02,52896.9,Encerrado
PROC-2026-04283,2016-08-10,2030-05-05,5016,SP,Cível - Indenizatória,423412.99,Provável,0.84,355333.08,131973.5,Encerrado
PROC-2026-04284,2016-07-11,2018-08-17,767,SP,Cível - Outros,129437.76,Provável,0.88,113738.29,48164.45,Encerrado
PROC-2026-04285,2015-01-01,2018-05-09,1224,SP,Cível - Outros,311500.7,Possível,0.35,155750.35,64718.38,Encerrado
PROC-2026-04286,2018-01-10,2021-02-03,1120,SP,Cível - Execução,235905.94,Provável,0.95,224722.45,72624.74,Encerrado
PROC-2026-04287,2016-01-10,2025-02-03,3312,SP,Cível - Outros,257298.71,Provável,0.9,230891.1,201995.66,Encerrado
PROC-2026-04288,2017-01-01,2021-09-25,1728,SP,Cível - Outros,57079.14,Provável,0.83,47504.86,69350.92,Ativo
PROC-2026-04289,2019-05-14,2024-06-06,1850,SP,Trabalhista,109491.22,Provável,0.82,89429.12,48814.95,Encerrado
PROC-2026-04290,2015-01-06,2031-08-11,6061,SP,Cível - Outros,401489.07,Possível,0.41,200744.54,319358.75,Encerrado
PROC-2026-04291,2016-03-05,2019-01-25,1056,SP,Cível - Outros,165689.65,Provável,0.92,153048.79,64391.58,Ativo
PROC-2026-04292,2015-04-01,2021-12-01,2436,SP,Cível - Execução,83122.54,Provável,0.73,60981.85,153351.81,Encerrado
PROC-2026-04293,2016-07-11,2017-10-02,448,SP,Cível - Execução,320647.95,Possível,0.55,160323.98,9733.65,Ativo
PROC-2026-04294,2016-04-10,2028-01-02,4284,SP,Cível - Execução,492489.07,Provável,0.89,439448.78,104141.55,Encerrado
PROC-2026-04295,2017-01-23,2020-06-11,1235,SP,Cível - Execução,307233.29,Provável,0.95,293100.76,42729.19,Encerrado
PROC-2026-04296,2016-02-14,2022-09-18,2408,SP,Cível - Execução,211059.84,Possível,0.35,105529.92,96076.12,Encerrado
PROC-2026-04297,2019-10-04,2023-04-22,1296,SP,Cível - Execução,217679.93,Provável,0.94,204734.91,75049.29,Encerrado
PROC-2026-04298,2016-11-11,2038-01-24,7744,SP,Cível - Execução,348235.56,Provável,0.9,314959.82,411418.95,Encerrado
PROC-2026-04299,2018-07-04,2021-07-30,1122,SP,Cível - Outros,112257.71,Provável,0.78,87093.25,27740.1,Ativo
PROC-2026-04300,2017-04-07,2020-10-08,1280,SP,Cível - Outros,19710.49,Possível,0.31,9855.24,70641.99,Encerrado
PROC-2026-04301,2019-02-12,2023-08-18,1648,SP,Cível - Execução,370140.13,Provável,0.95,351943.77,87504.42,Encerrado
PROC-2026-04302,2018-02-13,2022-04-05,1512,SP,Cível - Execução,481109.16,Provável,0.77,370063.11,95219.02,Encerrado
PROC-2026-04303,2018-04-27,2026-08-19,3036,SP,Cível - Execução,342919.46,Provável,0.73,249879.55,137271.93,Encerrado
PROC-2026-04304,2016-12-26,2022-04-23,1944,SP,Cível - Outros,282401.92,Possível,0.6,141200.96,56991.03,Encerrado
PROC-2026-04305,2016-04-09,2024-08-03,3038,SP,Cível - Execução,155797.99,Possível,0.57,77899.0,175311.91,Encerrado
PROC-2026-04306,2018-11-04,2022-10-09,1435,SP,Cível - Execução,405942.4,Provável,0.94,380230.36,79120.26,Ativo
PROC-2026-04307,2017-06-02,2022-11-29,2006,SP,Cível - Indenizatória,476456.61,Provável,0.72,344632.75,127199.56,Encerrado
PROC-2026-04308,2015-01-29,2021-10-13,2449,SP,Cível - Execução,340412.84,Provável,0.72,246733.68,76083.69,Encerrado
PROC-2026-04309,2015-12-18,2022-08-25,2442,SP,Cível - Execução,338046.08,Provável,0.95,322516.48,84115.75,Encerrado
PROC-2026-04310,2019-03-01,2021-01-22,693,SP,Cível - Execução,391160.81,Provável,0.91,357240.69,29637.02,Encerrado
PROC-2026-04311,2018-06-13,2024-08-23,2263,SP,Cível - Execução,103187.23,Provável,0.82,84436.28,47825.51,Ativo
PROC-2026-04312,2016-05-02,2019-01-26,999,SP,Cível - Outros,264337.9,Provável,0.83,219516.52,61520.43,Ativo
PROC-2026-04313,2018-04-09,2019-01-24,290,SP,Cível - Outros,402625.15,Provável,0.83,334022.58,12348.24,Ativo
PROC-2026-04314,2015-05-09,2020-06-23,1872,SP,Cível - Outros,317730.41,Provável,0.88,278443.76,119162.21,Encerrado
PROC-2026-04315,2015-11-29,2021-12-07,2200,SP,Cível - Indenizatória,374217.42,Provável,0.74,276819.12,52121.45,Encerrado
PROC-2026-04316,2017-07-11,2022-01-30,1664,SP,Cível - Execução,325223.49,Provável,0.97,315895.97,80706.83,Encerrado
PROC-2026-04317,2015-04-04,2018-12-14,1350,SP,Cível - Execução,434025.66,Provável,0.85,368221.04,76544.84,Ativo
PROC-2026-04318,2019-04-13,2027-04-03,2912,SP,Cível - Indenizatória,120109.68,Provável,0.74,88528.21,162296.71,Encerrado
PROC-2026-04319,2015-07-27,2022-06-23,2523,SP,Cível - Indenizatória,379366.83,Provável,0.85,323966.16,151597.2,Encerrado
PROC-2026-04320,2015-08-10,2017-11-27,840,SP,Cível - Execução,43291.15,Possível,0.65,21645.57,42337.41,Encerrado
PROC-2026-04321,2017-05-11,2019-12-27,960,SP,Cível - Execução,484802.68,Provável,0.92,444038.38,33918.11,Encerrado
PROC-2026-04322,2017-07-20,2025-03-26,2806,SP,Cível - Execução,171756.16,Provável,0.97,167036.49,131990.21,Encerrado
PROC-2026-04323,2017-04-30,2039-08-05,8132,SP,Cível - Execução,397940.41,Provável,0.95,376953.97,192859.1,Ativo
PROC-2026-04324,2019-02-08,2025-04-25,2268,SP,Cível - Execução,98518.83,Provável,0.98,96410.02,83171.27,Encerrado
PROC-2026-04325,2017-02-08,2019-05-29,840,SP,Cível - Execução,431195.77,Provável,0.89,382524.81,21556.61,Encerrado
PROC-2026-04326,2019-07-01,2033-09-12,5187,SP,Cível - Execução,125696.42,Provável,0.94,117731.07,210104.91,Encerrado
PROC-2026-04327,2017-09-17,2023-12-15,2280,SP,Cível - Execução,199047.97,Provável,0.99,196560.4,111054.47,Encerrado
PROC-2026-04328,2017-02-09,2022-01-12,1798,SP,Cível - Execução,35792.91,Provável,0.98,35059.62,44321.34,Ativo
PROC-2026-04329,2017-08-18,2025-09-05,2940,SP,Cível - Outros,450364.83,Provável,0.75,336090.17,125016.54,Ativo
PROC-2026-04330,2018-11-02,2020-02-10,465,SP,Cível - Outros,324692.46,Provável,0.76,246092.64,21287.02,Encerrado
PROC-2026-04331,2016-05-22,2019-10-22,1248,SP,Cível - Outros,276750.75,Provável,0.71,195404.47,35702.75,Encerrado
PROC-2026-04332,2018-07-07,2022-07-31,1485,SP,Cível - Outros,200503.0,Provável,0.86,171858.98,76824.17,Encerrado
PROC-2026-04333,2018-07-18,2024-12-16,2343,SP,Cível - Outros,300280.24,Provável,0.78,233513.57,143762.62,Encerrado
PROC-2026-04334,2019-04-16,2024-04-29,1840,SP,Cível - Execução,231137.14,Provável,0.86,199308.75,43022.98,Encerrado
PROC-2026-04335,2016-03-02,2033-03-13,6220,SP,Cível - Execução,490017.24,Possível,0.55,245008.62,278512.53,Ativo
PROC-2026-04336,2019-05-28,2028-01-11,3150,SP,Cível - Execução,453395.72,Provável,0.8,363653.29,190793.78,Encerrado
PROC-2026-04337,2018-07-19,2019-12-21,520,SP,Cível - Outros,314497.96,Provável,0.77,241147.14,18795.32,Ativo
PROC-2026-04338,2019-01-03,2025-07-27,2397,SP,Cível - Outros,49972.05,Provável,0.95,47631.6,75469.18,Ativo
PROC-2026-04339,2017-07-11,2022-04-12,1736,SP,Cível - Execução,184615.97,Provável,0.92,169156.62,67336.11,Ativo
PROC-2026-04340,2016-09-14,2018-06-12,636,SP,Cível - Outros,195118.12,Provável,0.93,181922.55,17374.27,Encerrado
PROC-2026-04341,2015-08-01,2020-07-25,1820,SP,Cível - Execução,476808.68,Provável,0.92,438352.64,53315.56,Encerrado
PROC-2026-04342,2019-05-05,2024-09-27,1972,SP,Cível - Execução,24173.81,Provável,0.98,23731.37,67843.76,Ativo
PROC-2026-04343,2015-07-26,2021-07-04,2170,SP,Cível - Execução,249375.18,Provável,0.73,183010.84,54871.71,Encerrado
PROC-2026-04344,2019-04-12,2030-04-20,4026,SP,Cível - Execução,62227.93,Possível,0.69,31113.96,73712.76,Encerrado
PROC-2026-04345,2016-06-28,2017-07-29,396,SP,Cível - Outros,366072.24,Possível,0.3,183036.12,19957.69,Encerrado
PROC-2026-04346,2018-08-11,2024-03-20,2048,SP,Cível - Execução,71962.63,Provável,0.79,57065.59,39973.62,Ativo
PROC-2026-04347,2015-10-30,2019-01-12,1170,SP,Cível - Outros,294037.01,Possível,0.68,147018.5,48399.15,Encerrado
PROC-2026-04348,2019-05-16,2024-02-27,1748,SP,Cível - Execução,486088.92,Provável,0.86,418061.42,69005.86,Encerrado
PROC-2026-04349,2018-04-21,2022-11-29,1683,SP,Cível - Execução,85309.91,Provável,0.87,74150.84,83029.1,Encerrado
PROC-2026-04350,2019-01-15,2021-01-19,735,SP,Cível - Execução,222363.26,Provável,0.86,191054.8,22905.66,Ativo
PROC-2026-04351,2015-02-05,2017-04-25,810,SP,Cível - Execução,189401.57,Provável,0.82,154822.02,46152.85,Encerrado
PROC-2026-04352,2015-07-18,2017-05-20,672,SP,Cível - Outros,87964.57,Provável,0.9,79391.55,20213.76,Ativo
PROC-2026-04353,2015-10-19,2023-01-05,2635,SP,Cível - Execução,494509.27,Provável,0.82,403547.77,129058.04,Ativo
PROC-2026-04354,2019-07-23,2026-07-31,2565,SP,Cível - Outros,295824.48,Possível,0.61,147912.24,134555.23,Encerrado
PROC-2026-04355,2016-11-30,2025-12-28,3315,SP,Cível - Execução,131754.25,Provável,0.82,108415.74,190422.55,Ativo
PROC-2026-04356,2016-10-12,2024-01-10,2646,SP,Cível - Execução,114743.72,Provável,0.77,88413.79,153128.75,Encerrado
PROC-2026-04357,2015-04-26,2027-11-28,4599,SP,Cível - Indenizatória,339990.32,Provável,0.94,320692.02,227891.85,Encerrado
PROC-2026-04358,2016-03-26,2019-10-09,1292,SP,Cível - Execução,16441.39,Provável,0.88,14394.24,54769.03,Ativo
PROC-2026-04359,2018-12-25,2024-01-01,1833,SP,Cível - Outros,492987.61,Provável,0.74,364268.16,121486.55,Encerrado
PROC-2026-04360,2017-03-12,2021-10-01,1664,SP,Cível - Outros,179948.47,Provável,0.79,142365.99,42114.56,Encerrado
PROC-2026-04361,2016-04-26,2020-04-21,1456,SP,Cível - Execução,104049.17,Provável,0.86,88983.16,43410.23,Ativo
PROC-2026-04362,2019-09-03,2025-03-01,2006,SP,Cível - Execução,97675.43,Possível,0.52,48837.72,62919.22,Encerrado
PROC-2026-04363,2016-11-01,2019-11-26,1120,SP,Cível - Execução,129114.47,Provável,0.88,113824.5,57012.37,Encerrado
PROC-2026-04364,2015-10-05,2018-06-15,984,SP,Cível - Execução,452518.13,Provável,0.97,440084.34,63387.79,Encerrado
PROC-2026-04365,2018-11-20,2024-11-18,2190,SP,Cível - Execução,100903.64,Possível,0.49,50451.82,126826.27,Encerrado
PROC-2026-04366,2019-06-14,2027-08-28,2997,SP,Cível - Indenizatória,109592.07,Provável,0.98,107346.75,190482.78,Encerrado
PROC-2026-04367,2016-04-09,2024-03-02,2884,SP,Cível - Execução,137794.82,Provável,0.79,109180.34,169372.46,Ativo
PROC-2026-04368,2018-04-29,2023-02-02,1740,SP,Cível - Execução,382281.55,Provável,0.93,354931.19,49002.52,Ativo
PROC-2026-04369,2017-11-29,2020-02-07,800,SP,Cível - Execução,25131.75,Provável,0.74,18502.79,44320.01,Encerrado
PROC-2026-04370,2019-01-26,2021-10-12,990,SP,Cível - Execução,284879.37,Possível,0.35,142439.68,55942.73,Ativo
PROC-2026-04371,2017-03-15,2021-09-22,1652,SP,Cível - Outros,208995.5,Possível,0.32,104497.75,84387.43,Encerrado
PROC-2026-04372,2017-08-30,2018-09-08,374,SP,Cível - Outros,154032.66,Provável,0.95,146163.56,6532.31,Encerrado
PROC-2026-04373,2015-12-18,2018-09-21,1008,SP,Cível - Indenizatória,192501.27,Provável,0.91,175145.39,18663.78,Encerrado
PROC-2026-04374,2018-01-30,2025-02-18,2576,SP,Cível - Execução,27726.61,Provável,0.84,23266.85,46474.94,Encerrado
PROC-2026-04375,2017-06-14,2020-04-05,1026,SP,Cível - Outros,447728.03,Provável,0.8,356973.14,49984.19,Encerrado
PROC-2026-04376,2016-03-07,2018-08-27,903,SP,Cível - Outros,356925.96,Provável,0.98,351549.48,44875.99,Ativo
PROC-2026-04377,2016-09-06,2021-11-17,1898,SP,Cível - Outros,363676.75,Provável,0.93,338211.1,98950.98,Ativo
PROC-2026-04378,2015-12-20,2017-02-24,432,SP,Cível - Outros,113619.89,Provável,0.96,109530.53,24755.51,Encerrado
PROC-2026-04379,2015-07-26,2021-01-21,2006,SP,Cível - Outros,338981.16,Provável,0.95,322285.8,107152.04,Encerrado
PROC-2026-04380,2016-12-16,2024-02-11,2613,SP,Cível - Outros,97224.23,Provável,0.75,72695.68,140502.5,Ativo
PROC-2026-04381,2015-03-20,2022-12-08,2820,SP,Cível - Execução,218019.75,Provável,0.88,192396.29,185537.63,Ativo
PROC-2026-04382,2015-05-08,2019-06-14,1498,SP,Cível - Execução,169085.62,Provável,0.96,162240.43,47800.15,Ativo
PROC-2026-04383,2016-12-12,2019-11-09,1062,SP,Cível - Execução,463759.75,Provável,0.95,441148.09,46428.95,Encerrado
PROC-2026-04384,2019-04-06,2022-05-20,1140,SP,Cível - Outros,259267.29,Provável,0.73,189883.03,29790.46,Encerrado
PROC-2026-04385,2018-08-09,2019-12-26,504,SP,Cível - Execução,372544.15,Provável,0.88,327316.15,32417.95,Encerrado
PROC-2026-04386,2019-04-12,2023-12-27,1720,SP,Cível - Execução,42680.87,Provável,0.8,34142.09,81971.49,Encerrado
PROC-2026-04387,2019-09-11,2028-07-01,3216,SP,Trabalhista,68999.92,Provável,0.78,53562.54,127932.13,Encerrado
PROC-2026-04388,2016-04-29,2025-07-18,3367,SP,Cível - Indenizatória,369396.59,Provável,0.82,302823.22,133937.91,Encerrado
PROC-2026-04389,2016-08-21,2022-12-03,2295,SP,Cível - Execução,160724.83,Provável,0.8,128844.25,109106.54,Ativo
PROC-2026-04390,2015-11-05,2018-09-20,1050,SP,Cível - Outros,125215.23,Provável,0.91,114447.64,36283.36,Ativo
PROC-2026-04391,2019-02-20,2021-03-31,770,SP,Cível - Outros,259392.53,Provável,0.91,235797.97,13313.64,Ativo
PROC-2026-04392,2015-08-18,2016-09-24,403,SP,Cível - Outros,191595.46,Provável,0.93,177755.23,15130.11,Encerrado
PROC-2026-04393,2018-02-23,2023-11-12,2088,SP,Cível - Execução,497771.47,Provável,0.73,364220.81,111579.58,Ativo
PROC-2026-04394,2016-08-08,2021-03-27,1692,SP,Cível - Execução,393496.42,Provável,0.9,353667.86,45594.1,Ativo
PROC-2026-04395,2017-02-19,2020-06-21,1218,SP,Cível - Outros,460865.05,Provável,0.73,337401.96,51429.65,Encerrado
PROC-2026-04396,2017-07-28,2028-04-26,3925,SP,Cível - Execução,384493.34,Provável,0.86,332196.5,139469.07,Encerrado
PROC-2026-04397,2019-03-23,2020-11-24,612,SP,Cível - Execução,239022.97,Provável,0.73,175356.63,21338.31,Ativo
PROC-2026-04398,2017-11-14,2019-12-22,768,SP,Cível - Execução,10762.09,Provável,0.93,10023.7,45576.35,Encerrado
PROC-2026-04399,2016-09-23,2021-06-14,1725,SP,Cível - Execução,261233.52,Possível,0.55,130616.76,40369.35,Ativo
PROC-2026-04400,2018-04-04,2028-10-06,3838,SP,Cível - Outros,316363.21,Provável,0.98,308838.8,208129.95,Ativo
PROC-2026-04401,2016-06-06,2023-05-03,2522,SP,Cível - Outros,302303.36,Provável,0.8,243087.56,51818.28,Encerrado
PROC-2026-04402,2015-11-13,2019-09-07,1394,SP,Cível - Outros,176585.73,Provável,0.84,147737.43,25558.13,Ativo
PROC-2026-04403,2017-12-01,2039-03-02,7761,SP,Cível - Outros,246455.01,Provável,0.9,220999.73,296203.89,Encerrado
PROC-2026-04404,2016-02-23,2017-06-17,480,SP,Cível - Execução,411502.02,Provável,0.99,409157.8,12191.5,Ativo
PROC-2026-04405,2019-06-13,2034-02-13,5359,SP,Cível - Execução,93222.34,Possível,0.41,46611.17,131733.72,Encerrado
PROC-2026-04406,2018-10-22,2022-06-15,1332,SP,Cível - Execução,299562.91,Provável,1.0,299340.82,72569.38,Encerrado
PROC-2026-04407,2019-10-06,2030-06-30,3920,SP,Cível - Execução,365244.65,Possível,0.53,182622.33,88286.5,Encerrado
PROC-2026-04408,2017-03-26,2021-09-13,1632,SP,Trabalhista,455481.25,Provável,0.93,422302.43,73189.56,Ativo
PROC-2026-04409,2019-09-18,2031-06-23,4296,SP,Cível - Indenizatória,254121.1,Provável,0.78,197556.76,183142.9,Encerrado
PROC-2026-04410,2017-12-03,2020-11-16,1079,SP,Cível - Execução,428107.59,Provável,0.95,407536.42,55148.95,Encerrado
PROC-2026-04411,2016-08-26,2024-12-16,3034,SP,Cível - Execução,269767.43,Provável,0.97,262118.96,188166.4,Encerrado
PROC-2026-04412,2015-06-08,2021-10-04,2310,SP,Cível - Outros,401176.9,Provável,0.86,344840.55,125389.75,Encerrado
PROC-2026-04413,2019-05-22,2029-12-16,3861,SP,Cível - Execução,456674.62,Possível,0.35,228337.31,214518.7,Ativo
PROC-2026-04414,2015-03-11,2027-07-28,4522,SP,Cível - Execução,16929.3,Possível,0.56,8464.65,292408.67,Ativo
PROC-2026-04415,2015-10-26,2026-07-06,3906,SP,Cível - Execução,270177.89,Provável,0.83,225317.97,176062.67,Encerrado
PROC-2026-04416,2018-07-13,2020-12-29,900,SP,Cível - Execução,489762.27,Provável,0.78,383005.88,45553.52,Ativo
PROC-2026-04417,2016-05-19,2019-02-21,1008,SP,Cível - Execução,357055.96,Provável,0.89,319264.12,44783.87,Encerrado
PROC-2026-04418,2018-08-18,2027-03-30,3146,SP,Cível - Execução,230918.66,Possível,0.5,115459.33,196092.29,Ativo
PROC-2026-04419,2016-12-03,2026-07-24,3520,SP,Cível - Execução,257190.44,Provável,0.79,203899.86,106904.91,Ativo
PROC-2026-04420,2017-07-31,2030-02-21,4588,SP,Cível - Execução,121492.14,Provável,0.79,95936.26,248702.52,Encerrado
PROC-2026-04421,2015-05-15,2018-01-27,988,SP,Cível - Outros,224104.03,Provável,0.77,172374.66,60578.84,Encerrado
PROC-2026-04422,2019-09-13,2021-06-24,650,SP,Cível - Execução,151832.83,Provável,0.77,117256.88,20103.48,Encerrado
PROC-2026-04423,2015-07-20,2017-03-09,598,SP,Cível - Execução,361177.48,Provável,0.92,331359.36,29959.63,Ativo
PROC-2026-04424,2017-08-20,2024-03-08,2392,SP,Cível - Indenizatória,438434.04,Provável,0.89,389342.34,122966.38,Encerrado
PROC-2026-04425,2016-02-09,2022-01-31,2183,SP,Cível - Outros,402993.32,Provável,0.89,359215.48,65943.53,Ativo
PROC-2026-04426,2018-08-19,2035-10-11,6262,SP,Cível - Execução,153333.13,Provável,0.95,146255.0,342395.43,Encerrado
PROC-2026-04427,2016-05-12,2022-04-11,2160,SP,Cível - Execução,243938.57,Provável,0.76,185517.57,106220.28,Encerrado
PROC-2026-04428,2016-12-20,2019-10-16,1030,SP,Cível - Outros,465329.85,Possível,0.46,232664.92,50887.27,Ativo
PROC-2026-04429,2019-03-22,2024-12-20,2100,SP,Cível - Outros,146809.91,Provável,0.72,105365.54,104215.48,Encerrado
PROC-2026-04430,2018-10-20,2023-12-13,1880,SP,Cível - Indenizatória,428304.15,Provável,0.9,387278.83,65894.36,Encerrado
PROC-2026-04431,2016-01-06,2017-11-26,690,SP,Cível - Execução,363076.3,Possível,0.51,181538.15,25611.05,Encerrado
PROC-2026-04432,2018-09-08,2028-03-11,3472,SP,Cível - Execução,479241.45,Provável,0.79,376293.23,148153.13,Ativo
PROC-2026-04433,2018-07-05,2024-04-10,2106,SP,Cível - Execução,51873.66,Possível,0.45,25936.83,55955.29,Encerrado
PROC-2026-04434,2018-08-09,2021-11-05,1184,SP,Cível - Execução,236117.03,Provável,0.87,204461.14,20910.15,Ativo
PROC-2026-04435,2018-01-10,2025-07-08,2736,SP,Cível - Outros,94787.03,Provável,0.77,73191.28,136861.19,Encerrado
PROC-2026-04436,2019-01-15,2023-04-24,1560,SP,Cível - Outros,491967.99,Provável,0.85,417380.9,29164.77,Encerrado
PROC-2026-04437,2016-11-05,2027-10-09,3990,SP,Cível - Execução,86418.78,Provável,0.84,72762.29,211670.55,Encerrado
PROC-2026-04438,2019-06-16,2032-02-29,4641,SP,Cível - Execução,293666.24,Possível,0.39,146833.12,303247.41,Encerrado
PROC-2026-04439,2016-08-05,2020-09-09,1496,SP,Cível - Execução,137432.2,Possível,0.46,68716.1,72357.14,Encerrado
PROC-2026-04440,2017-01-23,2018-10-23,638,SP,Cível - Outros,314181.63,Provável,0.92,289667.28,17544.03,Encerrado
PROC-2026-04441,2019-01-11,2022-07-22,1288,SP,Cível - Indenizatória,276823.8,Provável,0.78,216959.46,31359.65,Encerrado
PROC-2026-04442,2019-01-22,2020-11-02,650,SP,Cível - Execução,39660.84,Provável,0.97,38645.13,13790.13,Encerrado
PROC-2026-04443,2018-06-18,2023-02-07,1695,SP,Cível - Outros,416033.52,Possível,0.58,208016.76,92476.31,Encerrado
PROC-2026-04444,2015-04-14,2019-09-10,1610,SP,Cível - Outros,396757.59,Provável,0.83,327750.55,93969.58,Encerrado
PROC-2026-04445,2015-12-20,2020-09-26,1742,SP,Cível - Execução,315933.54,Provável,0.76,239505.71,46733.2,Encerrado
PROC-2026-04446,2018-07-30,2020-12-04,858,SP,Cível - Execução,373969.72,Provável,0.87,325864.41,23028.27,Encerrado
PROC-2026-04447,2016-06-10,2018-11-01,874,SP,Cível - Outros,68494.35,Possível,0.51,34247.18,16356.57,Encerrado
PROC-2026-04448,2018-09-07,2022-10-12,1496,SP,Cível - Outros,484186.87,Provável,0.74,358985.95,29163.77,Encerrado
PROC-2026-04449,2018-10-23,2027-03-19,3069,SP,Cível - Indenizatória,356602.76,Provável,0.73,261514.08,179910.64,Encerrado
PROC-2026-04450,2016-07-26,2018-10-10,806,SP,Cível - Indenizatória,254186.05,Possível,0.51,127093.03,49182.34,Encerrado
PROC-2026-04451,2019-11-30,2021-08-16,625,SP,Cível - Indenizatória,428837.45,Provável,0.78,333450.35,23270.27,Encerrado
PROC-2026-04452,2019-10-25,2026-11-27,2590,SP,Cível - Outros,422538.21,Possível,0.6,211269.11,168152.98,Encerrado
PROC-2026-04453,2015-10-12,2032-03-10,5994,SP,Cível - Execução,483300.31,Provável,0.84,404057.99,245421.06,Encerrado
PROC-2026-04454,2019-05-11,2028-07-22,3360,SP,Cível - Outros,93029.42,Provável,0.97,90061.01,133710.19,Encerrado
PROC-2026-04455,2016-03-26,2020-04-30,1496,SP,Cível - Execução,176969.19,Provável,0.99,174446.3,30228.03,Encerrado
PROC-2026-04456,2016-07-08,2026-11-01,3768,SP,Cível - Execução,455872.91,Provável,0.83,377909.27,72258.91,Encerrado
PROC-2026-04457,2015-10-30,2019-08-22,1392,SP,Trabalhista,342461.07,Provável,0.76,261950.28,41405.72,Encerrado
PROC-2026-04458,2015-09-11,2022-10-08,2584,SP,Cível - Execução,179729.65,Provável,0.96,172555.35,47434.47,Encerrado
PROC-2026-04459,2017-12-01,2021-07-23,1330,SP,Cível - Outros,295495.42,Provável,0.74,218239.88,82092.32,Encerrado
PROC-2026-04460,2015-07-05,2020-08-02,1855,SP,Cível - Execução,384196.9,Provável,0.75,287058.99,59620.52,Encerrado
PROC-2026-04461,2016-12-26,2022-02-28,1890,SP,Cível - Execução,473353.89,Provável,0.92,433277.21,118012.5,Encerrado
PROC-2026-04462,2016-09-18,2022-01-10,1940,SP,Cível - Outros,191068.88,Provável,0.99,188590.01,36559.57,Encerrado
PROC-2026-04463,2017-01-12,2021-10-17,1739,SP,Cível - Outros,262480.28,Provável,0.82,214330.19,94969.97,Encerrado
PROC-2026-04464,2017-01-09,2018-11-06,666,SP,Cível - Indenizatória,420010.98,Provável,0.71,297520.01,12949.68,Encerrado
PROC-2026-04465,2018-05-26,2020-01-16,600,SP,Cível - Outros,107844.92,Possível,0.54,53922.46,34823.53,Encerrado
PROC-2026-04466,2018-06-09,2031-05-11,4719,SP,Cível - Execução,377515.53,Provável,0.77,290779.37,141324.57,Encerrado
PROC-2026-04467,2019-04-01,2023-02-06,1407,SP,Cível - Execução,5664.72,Provável,0.91,5136.96,80945.21,Encerrado
PROC-2026-04468,2018-03-20,2019-08-30,528,SP,Cível - Outros,322703.64,Possível,0.32,161351.82,28256.56,Encerrado
PROC-2026-04469,2017-05-25,2030-04-26,4719,SP,Cível - Outros,389801.13,Possível,0.62,194900.56,101050.61,Ativo
PROC-2026-04470,2017-12-24,2021-05-02,1225,SP,Cível - Outros,23071.09,Possível,0.44,11535.55,25112.75,Encerrado
PROC-2026-04471,2019-04-22,2022-11-04,1292,SP,Cível - Indenizatória,456703.97,Provável,0.9,410122.14,40039.78,Encerrado
PROC-2026-04472,2019-11-06,2030-09-09,3960,SP,Cível - Execução,397694.82,Possível,0.53,198847.41,215619.92,Encerrado
PROC-2026-04473,2015-03-21,2018-04-14,1120,SP,Cível - Outros,498323.08,Provável,1.0,497016.48,61679.06,Encerrado
PROC-2026-04474,2018-08-07,2027-06-11,3230,SP,Cível - Outros,263848.85,Provável,0.8,211182.3,78635.84,Encerrado
PROC-2026-04475,2017-02-21,2027-05-17,3737,SP,Cível - Execução,122371.64,Provável,0.73,89481.98,92326.29,Encerrado
PROC-2026-04476,2018-03-15,2022-08-21,1620,SP,Cível - Execução,308814.5,Provável,0.94,290262.12,102958.15,Encerrado
PROC-2026-04477,2018-10-01,2021-06-02,975,SP,Cível - Execução,85079.58,Provável,0.73,62467.0,49443.03,Encerrado
PROC-2026-04478,2016-01-14,2017-02-09,392,SP,Cível - Execução,333678.94,Possível,0.58,166839.47,21585.13,Encerrado
PROC-2026-04479,2018-08-14,2019-12-22,495,SP,Cível - Outros,94614.0,Provável,0.81,76299.95,25734.87,Encerrado
PROC-2026-04480,2016-08-12,2020-07-17,1435,SP,Cível - Execução,438416.08,Provável,0.79,346892.23,56986.16,Encerrado
PROC-2026-04481,2016-10-20,2019-09-08,1053,SP,Cível - Indenizatória,173545.42,Provável,0.79,136954.67,54482.85,Encerrado
PROC-2026-04482,2018-04-10,2019-11-16,585,SP,Cível - Execução,45049.06,Provável,0.95,42677.86,21370.95,Ativo
PROC-2026-04483,2015-09-10,2024-12-05,3374,SP,Cível - Outros,363517.71,Possível,0.39,181758.86,81169.5,Ativo
PROC-2026-04484,2015-05-02,2019-05-04,1463,SP,Cível - Execução,120366.43,Possível,0.52,60183.21,27108.57,Encerrado
PROC-2026-04485,2019-11-14,2022-04-12,880,SP,Cível - Execução,194925.87,Provável,0.86,167256.15,49651.39,Encerrado
PROC-2026-04486,2018-11-18,2029-05-12,3828,SP,Cível - Execução,280154.11,Provável,0.78,218453.58,114903.54,Encerrado
PROC-2026-04487,2016-07-22,2019-01-20,912,SP,Cível - Outros,452480.12,Provável,0.91,409918.86,27325.98,Ativo
PROC-2026-04488,2016-12-21,2021-10-23,1767,SP,Cível - Outros,276958.13,Possível,0.6,138479.06,33702.38,Ativo
PROC-2026-04489,2015-12-22,2027-04-23,4140,SP,Cível - Execução,239767.55,Provável,0.74,176722.49,181916.19,Ativo
PROC-2026-04490,2015-11-11,2022-07-25,2448,SP,Cível - Execução,382646.74,Provável,0.82,313753.23,91881.51,Encerrado
PROC-2026-04491,2015-06-23,2017-09-19,819,SP,Cível - Outros,498219.49,Possível,0.31,249109.75,49625.34,Ativo
PROC-2026-04492,2016-01-29,2022-05-21,2304,SP,Cível - Execução,116754.18,Possível,0.4,58377.09,109471.39,Encerrado
PROC-2026-04493,2018-04-25,2026-08-17,3036,SP,Cível - Outros,198255.17,Provável,0.76,151354.57,111428.13,Ativo
PROC-2026-04494,2015-12-06,2018-06-11,918,SP,Cível - Outros,246037.21,Provável,0.93,228699.01,28658.96,Encerrado
PROC-2026-04495,2016-11-30,2018-01-04,400,SP,Cível - Outros,197781.48,Provável,0.79,156819.34,10815.18,Ativo
PROC-2026-04496,2019-02-03,2022-01-02,1064,SP,Cível - Execução,413559.15,Provável,0.78,322250.22,46454.7,Ativo
PROC-2026-04497,2016-07-05,2018-02-23,598,SP,Cível - Execução,254288.12,Provável,0.81,206214.29,37268.71,Encerrado
PROC-2026-04498,2019-04-25,2020-07-08,440,SP,Cível - Execução,92114.03,Provável,0.91,83568.8,21959.01,Encerrado
PROC-2026-04499,2015-04-07,2019-09-27,1634,SP,Cível - Execução,104389.55,Provável,0.96,99728.68,56176.48,Encerrado
PROC-2026-04500,2019-04-29,2022-03-28,1064,SP,Cível - Execução,170474.1,Possível,0.46,85237.05,55679.18,Encerrado
PROC-2026-04501,2015-07-05,2018-08-18,1140,SP,Cível - Execução,452433.33,Provável,0.79,358966.45,66296.75,Encerrado
PROC-2026-04502,2019-09-08,2022-02-21,897,SP,Cível - Outros,13018.32,Provável,0.89,11526.91,22998.52,Ativo
PROC-2026-04503,2017-06-15,2019-12-04,902,SP,Cível - Outros,295552.81,Possível,0.56,147776.4,55226.78,Encerrado
PROC-2026-04504,2017-06-13,2024-11-07,2704,SP,Cível - Execução,313742.33,Provável,0.78,244081.62,83525.74,Ativo
PROC-2026-04505,2015-05-08,2023-07-27,3002,SP,Cível - Execução,82686.71,Provável,0.84,69439.36,140288.4,Encerrado
PROC-2026-04506,2015-12-22,2020-05-09,1600,SP,Cível - Execução,428256.85,Provável,0.82,350656.36,69250.56,Encerrado
PROC-2026-04507,2017-02-21,2029-01-01,4332,SP,Cível - Execução,449058.71,Provável,0.93,418136.39,127777.88,Encerrado
PROC-2026-04508,2016-08-02,2026-07-14,3633,SP,Cível - Execução,460328.29,Provável,0.94,433172.38,214173.44,Encerrado
PROC-2026-04509,2018-04-06,2042-05-19,8809,SP,Cível - Execução,347143.49,Provável,0.72,249556.84,437648.78,Ativo
PROC-2026-04510,2018-12-29,2024-10-10,2112,SP,Cível - Execução,217065.44,Possível,0.65,108532.72,90827.64,Encerrado
PROC-2026-04511,2019-06-09,2022-07-23,1140,SP,Cível - Outros,108116.69,Provável,0.74,79658.84,42123.89,Ativo
PROC-2026-04512,2015-06-12,2016-08-19,434,SP,Cível - Outros,453894.33,Provável,0.85,384647.46,23030.68,Ativo
PROC-2026-04513,2019-02-24,2022-10-18,1332,SP,Cível - Execução,215607.42,Provável,0.87,186662.53,30330.83,Ativo
PROC-2026-04514,2019-04-07,2028-10-12,3476,SP,Cível - Execução,226201.88,Provável,0.82,186068.22,115970.5,Encerrado
PROC-2026-04515,2016-12-06,2019-01-29,784,SP,Cível - Outros,276998.79,Provável,0.83,229369.98,25424.59,Ativo
PROC-2026-04516,2015-08-29,2024-06-22,3220,SP,Cível - Execução,261197.47,Provável,0.89,232349.21,180812.16,Ativo
PROC-2026-04517,2017-05-19,2022-12-14,2035,SP,Cível - Execução,189736.14,Possível,0.56,94868.07,95075.7,Encerrado
PROC-2026-04518,2019-03-12,2025-03-24,2204,SP,Cível - Indenizatória,232667.34,Provável,0.8,185770.67,52861.09,Encerrado
PROC-2026-04519,2015-11-07,2023-03-30,2700,SP,Cível - Outros,286033.73,Provável,0.96,274167.85,173045.11,Encerrado
PROC-2026-04520,2015-05-08,2016-01-05,242,SP,Cível - Outros,35825.95,Provável,0.96,34385.19,6240.66,Encerrado
PROC-2026-04521,2015-09-18,2022-06-25,2472,SP,Cível - Execução,436342.8,Provável,0.78,339200.15,139954.23,Encerrado
PROC-2026-04522,2018-02-04,2020-07-23,900,SP,Cível - Outros,433242.12,Possível,0.32,216621.06,48566.97,Ativo
PROC-2026-04523,2016-05-19,2020-02-24,1376,SP,Cível - Execução,100739.15,Provável,0.97,97382.16,29095.65,Encerrado
PROC-2026-04524,2017-12-01,2023-08-12,2080,SP,Cível - Execução,494604.87,Provável,0.86,424789.63,61639.14,Ativo
PROC-2026-04525,2015-08-21,2036-05-02,7560,SP,Cível - Execução,89919.2,Possível,0.68,44959.6,370311.7,Encerrado
PROC-2026-04526,2017-01-08,2026-09-06,3528,SP,Cível - Execução,296022.02,Provável,0.7,207553.5,123624.74,Encerrado
PROC-2026-04527,2017-10-25,2022-07-07,1716,SP,Cível - Indenizatória,52134.0,Provável,0.93,48463.26,36696.83,Encerrado
PROC-2026-04528,2018-04-14,2025-07-05,2639,SP,Cível - Execução,31733.74,Provável,0.85,26921.42,94752.43,Ativo
PROC-2026-04529,2019-10-02,2025-12-24,2275,SP,Cível - Outros,486597.69,Possível,0.43,243298.84,58489.36,Encerrado
PROC-2026-04530,2018-11-28,2021-06-15,930,SP,Cível - Outros,131387.85,Provável,0.7,92614.8,39095.72,Ativo
PROC-2026-04531,2017-11-07,2019-11-29,752,SP,Trabalhista,131923.52,Provável,0.82,108487.84,49508.01,Ativo
PROC-2026-04532,2019-10-29,2024-08-05,1742,SP,Cível - Execução,474794.76,Provável,1.0,473159.33,74860.92,Ativo
PROC-2026-04533,2016-01-31,2018-06-23,874,SP,Trabalhista,212488.24,Provável,0.96,204694.1,15145.07,Encerrado
PROC-2026-04534,2015-12-23,2024-06-08,3090,SP,Cível - Execução,252853.56,Provável,0.99,251357.74,197179.89,Encerrado
PROC-2026-04535,2017-04-24,2023-08-06,2295,SP,Cível - Execução,99790.78,Provável,0.96,95675.64,123762.77,Encerrado
PROC-2026-04536,2017-08-29,2027-01-13,3424,SP,Cível - Outros,492034.92,Provável,0.7,345127.39,65266.9,Encerrado
PROC-2026-04537,2015-01-26,2024-08-14,3488,SP,Cível - Outros,403305.72,Provável,0.78,313854.19,192371.37,Encerrado
PROC-2026-04538,2016-05-07,2026-02-28,3584,SP,Cível - Indenizatória,250247.45,Provável,0.74,185160.52,94648.14,Encerrado
PROC-2026-04539,2018-12-05,2025-09-14,2475,SP,Cível - Execução,475495.04,Provável,0.95,450355.23,144518.38,Encerrado
PROC-2026-04540,2019-06-29,2022-04-08,1014,SP,Cível - Outros,155694.28,Provável,0.94,145794.34,17104.04,Encerrado
PROC-2026-04541,2017-12-22,2019-08-22,608,SP,Cível - Outros,175744.84,Possível,0.48,87872.42,20553.51,Ativo
PROC-2026-04542,2017-05-19,2024-02-22,2470,SP,Cível - Outros,469025.78,Provável,0.92,429274.87,132033.77,Ativo
PROC-2026-04543,2017-01-23,2022-02-14,1848,SP,Cível - Execução,257204.34,Provável,0.91,233410.36,53275.62,Encerrado
PROC-2026-04544,2016-03-29,2025-03-06,3264,SP,Cível - Execução,29923.98,Provável,0.97,29099.42,82373.14,Encerrado
PROC-2026-04545,2017-09-11,2029-04-21,4240,SP,Cível - Execução,254384.84,Provável,0.9,227808.94,152556.46,Ativo
PROC-2026-04546,2017-09-17,2021-07-29,1411,SP,Cível - Execução,380145.71,Provável,0.75,284909.48,93240.05,Encerrado
PROC-2026-04547,2015-08-10,2027-09-06,4410,SP,Cível - Execução,438770.7,Possível,0.45,219385.35,212184.88,Encerrado
PROC-2026-04548,2016-06-15,2023-03-17,2466,SP,Cível - Outros,319283.49,Provável,0.76,243159.68,112396.71,Ativo
PROC-2026-04549,2015-11-16,2018-07-05,962,SP,Cível - Execução,197192.33,Provável,0.94,184766.11,52601.85,Ativo
PROC-2026-04550,2018-12-17,2022-11-26,1440,SP,Cível - Outros,73899.87,Provável,0.78,57349.54,86530.24,Encerrado
PROC-2026-04551,2016-10-04,2022-10-03,2190,SP,Trabalhista,6661.27,Provável,0.96,6427.53,55468.29,Encerrado
PROC-2026-04552,2017-11-24,2024-06-18,2398,SP,Cível - Execução,139174.2,Provável,0.86,119458.59,82872.99,Encerrado
PROC-2026-04553,2017-12-07,2021-12-20,1474,SP,Cível - Execução,451311.49,Provável,0.95,429743.67,76389.18,Ativo
PROC-2026-04554,2017-07-07,2078-04-18,22200,SP,Trabalhista,187345.0,Provável,0.88,165046.68,592002.72,Ativo
PROC-2026-04555,2018-04-24,2020-07-01,799,SP,Cível - Execução,483584.06,Possível,0.53,241792.03,21069.51,Encerrado
PROC-2026-04556,2015-09-06,2017-08-20,714,SP,Cível - Outros,312364.75,Provável,0.91,285291.32,39008.58,Encerrado
PROC-2026-04557,2016-05-28,2019-06-18,1116,SP,Cível - Outros,79424.57,Provável,0.86,68238.14,70874.71,Encerrado
PROC-2026-04558,2018-05-30,2028-01-13,3515,SP,Cível - Outros,214464.46,Provável,0.84,179551.34,219719.2,Encerrado
PROC-2026-04559,2018-10-28,2021-10-10,1078,SP,Cível - Execução,439772.03,Possível,0.65,219886.02,57265.17,Encerrado
PROC-2026-04560,2015-09-15,2018-05-14,972,SP,Cível - Outros,480894.1,Provável,0.89,426631.77,38509.97,Encerrado
PROC-2026-04561,2017-09-26,2019-10-06,740,SP,Cível - Execução,432963.86,Provável,0.89,386350.12,23314.45,Ativo
PROC-2026-04562,2017-10-19,2020-07-16,1001,SP,Cível - Execução,164470.15,Provável,0.8,131385.11,27721.27,Encerrado
PROC-2026-04563,2018-05-27,2025-11-02,2716,SP,Cível - Indenizatória,348026.77,Provável,0.85,296885.43,48442.76,Encerrado
PROC-2026-04564,2015-06-12,2023-06-02,2912,SP,Cível - Execução,48004.32,Provável,0.97,46391.24,60985.29,Encerrado
PROC-2026-04565,2015-07-27,2017-04-16,629,SP,Cível - Outros,303253.72,Possível,0.42,151626.86,14395.98,Encerrado
PROC-2026-04566,2016-10-17,2022-08-21,2134,SP,Cível - Execução,122612.2,Possível,0.38,61306.1,46657.34,Encerrado
PROC-2026-04567,2017-12-29,2020-10-28,1034,SP,Cível - Execução,259156.84,Provável,0.86,223599.71,25544.47,Ativo
PROC-2026-04568,2018-09-02,2027-06-03,3196,SP,Cível - Outros,71247.98,Provável,0.94,66774.86,159265.22,Encerrado
PROC-2026-04569,2019-07-19,2022-01-04,900,SP,Cível - Execução,406654.7,Provável,0.85,346579.94,26780.0,Ativo
PROC-2026-04570,2016-08-27,2029-10-18,4800,SP,Cível - Indenizatória,271296.98,Possível,0.42,135648.49,315132.65,Ativo
PROC-2026-04571,2018-07-01,2029-01-14,3850,SP,Cível - Execução,193904.37,Provável,0.77,149415.23,98335.55,Ativo
PROC-2026-04572,2018-06-19,2023-05-18,1794,SP,Cível - Execução,351411.89,Provável,0.97,340929.58,107273.89,Ativo
PROC-2026-04573,2019-01-08,2022-08-20,1320,SP,Cível - Execução,487486.73,Provável,0.71,348531.65,80563.91,Ativo
PROC-2026-04574,2019-10-04,2024-12-30,1914,SP,Cível - Execução,42157.29,Provável,0.89,37412.64,53968.77,Encerrado
PROC-2026-04575,2018-12-21,2033-10-24,5421,SP,Cível - Indenizatória,399111.72,Provável,0.97,387641.57,160631.62,Encerrado
PROC-2026-04576,2017-05-14,2029-12-19,4602,SP,Cível - Execução,90825.73,Provável,0.89,80822.43,93392.62,Encerrado
PROC-2026-04577,2018-04-25,2023-06-08,1870,SP,Cível - Execução,214167.7,Provável,0.74,157759.73,70201.84,Ativo
PROC-2026-04578,2015-08-25,2019-02-26,1281,SP,Cível - Outros,132614.38,Provável,0.92,122637.56,50702.82,Encerrado
PROC-2026-04579,2015-01-31,2020-12-10,2140,SP,Cível - Execução,303314.21,Provável,0.8,244021.27,111062.29,Ativo
PROC-2026-04580,2015-01-15,2017-10-19,1008,SP,Cível - Execução,396948.34,Provável,0.87,345476.37,20231.91,Encerrado
PROC-2026-04581,2018-01-31,2023-06-14,1960,SP,Cível - Outros,66128.62,Possível,0.5,33064.31,69416.29,Encerrado
PROC-2026-04582,2019-04-16,2028-05-23,3325,SP,Cível - Outros,418678.81,Provável,0.92,385540.4,135102.17,Encerrado
PROC-2026-04583,2019-02-11,2023-01-12,1431,SP,Cível - Execução,192664.8,Provável,0.88,169758.99,82314.22,Ativo
PROC-2026-04584,2019-04-15,2022-07-06,1178,SP,Cível - Outros,92415.2,Provável,0.76,70602.21,61922.27,Ativo
PROC-2026-04585,2017-10-10,2021-11-09,1491,SP,Cível - Outros,438537.19,Possível,0.52,219268.6,36270.66,Ativo
PROC-2026-04586,2015-11-16,2022-12-13,2584,SP,Cível - Execução,188525.72,Provável,0.74,140045.68,98577.0,Encerrado
PROC-2026-04587,2017-06-12,2020-12-29,1296,SP,Cível - Execução,437588.15,Provável,0.83,361934.88,65901.11,Ativo
PROC-2026-04588,2015-05-02,2024-04-20,3276,SP,Cível - Execução,380313.73,Provável,0.81,307819.37,134966.19,Ativo
PROC-2026-04589,2019-03-04,2024-08-25,2001,SP,Cível - Outros,246515.56,Provável,0.95,234317.15,65424.6,Ativo
PROC-2026-04590,2016-10-03,2021-10-17,1840,SP,Cível - Execução,276586.5,Provável,0.78,215637.92,120689.69,Ativo
PROC-2026-04591,2016-09-17,2020-05-04,1325,SP,Cível - Execução,371355.98,Provável,0.89,329668.18,31713.59,Ativo
PROC-2026-04592,2016-12-24,2021-04-02,1560,SP,Cível - Execução,478029.55,Provável,0.97,462631.25,44176.89,Encerrado
PROC-2026-04593,2015-04-09,2021-03-08,2160,SP,Cível - Outros,444561.5,Possível,0.43,222280.75,82914.89,Encerrado
PROC-2026-04594,2015-08-25,2028-07-23,4716,SP,Cível - Execução,441185.76,Provável,0.77,337744.81,227003.08,Encerrado
PROC-2026-04595,2016-03-12,2020-07-04,1575,SP,Cível - Execução,363849.6,Provável,0.83,301860.96,32081.74,Encerrado
PROC-2026-04596,2019-10-19,2020-06-27,252,SP,Cível - Execução,85368.06,Provável,0.77,65665.91,15365.73,Encerrado
PROC-2026-04597,2018-03-26,2019-03-21,360,SP,Cível - Outros,409775.29,Provável,0.91,371967.41,23651.0,Ativo
PROC-2026-04598,2016-12-27,2021-12-25,1824,SP,Cível - Execução,245113.76,Provável,0.74,181034.85,103617.48,Encerrado
PROC-2026-04599,2018-04-30,2020-05-09,740,SP,Cível - Execução,390038.02,Provável,0.92,359070.59,25210.74,Encerrado
PROC-2026-04600,2019-05-29,2031-04-20,4344,SP,Cível - Execução,401409.61,Provável,0.72,288920.06,108112.53,Encerrado
PROC-2026-04601,2017-07-11,2021-10-05,1547,SP,Cível - Execução,430136.19,Provável,0.85,364632.66,46700.09,Encerrado
PROC-2026-04602,2015-04-13,2016-01-24,286,SP,Cível - Outros,280350.38,Provável,0.97,270650.1,6946.84,Encerrado
PROC-2026-04603,2015-08-15,2021-03-16,2040,SP,Cível - Outros,250552.34,Provável,0.89,223814.77,35340.26,Encerrado
PROC-2026-04604,2015-08-26,2032-12-21,6327,SP,Cível - Execução,279257.97,Provável,0.73,202509.72,388682.21,Encerrado
PROC-2026-04605,2016-09-25,2023-08-16,2516,SP,Cível - Execução,432735.03,Provável,0.73,317265.26,109685.05,Encerrado
PROC-2026-04606,2015-10-16,2017-07-01,624,SP,Cível - Execução,209654.96,Provável,0.72,150044.17,28179.32,Encerrado
PROC-2026-04607,2016-01-15,2026-02-27,3696,SP,Cível - Outros,357568.81,Provável,0.79,283920.62,179926.91,Encerrado
PROC-2026-04608,2016-01-11,2018-05-30,870,SP,Cível - Outros,28124.74,Possível,0.51,14062.37,57898.22,Encerrado
PROC-2026-04609,2015-09-23,2025-02-02,3420,SP,Cível - Execução,392581.74,Provável,0.94,369927.8,152147.29,Encerrado
PROC-2026-04610,2016-10-04,2020-08-25,1421,SP,Cível - Outros,206329.69,Provável,0.85,174354.09,73291.75,Ativo
PROC-2026-04611,2017-04-18,2021-01-07,1360,SP,Cível - Execução,25409.97,Provável,0.8,20274.69,63138.34,Encerrado
PROC-2026-04612,2017-11-29,2022-01-07,1500,SP,Cível - Execução,262810.19,Provável,0.87,227992.57,56462.74,Ativo
PROC-2026-04613,2016-09-09,2019-05-29,992,SP,Cível - Execução,464243.06,Provável,0.78,362279.37,42610.88,Encerrado
PROC-2026-04614,2016-09-21,2020-01-19,1215,SP,Cível - Outros,369704.66,Provável,0.93,344344.05,53116.01,Encerrado
PROC-2026-04615,2016-03-15,2024-09-29,3120,SP,Cível - Outros,49970.89,Provável,0.9,45134.18,99173.72,Encerrado
PROC-2026-04616,2018-11-23,2021-03-04,832,SP,Trabalhista,142009.18,Provável,0.89,126737.86,28081.61,Encerrado
PROC-2026-04617,2017-01-01,2027-01-07,3658,SP,Cível - Outros,166745.04,Provável,0.77,128471.59,133456.05,Ativo
PROC-2026-04618,2015-09-24,2020-03-31,1650,SP,Cível - Execução,72791.7,Provável,0.99,72398.87,63978.52,Encerrado
PROC-2026-04619,2016-01-25,2018-09-20,969,SP,Cível - Outros,7939.28,Provável,0.78,6213.08,38429.8,Ativo
PROC-2026-04620,2017-05-17,2021-02-21,1376,SP,Cível - Outros,247310.14,Provável,0.72,178290.35,48020.71,Ativo
PROC-2026-04621,2016-05-28,2020-01-14,1326,SP,Cível - Execução,100896.56,Provável,0.72,72439.78,49051.06,Encerrado
PROC-2026-04622,2016-03-14,2034-11-07,6812,SP,Cível - Execução,172368.13,Provável,1.0,172219.72,133984.97,Ativo
PROC-2026-04623,2015-08-20,2018-02-02,897,SP,Cível - Outros,154985.9,Provável,0.91,140707.08,22900.45,Ativo
PROC-2026-04624,2017-05-08,2030-08-18,4850,SP,Cível - Execução,376635.05,Possível,0.5,188317.53,181852.06,Ativo
PROC-2026-04625,2017-02-15,2023-02-07,2183,SP,Cível - Outros,320777.68,Provável,0.8,257041.78,127210.21,Ativo
PROC-2026-04626,2017-05-12,2019-03-03,660,SP,Cível - Execução,215360.92,Provável,0.91,196379.71,30045.66,Ativo
PROC-2026-04627,2019-02-10,2022-01-25,1080,SP,Cível - Execução,205503.65,Provável,0.98,200753.85,26946.01,Ativo
PROC-2026-04628,2016-05-16,2021-11-08,2002,SP,Cível - Execução,416557.0,Provável,0.76,315452.88,76364.39,Encerrado
PROC-2026-04629,2018-07-20,2028-04-20,3562,SP,Cível - Execução,306204.75,Provável,0.81,247387.02,72142.91,Encerrado
PROC-2026-04630,2017-01-12,2025-06-19,3080,SP,Cível - Execução,22363.65,Provável,0.72,16008.09,108819.45,Encerrado
PROC-2026-04631,2018-05-11,2022-07-22,1533,SP,Cível - Outros,383128.81,Provável,0.74,284032.73,67562.41,Encerrado
PROC-2026-04632,2019-01-25,2021-07-31,918,SP,Cível - Execução,147328.61,Provável,0.93,137287.94,23953.24,Encerrado
PROC-2026-04633,2019-04-19,2022-05-15,1122,SP,Cível - Outros,266844.22,Provável,0.76,203358.91,70620.35,Ativo
PROC-2026-04634,2016-02-20,2019-06-04,1200,SP,Cível - Outros,54352.17,Possível,0.42,27176.08,69665.66,Encerrado
PROC-2026-04635,2015-06-09,2021-04-08,2130,SP,Cível - Execução,120821.34,Provável,0.92,111368.42,89315.4,Encerrado
PROC-2026-04636,2016-09-07,2019-09-10,1098,SP,Cível - Execução,198027.54,Provável,0.95,188204.88,64692.87,Encerrado
PROC-2026-04637,2015-11-01,2021-11-13,2204,SP,Cível - Outros,186718.56,Provável,0.93,174078.36,99030.73,Encerrado
PROC-2026-04638,2016-11-15,2022-02-05,1908,SP,Cível - Execução,372144.17,Provável,0.72,268694.71,121724.11,Ativo
PROC-2026-04639,2018-11-12,2022-08-21,1378,SP,Cível - Outros,241760.76,Provável,0.89,214556.77,41551.77,Ativo
PROC-2026-04640,2019-01-30,2031-02-24,4408,SP,Cível - Indenizatória,334665.48,Provável,0.84,279640.11,84777.53,Encerrado
PROC-2026-04641,2016-09-24,2024-01-08,2662,SP,Cível - Execução,142691.42,Provável,0.83,118877.41,107061.54,Encerrado
PROC-2026-04642,2016-07-11,2022-08-09,2220,SP,Cível - Indenizatória,424011.11,Provável,0.94,397736.5,113338.93,Encerrado
PROC-2026-04643,2018-12-05,2026-09-24,2850,SP,Cível - Execução,152245.1,Provável,0.92,139630.08,72091.6,Encerrado
PROC-2026-04644,2018-07-27,2019-08-27,396,SP,Cível - Outros,438010.12,Provável,0.77,336625.55,7654.31,Encerrado
PROC-2026-04645,2017-01-19,2026-12-28,3630,SP,Cível - Indenizatória,102464.77,Provável,0.86,88307.99,176025.89,Ativo
PROC-2026-04646,2015-09-11,2020-02-17,1620,SP,Cível - Execução,279396.98,Provável,0.76,211195.99,27873.82,Encerrado
PROC-2026-04647,2015-01-08,2021-03-01,2244,SP,Cível - Outros,20767.55,Provável,0.88,18347.36,110516.26,Ativo
PROC-2026-04648,2019-11-14,2021-12-12,759,SP,Cível - Outros,458612.81,Provável,0.99,454446.41,44738.26,Ativo
PROC-2026-04649,2017-06-30,2021-11-26,1610,SP,Cível - Outros,363868.58,Possível,0.35,181934.29,101004.54,Ativo
PROC-2026-04650,2019-06-27,2020-06-01,340,SP,Cível - Outros,14781.8,Provável,0.87,12928.8,5927.04,Encerrado
PROC-2026-04651,2017-01-18,2025-11-08,3216,SP,Cível - Execução,79317.96,Possível,0.6,39658.98,199937.3,Encerrado
PROC-2026-04652,2018-01-08,2023-01-18,1836,SP,Cível - Execução,91454.36,Possível,0.33,45727.18,63499.81,Ativo
PROC-2026-04653,2017-01-29,2017-11-05,280,SP,Cível - Outros,290223.93,Possível,0.62,145111.97,14902.58,Encerrado
PROC-2026-04654,2016-10-22,2032-01-02,5550,SP,Cível - Execução,364137.7,Provável,0.73,267005.99,231304.05,Encerrado
PROC-2026-04655,2019-08-29,2026-01-08,2324,SP,Cível - Execução,34005.32,Provável,0.82,27839.33,108240.49,Encerrado
PROC-2026-04656,2018-04-22,2023-01-02,1716,SP,Cível - Execução,128194.43,Provável,0.82,105131.49,97287.32,Ativo
PROC-2026-04657,2015-06-01,2031-09-05,5940,SP,Cível - Outros,165965.58,Provável,0.83,138305.06,168811.11,Encerrado
PROC-2026-04658,2015-01-11,2020-04-02,1908,SP,Cível - Outros,440143.23,Provável,0.97,428978.99,66041.78,Encerrado
PROC-2026-04659,2019-05-05,2030-07-21,4095,SP,Cível - Outros,123743.46,Possível,0.52,61871.73,157189.76,Encerrado
PROC-2026-04660,2016-12-31,2027-09-05,3900,SP,Cível - Outros,263059.7,Possível,0.56,131529.85,257731.64,Encerrado
PROC-2026-04661,2015-02-20,2019-03-19,1488,SP,Cível - Execução,381832.71,Provável,0.81,310862.4,87849.78,Encerrado
PROC-2026-04662,2018-11-01,2021-04-01,882,SP,Cível - Execução,5466.16,Possível,0.35,2733.08,27680.06,Ativo
PROC-2026-04663,2016-09-14,2022-10-25,2232,SP,Cível - Outros,10702.89,Provável,0.99,10561.34,108005.87,Encerrado
PROC-2026-04664,2018-02-13,2023-05-12,1914,SP,Cível - Execução,423371.73,Provável,0.92,387581.13,73022.74,Encerrado
PROC-2026-04665,2017-08-29,2022-12-06,1925,SP,Cível - Outros,139325.39,Provável,0.78,108558.16,91811.6,Ativo
PROC-2026-04666,2019-06-18,2026-11-08,2700,SP,Cível - Execução,19054.23,Provável,0.82,15551.74,104038.31,Encerrado
PROC-2026-04667,2018-10-15,2025-04-11,2370,SP,Cível - Outros,184327.32,Provável,0.72,132438.17,57508.48,Encerrado
PROC-2026-04668,2015-07-24,2017-03-15,600,SP,Cível - Execução,88021.38,Provável,0.94,82554.4,22685.31,Encerrado
PROC-2026-04669,2016-05-04,2031-05-23,5497,SP,Cível - Execução,384575.59,Provável,0.98,376025.25,209705.54,Ativo
PROC-2026-04670,2016-01-01,2023-12-29,2919,SP,Cível - Outros,441006.67,Provável,0.7,310323.74,79947.73,Encerrado
PROC-2026-04671,2019-02-20,2028-07-26,3444,SP,Cível - Indenizatória,467861.63,Provável,0.79,368923.24,81406.53,Encerrado
PROC-2026-04672,2016-02-25,2023-08-17,2730,SP,Cível - Outros,432210.53,Possível,0.69,216105.27,54706.27,Ativo
PROC-2026-04673,2018-07-22,2023-12-27,1984,SP,Cível - Execução,277698.15,Provável,0.91,252879.37,64356.73,Encerrado
PROC-2026-04674,2016-09-24,2029-10-06,4760,SP,Cível - Execução,156797.79,Possível,0.67,78398.89,180886.61,Encerrado
PROC-2026-04675,2018-08-02,2022-04-07,1344,SP,Cível - Execução,235619.31,Provável,0.85,199399.71,27719.84,Encerrado
PROC-2026-04676,2018-05-28,2024-08-22,2278,SP,Cível - Execução,299210.65,Provável,0.8,240171.02,149779.8,Ativo
PROC-2026-04677,2017-06-30,2019-09-18,810,SP,Cível - Outros,14303.1,Provável,0.91,13080.4,50907.18,Encerrado
PROC-2026-04678,2016-03-13,2028-04-01,4402,SP,Cível - Execução,48011.78,Provável,0.74,35363.76,159363.46,Encerrado
PROC-2026-04679,2017-10-22,2020-09-01,1045,SP,Cível - Execução,99179.63,Provável,0.72,71300.28,67228.02,Encerrado
PROC-2026-04680,2017-11-29,2022-08-17,1722,SP,Cível - Execução,191741.58,Provável,0.76,146563.44,89433.96,Encerrado
PROC-2026-04681,2016-10-21,2018-04-03,529,SP,Cível - Outros,162208.93,Provável,0.83,134748.77,28269.48,Encerrado
PROC-2026-04682,2018-06-15,2025-08-07,2610,SP,Cível - Execução,59973.07,Provável,0.77,46437.41,52343.29,Encerrado
PROC-2026-04683,2018-02-09,2023-01-24,1810,SP,Cível - Indenizatória,53259.03,Provável,0.77,41269.58,41849.3,Encerrado
PROC-2026-04684,2018-07-15,2024-07-27,2204,SP,Cível - Execução,82312.96,Provável,0.7,57980.04,83502.69,Encerrado
PROC-2026-04685,2017-03-30,2021-02-23,1426,SP,Cível - Execução,239363.76,Possível,0.6,119681.88,25292.52,Encerrado
PROC-2026-04686,2018-09-11,2022-02-22,1260,SP,Cível - Outros,213348.17,Provável,0.97,206142.29,74484.22,Ativo
PROC-2026-04687,2016-10-23,2019-05-09,928,SP,Cível - Execução,345200.88,Provável,0.96,330152.91,22785.16,Ativo
PROC-2026-04688,2017-09-01,2027-06-06,3565,SP,Cível - Execução,352307.72,Provável,0.82,289829.0,136413.62,Encerrado
PROC-2026-04689,2016-12-25,2018-12-10,715,SP,Cível - Outros,171275.62,Provável,0.83,141969.34,18989.88,Encerrado
PROC-2026-04690,2018-12-05,2026-09-13,2839,SP,Cível - Execução,447492.77,Provável,0.83,372270.92,87844.28,Encerrado
PROC-2026-04691,2015-12-01,2024-06-04,3108,SP,Cível - Indenizatória,122107.69,Provável,0.71,86999.47,115136.84,Encerrado
PROC-2026-04692,2015-03-16,2026-11-01,4248,SP,Cível - Execução,158010.46,Provável,0.85,134795.85,172204.86,Encerrado
PROC-2026-04693,2018-02-19,2020-06-18,850,SP,Cível - Outros,87656.74,Provável,0.96,84094.99,55425.59,Encerrado
PROC-2026-04694,2016-03-08,2020-01-24,1417,SP,Cível - Execução,144277.55,Provável,0.9,129177.05,36613.43,Encerrado
PROC-2026-04695,2017-11-25,2020-04-25,882,SP,Cível - Execução,432339.79,Provável,0.72,311489.86,46904.75,Encerrado
PROC-2026-04696,2019-08-30,2025-05-18,2088,SP,Cível - Execução,255762.13,Provável,0.84,213997.58,48744.39,Encerrado
PROC-2026-04697,2018-05-26,2026-02-25,2832,SP,Cível - Execução,367235.55,Provável,0.81,297251.96,117889.06,Encerrado
PROC-2026-04698,2015-05-16,2017-12-07,936,SP,Cível - Execução,316875.59,Provável,0.91,287197.42,29940.62,Ativo
PROC-2026-04699,2019-02-02,2026-05-02,2646,SP,Cível - Outros,72505.92,Provável,0.86,62679.42,147456.07,Ativo
PROC-2026-04700,2018-04-09,2023-12-18,2079,SP,Cível - Execução,333191.98,Provável,0.76,252882.96,78737.56,Encerrado
PROC-2026-04701,2016-08-27,2018-07-30,702,SP,Cível - Outros,393803.35,Possível,0.49,196901.67,46127.19,Ativo
PROC-2026-04702,2018-12-16,2021-01-24,770,SP,Cível - Execução,257205.81,Provável,0.79,202990.37,13247.33,Ativo
PROC-2026-04703,2019-04-12,2024-03-16,1800,SP,Cível - Indenizatória,18767.23,Provável,0.8,14920.08,77959.78,Encerrado
PROC-2026-04704,2015-11-29,2017-11-26,728,SP,Cível - Outros,97111.59,Provável,0.95,92045.15,31729.47,Encerrado
PROC-2026-04705,2018-08-05,2022-12-18,1596,SP,Cível - Execução,241400.55,Provável,0.82,198097.64,100925.48,Ativo
PROC-2026-04706,2016-09-08,2027-11-26,4096,SP,Cível - Execução,135391.74,Provável,0.71,96304.78,239945.95,Encerrado
PROC-2026-04707,2017-03-23,2032-05-12,5529,SP,Cível - Execução,331608.01,Provável,0.93,307967.48,327483.35,Ativo
PROC-2026-04708,2018-05-11,2020-07-02,783,SP,Cível - Execução,230332.11,Provável,0.87,199779.21,43543.35,Ativo
PROC-2026-04709,2018-04-20,2023-06-14,1881,SP,Cível - Execução,485430.99,Provável,1.0,485425.36,36518.33,Ativo
PROC-2026-04710,2018-04-17,2028-01-25,3570,SP,Cível - Execução,173636.51,Provável,0.86,148771.49,210672.46,Ativo
PROC-2026-04711,2017-04-17,2019-08-29,864,SP,Cível - Outros,338397.58,Possível,0.44,169198.79,53339.94,Encerrado
PROC-2026-04712,2015-08-31,2019-07-01,1400,SP,Cível - Execução,381523.26,Provável,0.95,361032.92,24679.67,Encerrado
PROC-2026-04713,2019-03-02,2030-01-27,3984,SP,Cível - Outros,304904.85,Provável,0.86,262999.52,262345.07,Encerrado
PROC-2026-04714,2017-04-25,2021-05-18,1484,SP,Cível - Outros,371878.26,Provável,0.79,291981.85,84008.36,Ativo
PROC-2026-04715,2015-09-27,2018-02-07,864,SP,Cível - Execução,484876.25,Provável,0.92,445155.48,28110.77,Encerrado
PROC-2026-04716,2015-06-12,2022-12-28,2756,SP,Cível - Execução,443411.56,Provável,0.76,338205.74,130432.16,Encerrado
PROC-2026-04717,2018-06-10,2018-09-17,99,SP,Cível - Execução,321283.21,Possível,0.46,160641.61,6034.01,Ativo
PROC-2026-04718,2015-09-27,2022-09-03,2533,SP,Cível - Indenizatória,89780.33,Provável,0.76,68041.55,124776.61,Encerrado
PROC-2026-04719,2018-10-10,2023-02-07,1581,SP,Cível - Execução,98019.1,Provável,0.72,70179.1,41693.11,Encerrado
PROC-2026-04720,2018-06-29,2035-12-12,6375,SP,Cível - Execução,308285.59,Provável,0.84,258925.29,362160.53,Ativo
PROC-2026-04721,2019-08-14,2022-06-02,1023,SP,Cível - Outros,8937.6,Provável,0.98,8759.79,57667.85,Ativo
PROC-2026-04722,2017-01-15,2018-11-06,660,SP,Cível - Execução,358984.28,Provável,0.81,291933.69,36331.81,Ativo
PROC-2026-04723,2019-07-05,2034-03-11,5363,SP,Cível - Indenizatória,445698.68,Provável,0.83,371228.14,169717.53,Encerrado
PROC-2026-04724,2015-03-15,2018-07-21,1224,SP,Cível - Execução,202870.27,Provável,0.71,143856.54,70146.88,Encerrado
PROC-2026-04725,2018-05-22,2026-09-02,3025,SP,Cível - Execução,253058.05,Provável,0.94,238618.17,120345.92,Encerrado
PROC-2026-04726,2017-09-23,2032-04-10,5313,SP,Cível - Execução,182843.9,Provável,0.73,132835.5,294548.92,Encerrado
PROC-2026-04727,2018-11-04,2024-11-16,2204,SP,Cível - Execução,395608.22,Provável,0.88,348131.91,47294.65,Ativo
PROC-2026-04728,2016-01-27,2022-04-13,2268,SP,Cível - Execução,117244.73,Provável,0.86,100971.68,136461.84,Encerrado
PROC-2026-04729,2016-01-16,2020-06-01,1598,SP,Cível - Execução,283830.68,Provável,0.84,238360.99,86742.37,Encerrado
PROC-2026-04730,2019-07-10,2023-12-30,1634,SP,Cível - Execução,405308.48,Possível,0.68,202654.24,87469.75,Encerrado
PROC-2026-04731,2018-07-24,2021-01-19,910,SP,Cível - Outros,130663.98,Provável,0.71,92371.24,30629.12,Encerrado
PROC-2026-04732,2018-02-26,2021-11-07,1350,SP,Cível - Execução,126269.64,Possível,0.56,63134.82,30645.12,Encerrado
PROC-2026-04733,2018-01-05,2019-11-18,682,SP,Cível - Outros,456030.02,Provável,0.79,360348.32,40989.24,Ativo
PROC-2026-04734,2015-01-01,2017-04-26,846,SP,Cível - Execução,103853.4,Provável,0.98,102225.13,14876.98,Ativo
PROC-2026-04735,2019-01-30,2029-01-17,3640,SP,Cível - Execução,197384.07,Provável,0.81,159813.74,148476.83,Encerrado
PROC-2026-04736,2016-05-11,2022-08-03,2275,SP,Cível - Outros,238412.12,Possível,0.49,119206.06,117887.87,Encerrado
PROC-2026-04737,2018-01-02,2028-04-03,3744,SP,Cível - Execução,351077.41,Provável,0.9,317257.96,173770.83,Encerrado
PROC-2026-04738,2017-03-26,2020-08-22,1245,SP,Cível - Execução,65867.98,Provável,0.73,47793.99,79334.04,Ativo
PROC-2026-04739,2015-11-23,2025-12-06,3666,SP,Cível - Execução,409012.15,Possível,0.5,204506.07,122459.03,Encerrado
PROC-2026-04740,2019-07-11,2025-02-13,2044,SP,Cível - Execução,21695.55,Provável,0.81,17585.53,94627.88,Encerrado
PROC-2026-04741,2019-09-30,2034-01-20,5226,SP,Cível - Execução,335739.38,Provável,0.78,261605.36,172998.67,Encerrado
PROC-2026-04742,2019-05-07,2025-07-16,2262,SP,Cível - Outros,162066.45,Provável,0.86,138692.61,96723.92,Ativo
PROC-2026-04743,2019-10-27,2021-06-16,598,SP,Cível - Execução,434644.16,Provável,0.96,419139.15,16833.25,Encerrado
PROC-2026-04744,2016-12-26,2019-07-08,924,SP,Cível - Execução,77641.54,Provável,0.99,77129.56,29350.97,Encerrado
PROC-2026-04745,2015-04-18,2017-04-09,722,SP,Cível - Outros,355056.68,Provável,0.72,257092.16,25143.66,Ativo
PROC-2026-04746,2016-12-29,2021-01-07,1470,SP,Cível - Outros,244887.17,Provável,0.91,222061.19,88273.22,Ativo
PROC-2026-04747,2018-11-14,2026-12-16,2954,SP,Trabalhista,386873.3,Provável,0.71,274432.7,118628.45,Ativo
PROC-2026-04748,2019-09-15,2028-07-19,3230,SP,Cível - Outros,83740.68,Possível,0.53,41870.34,183086.43,Encerrado
PROC-2026-04749,2016-10-26,2023-05-08,2385,SP,Cível - Indenizatória,410915.73,Provável,0.86,353105.96,118776.08,Encerrado
PROC-2026-04750,2016-04-12,2024-08-18,3050,SP,Cível - Indenizatória,302428.65,Provável,0.95,286226.2,170429.67,Encerrado
PROC-2026-04751,2016-05-29,2022-06-30,2223,SP,Cível - Outros,154113.07,Possível,0.51,77056.54,132187.79,Encerrado
PROC-2026-04752,2016-04-08,2022-06-16,2260,SP,Cível - Execução,97281.83,Provável,0.81,79282.12,148698.77,Ativo
PROC-2026-04753,2017-11-11,2019-07-16,612,SP,Cível - Outros,331031.11,Provável,0.87,289086.13,39156.64,Encerrado
PROC-2026-04754,2017-07-22,2021-10-05,1536,SP,Cível - Execução,192066.01,Provável,0.82,157978.24,73852.72,Encerrado
PROC-2026-04755,2016-01-11,2027-03-23,4089,SP,Cível - Execução,351956.81,Provável,0.7,247503.97,242029.88,Encerrado
PROC-2026-04756,2018-11-29,2021-06-14,928,SP,Cível - Execução,160095.02,Provável,0.97,155719.18,30588.89,Encerrado
PROC-2026-04757,2016-12-12,2023-06-14,2375,SP,Cível - Execução,415812.47,Possível,0.33,207906.24,120149.01,Ativo
PROC-2026-04758,2015-11-18,2018-02-20,825,SP,Cível - Execução,158703.68,Provável,0.9,142774.79,43709.64,Ativo
PROC-2026-04759,2019-01-16,2023-11-11,1760,SP,Cível - Outros,212910.0,Provável,0.86,183118.71,74262.87,Ativo
PROC-2026-04760,2015-10-06,2017-05-02,574,SP,Cível - Execução,182245.95,Provável,0.79,144199.16,30671.35,Encerrado
PROC-2026-04761,2019-10-13,2021-09-15,703,SP,Cível - Outros,327126.66,Provável,0.94,306735.64,42614.34,Ativo
PROC-2026-04762,2015-03-20,2028-07-09,4860,SP,Cível - Outros,352632.07,Possível,0.68,176316.04,254253.81,Encerrado
PROC-2026-04763,2019-05-28,2027-06-27,2952,SP,Cível - Execução,412647.75,Provável,0.96,397240.23,128154.45,Encerrado
PROC-2026-04764,2019-08-12,2020-01-15,156,SP,Cível - Outros,78767.48,Possível,0.63,39383.74,7266.17,Encerrado
PROC-2026-04765,2019-10-10,2026-01-21,2295,SP,Cível - Execução,427769.09,Provável,0.71,301956.8,141894.46,Encerrado
PROC-2026-04766,2019-01-19,2023-06-27,1620,SP,Cível - Outros,219231.94,Provável,0.95,207550.78,88330.67,Ativo
PROC-2026-04767,2016-03-23,2030-11-20,5355,SP,Cível - Execução,28527.21,Provável,0.79,22468.12,98592.11,Ativo
PROC-2026-04768,2018-04-05,2040-09-24,8208,SP,Cível - Execução,387121.99,Provável,0.81,313126.48,186080.69,Encerrado
PROC-2026-04769,2016-05-09,2028-09-29,4526,SP,Cível - Execução,205014.77,Possível,0.32,102507.39,296390.36,Encerrado
PROC-2026-04770,2017-01-11,2025-08-02,3125,SP,Trabalhista,246649.34,Provável,0.8,198071.7,135511.97,Encerrado
PROC-2026-04771,2015-06-30,2020-03-24,1729,SP,Cível - Execução,24031.53,Provável,0.84,20157.46,51057.66,Encerrado
PROC-2026-04772,2015-01-31,2028-07-02,4901,SP,Cível - Execução,393802.39,Provável,0.93,366748.33,211151.3,Encerrado
PROC-2026-04773,2015-10-12,2027-09-03,4344,SP,Cível - Execução,420503.43,Provável,0.92,388332.73,192467.25,Encerrado
PROC-2026-04774,2015-04-06,2018-10-23,1296,SP,Cível - Indenizatória,476960.94,Provável,0.8,383450.1,47566.2,Ativo
PROC-2026-04775,2018-10-09,2022-11-27,1510,SP,Cível - Execução,64003.38,Provável,0.93,59352.77,77396.85,Ativo
PROC-2026-04776,2017-01-12,2026-12-07,3616,SP,Cível - Outros,47732.19,Provável,0.93,44564.21,104726.8,Encerrado
PROC-2026-04777,2018-10-15,2027-03-13,3071,SP,Cível - Execução,388229.97,Provável,0.75,290741.41,163087.14,Encerrado
PROC-2026-04778,2017-05-31,2022-01-05,1680,SP,Trabalhista,443126.31,Provável,0.99,438518.84,78711.91,Encerrado
PROC-2026-04779,2018-03-27,2042-02-01,8712,SP,Cível - Execução,80958.88,Provável,0.75,60367.92,529999.38,Ativo
PROC-2026-04780,2018-06-28,2024-02-03,2046,SP,Cível - Execução,95100.68,Provável,0.94,89222.75,111293.19,Encerrado
PROC-2026-04781,2015-07-13,2023-12-13,3075,SP,Cível - Execução,34624.67,Possível,0.36,17312.33,193089.05,Encerrado
PROC-2026-04782,2015-08-26,2025-10-08,3696,SP,Cível - Execução,211083.64,Provável,0.85,178653.17,168391.71,Encerrado
PROC-2026-04783,2019-02-16,2024-09-17,2040,SP,Cível - Outros,452786.37,Provável,0.99,447248.84,106347.33,Encerrado
PROC-2026-04784,2018-11-28,2025-06-04,2380,SP,Cível - Execução,428953.69,Possível,0.55,214476.84,151103.86,Encerrado
PROC-2026-04785,2015-12-03,2022-02-05,2256,SP,Cível - Execução,115226.16,Provável,0.93,107035.61,53797.77,Encerrado
PROC-2026-04786,2016-11-21,2021-03-21,1581,SP,Cível - Indenizatória,341330.37,Provável,0.99,337931.77,84127.67,Encerrado
PROC-2026-04787,2015-01-18,2019-03-10,1512,SP,Cível - Outros,174764.21,Provável,0.84,146208.01,98217.29,Ativo
PROC-2026-04788,2015-05-23,2019-04-27,1435,SP,Cível - Execução,298930.84,Provável,0.94,282030.44,82694.38,Encerrado
PROC-2026-04789,2016-07-26,2022-04-02,2076,SP,Cível - Execução,274118.21,Provável,0.71,193441.94,37020.45,Ativo
PROC-2026-04790,2015-06-28,2021-04-30,2133,SP,Cível - Outros,7391.94,Provável,0.72,5337.9,119226.19,Ativo
PROC-2026-04791,2015-08-04,2021-12-10,2320,SP,Cível - Execução,134043.15,Provável,0.88,117465.74,83645.87,Encerrado
PROC-2026-04792,2016-06-07,2029-12-06,4930,SP,Cível - Indenizatória,283090.12,Provável,0.72,204845.36,151122.12,Encerrado
PROC-2026-04793,2019-10-01,2023-04-23,1300,SP,Cível - Outros,225957.87,Provável,0.72,163151.24,32514.59,Ativo
PROC-2026-04794,2016-11-26,2031-04-12,5250,SP,Cível - Execução,278791.39,Provável,0.78,217974.63,284680.87,Ativo
PROC-2026-04795,2015-10-06,2025-08-10,3596,SP,Cível - Execução,147125.17,Provável,0.96,140524.64,132586.39,Encerrado
PROC-2026-04796,2017-03-25,2024-06-16,2640,SP,Cível - Execução,80844.87,Provável,0.77,62201.86,153690.97,Ativo
PROC-2026-04797,2016-05-08,2019-01-23,990,SP,Cível - Outros,437372.88,Provável,0.95,417373.38,53074.33,Encerrado
PROC-2026-04798,2018-09-22,2029-11-23,4080,SP,Cível - Execução,152232.5,Possível,0.64,76116.25,68479.8,Encerrado
PROC-2026-04799,2017-10-01,2022-04-17,1659,SP,Cível - Execução,91481.87,Possível,0.68,45740.94,38274.02,Ativo
PROC-2026-04800,2018-02-23,2026-04-17,2975,SP,Cível - Execução,356213.61,Provável,0.74,264368.18,157440.07,Ativo
PROC-2026-04801,2016-06-08,2023-09-20,2660,SP,Cível - Execução,254300.92,Provável,0.96,244421.92,79575.74,Ativo
PROC-2026-04802,2015-10-12,2025-06-18,3537,SP,Cível - Outros,233267.81,Possível,0.51,116633.91,221657.04,Ativo
PROC-2026-04803,2016-01-22,2023-11-17,2856,SP,Cível - Execução,477682.49,Provável,0.96,459324.7,73678.78,Encerrado
PROC-2026-04804,2019-03-14,2023-12-14,1736,SP,Cível - Execução,169220.36,Provável,0.75,127172.83,80261.24,Encerrado
PROC-2026-04805,2015-10-24,2017-06-15,600,SP,Cível - Outros,68237.01,Provável,0.83,56895.49,24126.67,Encerrado
PROC-2026-04806,2016-09-05,2029-12-26,4860,SP,Cível - Execução,49955.14,Provável,0.84,42072.3,128034.04,Encerrado
PROC-2026-04807,2015-02-02,2031-07-14,6006,SP,Cível - Outros,49301.28,Provável,0.9,44510.77,143162.17,Encerrado
PROC-2026-04808,2018-05-21,2030-02-02,4275,SP,Cível - Execução,403152.36,Provável,0.76,304691.02,232830.93,Ativo
PROC-2026-04809,2019-08-22,2020-08-13,357,SP,Cível - Execução,390701.79,Provável,0.78,304785.82,20104.16,Ativo
PROC-2026-04810,2016-01-24,2022-05-22,2310,SP,Cível - Execução,248378.09,Provável,0.99,246077.4,68011.45,Encerrado
PROC-2026-04811,2018-09-17,2035-01-03,5952,SP,Cível - Outros,483159.94,Possível,0.45,241579.97,147207.17,Encerrado
PROC-2026-04812,2016-03-23,2018-11-08,960,SP,Cível - Outros,382057.17,Possível,0.4,191028.59,33459.38,Encerrado
PROC-2026-04813,2015-05-20,2024-09-13,3404,SP,Cível - Outros,365423.26,Provável,0.97,356033.61,98221.35,Encerrado
PROC-2026-04814,2018-07-14,2021-10-16,1190,SP,Cível - Outros,482396.36,Provável,0.72,346288.67,64449.93,Ativo
PROC-2026-04815,2017-09-11,2031-04-27,4976,SP,Cível - Outros,174563.03,Provável,0.82,142749.44,119968.04,Encerrado
PROC-2026-04816,2015-08-16,2020-11-29,1932,SP,Cível - Indenizatória,158466.77,Provável,0.93,148027.99,56105.41,Encerrado
PROC-2026-04817,2019-05-16,2022-06-29,1140,SP,Cível - Execução,253911.75,Provável,0.91,230090.1,59654.28,Encerrado
PROC-2026-04818,2015-11-10,2019-06-28,1326,SP,Cível - Execução,180828.32,Provável,0.88,159882.08,62359.37,Ativo
PROC-2026-04819,2018-09-13,2025-05-11,2432,SP,Cível - Execução,182609.31,Provável,0.98,178128.9,139173.92,Ativo
PROC-2026-04820,2015-06-19,2019-11-04,1599,SP,Cível - Outros,141351.62,Provável,0.71,99877.58,35672.17,Ativo
PROC-2026-04821,2016-02-25,2020-03-20,1485,SP,Cível - Execução,311169.64,Provável,0.73,225694.6,96198.05,Encerrado
PROC-2026-04822,2019-02-16,2027-12-31,3240,SP,Cível - Execução,461580.87,Provável,0.89,412837.18,117722.41,Ativo
PROC-2026-04823,2015-11-15,2019-07-21,1344,SP,Cível - Outros,402392.96,Possível,0.69,201196.48,49151.45,Encerrado
PROC-2026-04824,2018-04-24,2023-05-30,1862,SP,Cível - Outros,256481.47,Provável,0.94,242237.68,120728.04,Encerrado
PROC-2026-04825,2019-01-19,2024-09-29,2080,SP,Cível - Execução,102336.52,Provável,0.9,92224.05,72508.4,Encerrado
PROC-2026-04826,2019-11-15,2028-04-21,3080,SP,Cível - Outros,134501.22,Provável,0.92,124124.02,134187.43,Encerrado
PROC-2026-04827,2017-09-20,2029-12-31,4485,SP,Cível - Execução,363968.63,Provável,0.71,259558.91,226980.22,Encerrado
PROC-2026-04828,2015-07-17,2024-10-17,3380,SP,Cível - Execução,186397.37,Provável,0.99,184384.72,209035.23,Encerrado
PROC-2026-04829,2019-04-02,2021-11-06,949,SP,Cível - Execução,325240.34,Possível,0.54,162620.17,47432.11,Ativo
PROC-2026-04830,2019-06-08,2026-06-04,2553,SP,Cível - Indenizatória,267556.13,Provável,0.79,210202.73,80715.72,Encerrado
PROC-2026-04831,2016-03-08,2023-08-11,2712,SP,Cível - Execução,83200.24,Provável,0.87,72562.39,68144.48,Encerrado
PROC-2026-04832,2018-05-09,2035-03-17,6156,SP,Cível - Execução,17861.61,Possível,0.4,8930.81,142840.74,Encerrado
PROC-2026-04833,2017-09-20,2021-07-18,1397,SP,Cível - Execução,449277.35,Provável,0.82,368535.88,37286.88,Ativo
PROC-2026-04834,2017-07-29,2024-11-15,2666,SP,Cível - Execução,371898.87,Provável,0.95,352433.39,125828.01,Encerrado
PROC-2026-04835,2016-10-19,2027-12-11,4070,SP,Cível - Execução,190846.65,Provável,0.73,139946.81,117254.43,Ativo
PROC-2026-04836,2016-04-30,2019-04-07,1072,SP,Cível - Execução,472233.56,Provável,0.85,401160.54,37213.53,Encerrado
PROC-2026-04837,2017-06-07,2020-03-23,1020,SP,Cível - Indenizatória,491343.8,Provável,0.87,427883.21,50289.3,Encerrado
PROC-2026-04838,2019-06-19,2023-09-26,1560,SP,Cível - Indenizatória,466791.56,Provável,0.82,380820.48,30779.08,Encerrado
PROC-2026-04839,2016-04-03,2023-02-02,2496,SP,Cível - Execução,411107.75,Provável,0.96,394898.98,99483.82,Ativo
PROC-2026-04840,2016-11-12,2020-11-01,1450,SP,Cível - Execução,84113.97,Provável,0.71,59957.34,61736.5,Ativo
PROC-2026-04841,2017-08-30,2022-12-02,1920,SP,Cível - Indenizatória,328334.71,Provável,0.8,261632.84,35100.77,Encerrado
PROC-2026-04842,2015-06-28,2030-02-15,5346,SP,Cível - Execução,438319.33,Provável,0.72,314451.15,110639.94,Encerrado
PROC-2026-04843,2019-08-06,2039-09-20,7350,SP,Cível - Execução,346103.3,Possível,0.61,173051.65,285460.57,Encerrado
PROC-2026-04844,2015-10-03,2031-10-09,5850,SP,Cível - Execução,287613.87,Provável,0.98,282627.86,136122.51,Encerrado
PROC-2026-04845,2017-09-01,2036-03-09,6764,SP,Cível - Execução,241721.66,Provável,0.72,174008.0,195863.37,Ativo
PROC-2026-04846,2019-01-12,2026-12-01,2880,SP,Cível - Execução,269704.62,Possível,0.63,134852.31,161536.0,Encerrado
PROC-2026-04847,2015-06-16,2019-02-28,1353,SP,Cível - Execução,364171.48,Provável,0.9,327903.85,81671.02,Encerrado
PROC-2026-04848,2019-09-02,2030-02-24,3828,SP,Cível - Indenizatória,466791.97,Provável,0.91,423278.5,254493.49,Encerrado
PROC-2026-04849,2018-08-28,2037-07-14,6895,SP,Cível - Execução,192379.7,Provável,0.76,145730.33,200664.13,Ativo
PROC-2026-04850,2018-07-11,2023-03-09,1702,SP,Cível - Execução,412117.18,Possível,0.42,206058.59,91683.1,Ativo
PROC-2026-04851,2015-05-30,2020-07-17,1875,SP,Cível - Execução,15922.89,Provável,0.8,12672.69,51118.5,Encerrado
PROC-2026-04852,2016-01-02,2031-10-25,5775,SP,Cível - Execução,482824.72,Possível,0.49,241412.36,147054.68,Ativo
PROC-2026-04853,2016-08-07,2021-05-13,1740,SP,Cível - Outros,105984.87,Possível,0.37,52992.43,65515.88,Encerrado
PROC-2026-04854,2017-03-23,2025-12-22,3196,SP,Cível - Execução,49327.56,Provável,0.72,35636.7,152644.7,Encerrado
PROC-2026-04855,2018-03-15,2038-02-01,7263,SP,Cível - Execução,253482.7,Provável,0.87,220956.79,398993.11,Ativo
PROC-2026-04856,2017-02-02,2020-09-17,1323,SP,Cível - Outros,434837.09,Provável,0.79,342035.38,49419.31,Ativo
PROC-2026-04857,2015-09-29,2019-05-01,1310,SP,Cível - Execução,42822.43,Possível,0.46,21411.22,64517.31,Encerrado
PROC-2026-04858,2016-09-19,2018-08-09,689,SP,Cível - Outros,85333.23,Possível,0.34,42666.61,34430.06,Encerrado
PROC-2026-04859,2018-05-17,2022-06-07,1482,SP,Cível - Execução,415138.58,Provável,0.74,306015.33,72174.19,Encerrado
PROC-2026-04860,2016-05-25,2022-03-03,2108,SP,Cível - Execução,326393.68,Provável,0.74,240131.93,49989.24,Ativo
PROC-2026-04861,2019-09-24,2035-03-06,5642,SP,Cível - Execução,188355.67,Possível,0.34,94177.83,283713.86,Encerrado
PROC-2026-04862,2018-09-04,2026-09-22,2940,SP,Cível - Execução,239120.58,Provável,0.84,200595.9,174477.17,Encerrado
PROC-2026-04863,2016-09-13,2024-07-01,2848,SP,Cível - Outros,389665.6,Provável,0.98,379933.05,145129.79,Ativo
PROC-2026-04864,2016-02-19,2037-05-29,7770,SP,Cível - Execução,351466.42,Provável,0.74,260460.75,258302.08,Encerrado
PROC-2026-04865,2019-09-23,2036-02-29,6003,SP,Cível - Indenizatória,463359.43,Provável,0.74,344058.32,329806.04,Encerrado
PROC-2026-04866,2015-02-21,2018-05-26,1190,SP,Cível - Execução,79273.5,Provável,0.83,65847.23,57211.49,Encerrado
PROC-2026-04867,2017-04-16,2020-08-28,1230,SP,Cível - Outros,93005.21,Possível,0.7,46502.6,63166.89,Encerrado
PROC-2026-04868,2017-10-04,2032-06-23,5376,SP,Cível - Outros,399946.06,Possível,0.56,199973.03,211111.57,Encerrado
PROC-2026-04869,2016-08-06,2026-11-19,3757,SP,Cível - Outros,29565.51,Provável,0.94,27894.09,83799.34,Encerrado
PROC-2026-04870,2015-08-13,2020-08-22,1836,SP,Cível - Outros,433967.15,Provável,0.75,326741.47,74356.67,Ativo
PROC-2026-04871,2017-01-15,2022-06-10,1972,SP,Cível - Execução,326632.78,Provável,0.72,234950.64,53553.87,Ativo
PROC-2026-04872,2017-05-15,2022-10-16,1980,SP,Cível - Execução,256721.74,Provável,0.86,221309.69,130134.66,Ativo
PROC-2026-04873,2015-05-02,2025-11-05,3840,SP,Cível - Execução,436337.74,Provável,0.81,355017.69,243668.64,Encerrado
PROC-2026-04874,2018-11-24,2021-03-31,858,SP,Cível - Execução,180991.92,Provável,0.71,128417.86,56359.37,Encerrado
PROC-2026-04875,2016-12-03,2025-06-24,3125,SP,Cível - Execução,329444.07,Provável,0.8,263661.98,180528.13,Ativo
PROC-2026-04876,2017-08-26,2025-03-28,2771,SP,Cível - Execução,439549.81,Possível,0.67,219774.9,77643.17,Encerrado
PROC-2026-04877,2019-03-09,2024-11-28,2091,SP,Cível - Execução,209424.0,Provável,0.94,196253.72,78528.37,Ativo
PROC-2026-04878,2016-10-06,2027-07-31,3950,SP,Cível - Execução,127280.73,Possível,0.6,63640.37,67412.27,Encerrado
PROC-2026-04879,2015-02-03,2022-05-03,2646,SP,Cível - Execução,119704.8,Provável,0.97,115758.07,153717.05,Encerrado
PROC-2026-04880,2017-07-02,2027-04-06,3565,SP,Cível - Execução,118454.38,Provável,0.9,106684.61,209703.21,Ativo
PROC-2026-04881,2017-01-27,2062-12-22,16765,SP,Cível - Execução,448721.84,Provável,0.87,388360.49,382020.23,Ativo
PROC-2026-04882,2018-10-22,2094-02-09,27504,SP,Cível - Execução,468959.14,Provável,0.93,437228.54,972218.12,Ativo
PROC-2026-04883,2016-11-18,2018-08-24,644,SP,Cível - Outros,106474.46,Provável,0.75,79970.61,34305.26,Encerrado
PROC-2026-04884,2019-11-06,2033-11-02,5110,SP,Cível - Outros,5697.79,Possível,0.47,2848.9,210523.46,Encerrado
PROC-2026-04885,2018-03-03,2023-12-30,2128,SP,Cível - Execução,323298.19,Provável,0.83,269476.07,104553.68,Ativo
PROC-2026-04886,2019-08-16,2029-11-11,3740,SP,Cível - Execução,419396.98,Provável,0.84,350275.1,241505.68,Ativo
PROC-2026-04887,2015-04-30,2019-06-03,1495,SP,Cível - Execução,233740.14,Provável,0.87,202534.21,78595.41,Ativo
PROC-2026-04888,2015-03-06,2022-07-18,2691,SP,Cível - Execução,425903.9,Provável,0.72,306498.75,124622.55,Ativo
PROC-2026-04889,2018-02-08,2026-06-18,3052,SP,Cível - Execução,103301.54,Provável,0.91,93564.43,104365.36,Ativo
PROC-2026-04890,2016-01-03,2018-09-30,1001,SP,Cível - Indenizatória,138786.82,Provável,0.85,117868.41,57663.82,Encerrado
PROC-2026-04891,2015-09-16,2049-12-18,12512,SP,Cível - Execução,233863.24,Provável,0.82,192901.13,790340.77,Encerrado
PROC-2026-04892,2016-05-18,2021-09-22,1953,SP,Cível - Execução,165904.91,Provável,0.79,131120.77,55576.13,Encerrado
PROC-2026-04893,2016-03-11,2019-10-04,1302,SP,Cível - Execução,165821.4,Provável,0.89,147283.74,64246.51,Ativo
PROC-2026-04894,2018-01-04,2022-10-10,1740,SP,Cível - Outros,101121.92,Provável,0.89,90253.91,110747.75,Ativo
PROC-2026-04895,2015-06-19,2020-02-23,1710,SP,Cível - Outros,109424.44,Provável,0.79,86678.17,110880.8,Ativo
PROC-2026-04896,2019-06-28,2030-05-19,3978,SP,Cível - Execução,14997.17,Provável,0.75,11243.25,228797.65,Ativo
PROC-2026-04897,2015-12-15,2022-08-04,2424,SP,Cível - Execução,311481.76,Provável,0.99,309431.06,95446.96,Encerrado
PROC-2026-04898,2016-09-08,2018-03-17,555,SP,Cível - Execução,339787.5,Provável,0.73,247537.39,24023.24,Ativo
PROC-2026-04899,2017-10-17,2021-07-23,1375,SP,Cível - Execução,36306.13,Provável,0.75,27200.24,61193.54,Ativo
PROC-2026-04900,2015-04-04,2021-09-29,2370,SP,Cível - Outros,470707.91,Provável,0.77,363040.24,80534.2,Ativo
PROC-2026-04901,2015-07-09,2016-05-16,312,SP,Cível - Outros,6001.37,Possível,0.68,3000.69,14488.94,Encerrado
PROC-2026-04902,2018-10-11,2032-03-04,4893,SP,Cível - Outros,173583.04,Provável,0.99,172656.06,255182.44,Ativo
PROC-2026-04903,2017-01-07,2026-01-17,3297,SP,Cível - Execução,116119.8,Provável,0.71,81875.28,59613.34,Ativo
PROC-2026-04904,2017-02-15,2023-03-04,2208,SP,Cível - Execução,326568.44,Provável,0.84,275496.55,81274.89,Ativo
PROC-2026-04905,2019-10-29,2022-05-22,936,SP,Cível - Execução,410764.24,Provável,0.84,346419.39,28871.63,Ativo
PROC-2026-04906,2019-02-06,2026-12-26,2880,SP,Trabalhista,482309.36,Provável,0.72,346558.32,58041.57,Ativo
PROC-2026-04907,2019-07-15,2023-06-09,1425,SP,Cível - Execução,271574.35,Provável,0.86,234672.17,56866.41,Encerrado
PROC-2026-04908,2017-05-19,2019-11-17,912,SP,Cível - Execução,464617.17,Provável,0.77,359263.48,29642.15,Ativo
PROC-2026-04909,2016-06-13,2021-04-24,1776,SP,Cível - Execução,252524.9,Possível,0.65,126262.45,95965.28,Ativo
PROC-2026-04910,2018-12-07,2021-04-26,871,SP,Cível - Execução,192724.76,Provável,0.95,182368.89,25009.93,Encerrado
PROC-2026-04911,2019-02-19,2039-02-10,7296,SP,Cível - Execução,421349.48,Provável,0.72,302563.72,452781.82,Encerrado
PROC-2026-04912,2016-02-06,2038-03-12,8070,SP,Cível - Execução,243205.09,Possível,0.61,121602.54,487343.26,Ativo
PROC-2026-04913,2015-10-29,2021-04-08,1988,SP,Cível - Execução,6221.17,Provável,0.82,5131.67,70068.23,Encerrado
PROC-2026-04914,2015-08-15,2025-06-03,3580,SP,Cível - Execução,456882.49,Provável,0.85,390618.57,150108.06,Encerrado
PROC-2026-04915,2015-02-05,2018-12-13,1407,SP,Cível - Outros,26786.48,Provável,0.88,23642.68,61494.96,Ativo
PROC-2026-04916,2016-07-24,2033-08-24,6240,SP,Cível - Outros,74926.17,Possível,0.32,37463.09,363984.31,Ativo
PROC-2026-04917,2016-02-26,2021-01-01,1771,SP,Cível - Indenizatória,306137.46,Provável,0.9,276270.68,94947.63,Encerrado
PROC-2026-04918,2018-04-22,2043-05-26,9165,SP,Cível - Indenizatória,127094.53,Provável,0.94,118890.92,266151.27,Encerrado
PROC-2026-04919,2019-02-10,2024-02-03,1819,SP,Cível - Execução,216049.44,Provável,0.7,151594.55,107979.55,Encerrado
PROC-2026-04920,2019-06-25,2023-12-01,1620,SP,Cível - Execução,249004.52,Provável,0.87,217063.18,56673.23,Ativo
PROC-2026-04921,2015-09-19,2024-06-15,3192,SP,Cível - Outros,316857.24,Provável,0.81,256460.82,69267.83,Encerrado
PROC-2026-04922,2018-10-27,2022-12-05,1500,SP,Cível - Outros,27794.28,Provável,0.8,22106.38,37564.99,Encerrado
PROC-2026-04923,2017-12-10,2028-07-09,3864,SP,Cível - Indenizatória,203811.7,Provável,0.72,146179.53,242821.85,Encerrado
PROC-2026-04924,2018-10-17,2025-02-06,2304,SP,Cível - Execução,255757.3,Possível,0.59,127878.65,75636.0,Ativo
PROC-2026-04925,2017-02-07,2020-11-30,1392,SP,Cível - Outros,127647.37,Provável,0.97,124423.23,56974.2,Encerrado
PROC-2026-04926,2017-03-06,2030-08-01,4896,SP,Cível - Outros,366962.53,Provável,0.96,352048.03,245404.59,Ativo
PROC-2026-04927,2019-04-25,2042-05-30,8436,SP,Cível - Outros,411145.53,Provável,0.71,291011.08,415565.12,Ativo
PROC-2026-04928,2016-10-01,2027-02-06,3780,SP,Cível - Execução,367093.7,Provável,0.99,364198.97,249902.84,Encerrado
PROC-2026-04929,2017-02-02,2029-08-25,4587,SP,Cível - Execução,270154.64,Provável,0.85,229161.74,105082.34,Encerrado
PROC-2026-04930,2018-09-09,2020-03-23,561,SP,Cível - Execução,110233.05,Provável,0.84,92667.78,17193.57,Encerrado
PROC-2026-04931,2018-01-05,2022-07-10,1647,SP,Cível - Outros,195526.86,Provável,0.74,144194.82,74558.68,Encerrado
PROC-2026-04932,2015-06-25,2037-06-04,8015,SP,Cível - Execução,87611.84,Provável,0.86,75256.91,150124.69,Ativo
PROC-2026-04933,2017-02-05,2026-10-16,3540,SP,Cível - Indenizatória,66530.23,Provável,0.95,63162.44,60454.66,Encerrado
PROC-2026-04934,2018-10-03,2027-05-15,3146,SP,Cível - Execução,337070.81,Provável,0.97,328324.12,180013.84,Encerrado
PROC-2026-04935,2015-06-18,2019-12-24,1650,SP,Cível - Execução,412949.23,Provável,0.97,402103.81,78738.41,Ativo
PROC-2026-04936,2017-01-06,2023-09-04,2432,SP,Cível - Execução,57051.41,Possível,0.39,28525.7,41358.75,Encerrado
PROC-2026-04937,2019-11-27,2041-01-17,7722,SP,Cível - Outros,250475.11,Provável,0.85,213418.53,397917.31,Ativo
PROC-2026-04938,2016-03-08,2026-12-03,3922,SP,Cível - Execução,157314.36,Provável,0.95,149467.83,122020.37,Encerrado
PROC-2026-04939,2016-02-24,2025-01-15,3248,SP,Cível - Execução,353456.56,Provável,0.93,327031.43,172580.75,Ativo
PROC-2026-04940,2019-09-13,2027-05-22,2808,SP,Cível - Execução,192410.42,Provável,0.7,135529.63,183457.15,Encerrado
PROC-2026-04941,2017-06-11,2022-04-21,1775,SP,Cível - Execução,468999.44,Provável,0.76,356023.92,67454.62,Ativo
PROC-2026-04942,2016-05-03,2020-12-24,1696,SP,Cível - Execução,494074.71,Provável,0.93,460687.62,44209.53,Ativo
PROC-2026-04943,2016-10-20,2021-04-17,1640,SP,Cível - Outros,464409.76,Provável,0.84,389466.26,62090.49,Ativo
PROC-2026-04944,2017-12-17,2023-07-13,2034,SP,Cível - Execução,60304.43,Possível,0.43,30152.22,109311.88,Encerrado
PROC-2026-04945,2015-02-15,2017-09-20,948,SP,Cível - Execução,365822.33,Provável,0.93,340823.05,26072.61,Encerrado
PROC-2026-04946,2016-09-08,2022-11-06,2250,SP,Cível - Execução,393690.18,Provável,0.84,331970.21,51108.0,Encerrado
PROC-2026-04947,2015-08-13,2018-09-20,1134,SP,Cível - Execução,288372.12,Provável,0.89,256313.81,48725.31,Ativo
PROC-2026-04948,2015-07-28,2019-04-26,1368,SP,Cível - Execução,153743.11,Provável,0.77,118684.78,23997.78,Encerrado
PROC-2026-04949,2017-01-21,2024-03-09,2604,SP,Cível - Execução,177027.9,Provável,0.74,130517.61,162965.27,Ativo
PROC-2026-04950,2019-09-08,2039-11-13,7371,SP,Cível - Execução,44114.39,Provável,0.97,42714.28,302881.4,Encerrado
PROC-2026-04951,2015-10-08,2019-03-09,1248,SP,Cível - Execução,61047.67,Provável,0.81,49363.22,51234.35,Ativo
PROC-2026-04952,2017-10-15,2036-12-20,7006,SP,Cível - Execução,25752.14,Provável,0.92,23797.2,347541.54,Ativo
PROC-2026-04953,2018-08-25,2019-12-14,476,SP,Cível - Execução,90281.13,Provável,0.76,68372.2,13729.37,Ativo
PROC-2026-04954,2019-08-10,2030-07-13,3990,SP,Cível - Outros,53492.29,Possível,0.65,26746.14,162729.88,Ativo
PROC-2026-04955,2016-01-16,2032-12-14,6177,SP,Cível - Execução,9125.84,Provável,0.94,8553.26,144536.27,Encerrado
PROC-2026-04956,2018-04-29,2026-09-25,3071,SP,Cível - Execução,407269.96,Provável,0.99,401414.52,65636.15,Encerrado
PROC-2026-04957,2019-12-03,2028-07-24,3156,SP,Cível - Execução,11040.34,Provável,0.78,8567.04,209660.01,Ativo
PROC-2026-04958,2019-03-13,2022-11-04,1332,SP,Cível - Outros,355606.25,Provável,0.9,320917.47,69803.65,Ativo
PROC-2026-04959,2016-04-09,2023-12-09,2800,SP,Cível - Execução,408200.6,Provável,0.85,346026.19,175656.99,Encerrado
PROC-2026-04960,2015-07-09,2035-06-14,7280,SP,Cível - Indenizatória,438850.65,Provável,0.71,311973.04,147523.12,Ativo
PROC-2026-04961,2019-02-21,2026-01-23,2528,SP,Cível - Outros,293741.56,Provável,0.99,290749.13,168427.62,Encerrado
PROC-2026-04962,2018-03-01,2021-08-24,1272,SP,Cível - Indenizatória,176124.37,Provável,0.99,175190.16,34834.83,Ativo
PROC-2026-04963,2018-11-22,2021-09-24,1037,SP,Cível - Execução,465244.58,Provável,0.77,359770.56,21626.13,Ativo
PROC-2026-04964,2019-05-21,2033-01-05,4978,SP,Cível - Execução,331459.8,Provável,0.99,329111.2,150453.26,Ativo
PROC-2026-04965,2017-06-14,2022-09-16,1920,SP,Cível - Execução,217489.67,Provável,0.86,186152.59,77469.35,Ativo
PROC-2026-04966,2017-02-21,2020-10-03,1320,SP,Cível - Execução,200184.61,Provável,0.85,169606.65,83860.63,Ativo
PROC-2026-04967,2019-07-01,2026-08-17,2604,SP,Cível - Outros,442721.02,Possível,0.62,221360.51,87501.25,Ativo
PROC-2026-04968,2017-01-21,2021-10-03,1716,SP,Cível - Execução,34636.73,Possível,0.62,17318.36,97716.65,Encerrado
PROC-2026-04969,2017-02-27,2022-10-05,2046,SP,Cível - Execução,279655.3,Provável,0.91,253586.39,102482.87,Ativo
PROC-2026-04970,2015-03-11,2025-01-21,3604,SP,Cível - Execução,303431.55,Provável,0.94,285089.59,151327.33,Ativo
PROC-2026-04971,2017-11-09,2026-11-26,3304,SP,Cível - Execução,65171.92,Provável,0.96,62248.39,209878.23,Ativo
PROC-2026-04972,2017-11-18,2029-09-25,4329,SP,Cível - Execução,377536.23,Provável,0.81,304123.16,237130.43,Ativo
PROC-2026-04973,2017-01-24,2019-01-14,720,SP,Cível - Outros,218797.1,Possível,0.56,109398.55,19381.79,Ativo
PROC-2026-04974,2015-04-15,2019-07-29,1566,SP,Cível - Execução,426222.47,Provável,0.97,412857.29,67688.17,Ativo
PROC-2026-04975,2017-01-21,2030-01-05,4732,SP,Cível - Execução,219591.91,Provável,0.76,166151.97,90897.31,Ativo
PROC-2026-04976,2016-07-12,2030-05-18,5058,SP,Cível - Execução,365606.53,Provável,0.74,270704.97,184656.35,Ativo
PROC-2026-04977,2016-11-06,2039-07-17,8288,SP,Cível - Execução,163101.08,Provável,0.97,159012.54,215310.74,Ativo
PROC-2026-04978,2016-01-22,2019-03-07,1140,SP,Cível - Outros,215894.28,Provável,0.79,170599.27,43365.67,Encerrado
PROC-2026-04979,2017-12-18,2031-08-10,4983,SP,Cível - Execução,434940.69,Provável,0.95,413696.68,155827.82,Ativo
PROC-2026-04980,2019-02-23,2020-07-29,522,SP,Cível - Execução,426170.78,Provável,0.81,344277.63,11134.89,Ativo
PROC-2026-04981,2018-08-20,2024-12-29,2323,SP,Cível - Execução,25214.22,Provável,0.79,19997.79,60485.55,Ativo
PROC-2026-04982,2018-09-24,2025-03-21,2370,SP,Cível - Execução,94338.71,Provável,0.73,68818.61,106136.04,Ativo
PROC-2026-04983,2016-05-21,2022-10-17,2340,SP,Cível - Execução,48564.48,Provável,0.95,45925.47,45494.26,Ativo
PROC-2026-04984,2016-04-22,2028-06-15,4437,SP,Cível - Execução,319398.45,Provável,0.99,315366.96,238186.5,Ativo
PROC-2026-04985,2017-08-19,2029-12-02,4488,SP,Cível - Execução,346358.57,Provável,0.84,292360.98,297938.6,Ativo
PROC-2026-04986,2016-10-29,2023-01-02,2256,SP,Cível - Execução,177178.6,Provável,0.79,139532.45,99011.22,Ativo
PROC-2026-04987,2015-03-05,2026-09-03,4200,SP,Cível - Indenizatória,102003.72,Provável,0.81,82307.98,246854.71,Encerrado
PROC-2026-04988,2019-05-15,2025-07-30,2268,SP,Cível - Execução,492688.84,Possível,0.44,246344.42,101640.75,Ativo
PROC-2026-04989,2018-11-04,2030-12-15,4424,SP,Cível - Execução,168721.42,Provável,0.78,131645.86,109885.82,Encerrado
PROC-2026-04990,2019-08-05,2023-08-29,1485,SP,Cível - Execução,427733.8,Provável,0.84,360662.33,80671.3,Ativo
PROC-2026-04991,2016-03-30,2029-04-21,4770,SP,Cível - Execução,9512.22,Provável,0.99,9430.47,290125.69,Ativo
PROC-2026-04992,2019-02-03,2034-11-23,5772,SP,Cível - Execução,406262.0,Provável,0.84,340254.38,131636.17,Encerrado
PROC-2026-04993,2016-10-26,2025-06-11,3150,SP,Cível - Indenizatória,429185.39,Possível,0.4,214592.7,166142.4,Ativo
PROC-2026-04994,2017-04-11,2038-08-31,7812,SP,Cível - Execução,330997.35,Possível,0.32,165498.67,325334.5,Ativo
PROC-2026-04995,2017-10-30,2026-05-04,3108,SP,Trabalhista,375776.95,Provável,0.86,322479.35,165449.71,Ativo
PROC-2026-04996,2015-03-10,2022-08-20,2720,SP,Cível - Execução,483796.44,Possível,0.65,241898.22,47206.2,Ativo
PROC-2026-04997,2015-08-08,2028-07-09,4719,SP,Cível - Execução,174630.24,Provável,0.79,137378.55,186035.88,Ativo
PROC-2026-04998,2019-07-03,2027-03-15,2812,SP,Cível - Execução,50556.64,Provável,0.85,42972.51,99711.99,Ativo
PROC-2026-04999,2017-04-08,2023-09-04,2340,SP,Cível - Outros,184851.08,Provável,0.73,135412.16,43191.66,Ativo
